Target;TarNum_COW;Year;Supporter;SupNum_COW;NumNAG_S;Num_S_SafeMem;Num_S_SafeLead;Num_S_HeadQuar;Num_S_TrainCamp;Num_S_Training;Num_S_WeaponLog;Num_S_FinAid;Num_S_Transport;Num_S_Troop;Num_S_Other
Afghanistan;700;1970;Iran;630;0;0;0;0;0;0;0;0;0;0;0
Afghanistan;700;1970;Pakistan;770;1;0;0;1;0;0;0;0;0;0;0
Afghanistan;700;1971;Iran;630;0;0;0;0;0;0;0;0;0;0;0
Afghanistan;700;1971;Pakistan;770;1;0;0;1;0;0;0;0;0;0;0
Afghanistan;700;1972;Iran;630;0;0;0;0;0;0;0;0;0;0;0
Afghanistan;700;1972;Pakistan;770;1;0;0;1;0;0;0;0;0;0;0
Afghanistan;700;1973;Iran;630;0;0;0;0;0;0;0;0;0;0;0
Afghanistan;700;1973;Pakistan;770;1;0;0;1;0;0;0;0;0;0;0
Afghanistan;700;1974;Iran;630;0;0;0;0;0;0;0;0;0;0;0
Afghanistan;700;1974;Pakistan;770;1;0;0;1;0;0;0;0;0;0;0
Afghanistan;700;1975;Iran;630;0;0;0;0;0;0;0;0;0;0;0
Afghanistan;700;1975;Pakistan;770;1;0;0;1;0;0;0;0;0;0;0
Afghanistan;700;1975;"Saudi Arabia";670;0;0;0;0;0;0;0;0;0;0;0
Afghanistan;700;1975;"United States of America";2;0;0;0;0;0;0;0;0;0;0;0
Afghanistan;700;1976;Iran;630;0;0;0;0;0;0;0;0;0;0;0
Afghanistan;700;1976;Pakistan;770;1;0;0;1;0;0;0;0;0;0;0
Afghanistan;700;1976;"Saudi Arabia";670;0;0;0;0;0;0;0;0;0;0;0
Afghanistan;700;1976;"United States of America";2;0;0;0;0;0;0;0;0;0;0;0
Afghanistan;700;1977;Iran;630;0;0;0;0;0;0;0;0;0;0;0
Afghanistan;700;1977;Pakistan;770;1;0;0;1;0;0;0;0;0;0;0
Afghanistan;700;1977;"Saudi Arabia";670;0;0;0;0;0;0;0;0;0;0;0
Afghanistan;700;1977;"United States of America";2;0;0;0;0;0;0;0;0;0;0;0
Afghanistan;700;1978;Iran;630;1;0;0;1;0;0;0;0;0;0;0
Afghanistan;700;1978;Pakistan;770;2;0;0;2;0;0;0;0;0;0;0
Afghanistan;700;1978;"Saudi Arabia";670;0;0;0;0;0;0;0;0;0;0;0
Afghanistan;700;1978;"United States of America";2;0;0;0;0;0;0;0;0;0;0;0
Afghanistan;700;1979;Iran;630;1;0;0;1;0;0;0;0;0;0;0
Afghanistan;700;1979;Pakistan;770;5;0;1;3;1;0;1;1;0;0;1
Afghanistan;700;1979;"Saudi Arabia";670;0;0;0;0;0;0;0;0;0;0;0
Afghanistan;700;1979;"United States of America";2;1;0;0;0;0;0;1;1;0;0;0
Afghanistan;700;1980;China;710;1;0;0;0;0;0;1;1;0;0;0
Afghanistan;700;1980;Iran;630;1;0;0;1;0;0;0;0;0;0;0
Afghanistan;700;1980;Pakistan;770;7;3;3;4;1;0;1;2;1;0;1
Afghanistan;700;1980;"Saudi Arabia";670;2;0;0;0;0;0;1;2;0;0;0
Afghanistan;700;1980;"United Arab Emirates";696;1;0;0;0;0;0;1;1;0;0;0
Afghanistan;700;1980;"United States of America";2;2;0;0;0;0;0;2;2;0;0;0
Afghanistan;700;1981;China;710;0;0;0;0;0;0;0;0;0;0;0
Afghanistan;700;1981;Iran;630;2;1;1;2;0;0;0;0;0;0;0
Afghanistan;700;1981;Pakistan;770;7;2;4;5;1;0;1;2;1;0;1
Afghanistan;700;1981;"Saudi Arabia";670;2;0;0;0;0;0;0;2;0;0;0
Afghanistan;700;1981;"United Arab Emirates";696;0;0;0;0;0;0;0;0;0;0;0
Afghanistan;700;1981;"United States of America";2;2;0;0;0;0;0;2;2;0;0;0
Afghanistan;700;1982;China;710;0;0;0;0;0;0;0;0;0;0;0
Afghanistan;700;1982;Iran;630;2;0;1;2;0;0;0;0;0;0;0
Afghanistan;700;1982;Pakistan;770;7;2;4;6;1;0;1;2;1;0;1
Afghanistan;700;1982;"Saudi Arabia";670;2;0;0;0;0;0;0;2;0;0;0
Afghanistan;700;1982;"United Arab Emirates";696;0;0;0;0;0;0;0;0;0;0;0
Afghanistan;700;1982;"United States of America";2;2;0;0;0;0;0;2;2;0;0;0
Afghanistan;700;1983;China;710;0;0;0;0;0;0;0;0;0;0;0
Afghanistan;700;1983;Iran;630;2;0;1;2;0;0;0;0;0;0;0
Afghanistan;700;1983;Pakistan;770;7;2;4;6;1;0;1;2;1;0;1
Afghanistan;700;1983;"Saudi Arabia";670;2;0;0;0;0;0;0;2;0;0;0
Afghanistan;700;1983;"United Arab Emirates";696;0;0;0;0;0;0;0;0;0;0;0
Afghanistan;700;1983;"United States of America";2;2;0;0;0;0;0;2;2;0;0;0
Afghanistan;700;1984;China;710;0;0;0;0;0;0;0;0;0;0;0
Afghanistan;700;1984;Iran;630;2;0;1;2;0;0;0;0;0;0;0
Afghanistan;700;1984;Pakistan;770;7;2;4;6;1;0;1;2;1;0;1
Afghanistan;700;1984;"Saudi Arabia";670;2;0;0;0;0;0;0;2;0;0;0
Afghanistan;700;1984;"United Arab Emirates";696;0;0;0;0;0;0;0;0;0;0;0
Afghanistan;700;1984;"United States of America";2;2;0;0;0;0;0;2;2;0;0;0
Afghanistan;700;1985;China;710;0;0;0;0;0;0;0;0;0;0;0
Afghanistan;700;1985;Iran;630;2;0;1;2;0;0;0;0;0;0;0
Afghanistan;700;1985;Pakistan;770;7;3;4;6;1;0;1;2;1;0;1
Afghanistan;700;1985;"Saudi Arabia";670;2;0;0;0;0;0;0;2;0;0;0
Afghanistan;700;1985;"United Arab Emirates";696;0;0;0;0;0;0;0;0;0;0;0
Afghanistan;700;1985;"United States of America";2;3;0;0;0;0;0;3;2;0;0;0
Afghanistan;700;1986;China;710;0;0;0;0;0;0;0;0;0;0;0
Afghanistan;700;1986;Iran;630;2;0;1;1;0;0;0;0;0;0;0
Afghanistan;700;1986;Pakistan;770;7;4;4;6;1;0;2;2;1;0;1
Afghanistan;700;1986;"Saudi Arabia";670;2;0;0;0;0;0;0;2;0;0;0
Afghanistan;700;1986;"United Arab Emirates";696;0;0;0;0;0;0;0;0;0;0;0
Afghanistan;700;1986;"United States of America";2;3;0;0;0;0;0;3;2;0;0;0
Afghanistan;700;1987;China;710;0;0;0;0;0;0;0;0;0;0;0
Afghanistan;700;1987;Iran;630;2;0;1;1;0;0;0;0;0;0;0
Afghanistan;700;1987;Pakistan;770;7;4;5;6;1;0;1;2;2;0;1
Afghanistan;700;1987;"Saudi Arabia";670;2;0;0;0;0;0;0;2;0;0;0
Afghanistan;700;1987;"United Arab Emirates";696;0;0;0;0;0;0;0;0;0;0;0
Afghanistan;700;1987;"United States of America";2;3;0;0;0;0;0;3;2;0;0;0
Afghanistan;700;1988;China;710;0;0;0;0;0;0;0;0;0;0;0
Afghanistan;700;1988;Iran;630;1;0;0;1;0;0;0;0;0;0;0
Afghanistan;700;1988;Pakistan;770;7;3;6;6;1;0;1;1;1;0;1
Afghanistan;700;1988;"Saudi Arabia";670;1;0;0;0;0;0;0;1;0;0;0
Afghanistan;700;1988;"United Arab Emirates";696;0;0;0;0;0;0;0;0;0;0;0
Afghanistan;700;1988;"United States of America";2;3;0;0;0;0;0;3;1;0;0;0
Afghanistan;700;1989;China;710;0;0;0;0;0;0;0;0;0;0;0
Afghanistan;700;1989;Iran;630;1;0;1;0;0;1;1;1;0;0;0
Afghanistan;700;1989;Pakistan;770;6;2;6;6;1;0;1;1;1;0;1
Afghanistan;700;1989;"Saudi Arabia";670;1;0;0;0;0;0;0;1;0;0;0
Afghanistan;700;1989;"United Arab Emirates";696;0;0;0;0;0;0;0;0;0;0;0
Afghanistan;700;1989;"United States of America";2;3;0;0;0;0;0;3;1;0;0;0
Afghanistan;700;1990;Iran;630;1;0;1;0;0;1;1;1;0;0;0
Afghanistan;700;1990;Pakistan;770;5;0;5;4;0;0;1;1;0;0;0
Afghanistan;700;1990;"Saudi Arabia";670;1;0;0;0;0;0;0;1;0;0;0
Afghanistan;700;1990;"United States of America";2;1;0;0;0;0;0;1;0;0;0;0
Afghanistan;700;1991;Iran;630;1;0;1;0;0;1;1;1;0;0;0
Afghanistan;700;1991;Pakistan;770;5;0;4;4;0;0;1;1;0;0;0
Afghanistan;700;1991;"Saudi Arabia";670;1;0;0;0;0;0;0;1;0;0;0
Afghanistan;700;1991;"United States of America";2;1;0;0;0;0;0;1;0;0;0;0
Afghanistan;700;1992;Iran;630;2;0;1;0;0;1;2;2;0;0;0
Afghanistan;700;1992;Pakistan;770;4;0;3;4;0;0;1;1;0;0;0
Afghanistan;700;1992;"Saudi Arabia";670;1;0;0;0;0;0;0;1;0;0;0
Afghanistan;700;1992;Turkey;640;0;0;0;0;0;0;0;0;0;0;0
Afghanistan;700;1992;Turkmenistan;701;0;0;0;0;0;0;0;0;0;0;0
Afghanistan;700;1992;"United States of America";2;1;0;0;0;0;0;1;0;0;0;0
Afghanistan;700;1992;Uzbekistan;704;1;0;0;0;0;0;1;0;0;0;0
Afghanistan;700;1993;Iran;630;2;0;1;0;0;1;2;1;0;0;0
Afghanistan;700;1993;Pakistan;770;1;0;0;0;0;0;1;1;0;0;0
Afghanistan;700;1993;"Saudi Arabia";670;1;0;0;0;0;0;0;1;0;0;0
Afghanistan;700;1993;Turkey;640;0;0;0;0;0;0;0;0;0;0;0
Afghanistan;700;1993;Turkmenistan;701;0;0;0;0;0;0;0;0;0;0;0
Afghanistan;700;1993;"United States of America";2;1;0;0;0;0;0;1;0;0;0;0
Afghanistan;700;1993;Uzbekistan;704;1;0;0;0;0;0;1;0;0;0;0
Afghanistan;700;1994;Iran;630;2;0;1;0;0;1;2;1;0;0;0
Afghanistan;700;1994;Pakistan;770;1;0;0;0;0;0;1;1;0;0;0
Afghanistan;700;1994;"Saudi Arabia";670;1;0;0;0;0;0;0;1;0;0;0
Afghanistan;700;1994;Turkey;640;0;0;0;0;0;0;0;0;0;0;0
Afghanistan;700;1994;Turkmenistan;701;0;0;0;0;0;0;0;0;0;0;0
Afghanistan;700;1994;"United Arab Emirates";696;0;0;0;0;0;0;0;0;0;0;0
Afghanistan;700;1994;"United States of America";2;1;0;0;0;0;0;1;0;0;0;0
Afghanistan;700;1994;Uzbekistan;704;1;0;0;0;0;0;1;0;0;0;0
Afghanistan;700;1995;Iran;630;2;0;1;0;0;1;2;1;0;0;0
Afghanistan;700;1995;Pakistan;770;1;0;0;0;0;1;1;1;0;0;0
Afghanistan;700;1995;"Saudi Arabia";670;2;0;0;0;0;0;0;2;0;0;0
Afghanistan;700;1995;Turkey;640;0;0;0;0;0;0;0;0;0;0;0
Afghanistan;700;1995;Turkmenistan;701;0;0;0;0;0;0;0;0;0;0;0
Afghanistan;700;1995;"United Arab Emirates";696;1;0;0;0;0;0;0;1;0;0;0
Afghanistan;700;1995;"United States of America";2;1;0;0;0;0;0;1;0;0;0;0
Afghanistan;700;1995;Uzbekistan;704;1;0;0;0;0;0;1;0;0;0;0
Afghanistan;700;1996;Iran;630;3;0;1;0;0;1;3;1;0;0;0
Afghanistan;700;1996;Pakistan;770;1;0;0;1;0;1;1;1;0;0;0
Afghanistan;700;1996;"Saudi Arabia";670;2;0;0;0;0;0;0;2;0;0;0
Afghanistan;700;1996;"Soviet Union/Russia";365;0;0;0;0;0;0;0;0;0;0;0
Afghanistan;700;1996;Tajikistan;702;0;0;0;0;0;0;0;0;0;0;0
Afghanistan;700;1996;Turkey;640;0;0;0;0;0;0;0;0;0;0;0
Afghanistan;700;1996;Turkmenistan;701;0;0;0;0;0;0;0;0;0;0;0
Afghanistan;700;1996;"United Arab Emirates";696;1;0;0;0;0;0;0;1;0;0;0
Afghanistan;700;1996;"United Kingdom";200;0;0;0;0;0;0;0;0;0;0;0
Afghanistan;700;1996;"United States of America";2;1;0;0;0;0;0;1;0;0;0;0
Afghanistan;700;1996;Uzbekistan;704;1;0;0;0;0;0;1;0;0;0;0
Afghanistan;700;1997;Iran;630;3;0;1;0;0;1;3;2;0;0;0
Afghanistan;700;1997;Pakistan;770;1;0;0;1;0;1;1;1;0;0;0
Afghanistan;700;1997;"Saudi Arabia";670;2;0;0;0;0;0;0;2;0;0;0
Afghanistan;700;1997;"Soviet Union/Russia";365;1;0;0;0;0;0;1;1;0;0;0
Afghanistan;700;1997;Tajikistan;702;1;0;0;0;0;0;0;0;1;0;0
Afghanistan;700;1997;Turkey;640;0;0;0;0;0;0;0;0;0;0;0
Afghanistan;700;1997;Turkmenistan;701;0;0;0;0;0;0;0;0;0;0;0
Afghanistan;700;1997;"United Arab Emirates";696;1;0;0;0;0;0;0;1;0;0;0
Afghanistan;700;1997;"United Kingdom";200;0;0;0;0;0;0;0;0;0;0;0
Afghanistan;700;1997;"United States of America";2;0;0;0;0;0;0;0;0;0;0;0
Afghanistan;700;1997;Uzbekistan;704;1;0;0;0;0;0;1;0;0;0;0
Afghanistan;700;1998;Iran;630;4;0;1;0;0;1;4;2;0;0;0
Afghanistan;700;1998;Pakistan;770;1;0;0;1;1;1;1;1;0;0;0
Afghanistan;700;1998;"Saudi Arabia";670;2;0;0;0;0;0;1;2;0;0;0
Afghanistan;700;1998;"Soviet Union/Russia";365;1;0;0;0;0;1;1;1;0;0;0
Afghanistan;700;1998;Tajikistan;702;1;0;0;0;0;0;1;0;1;0;0
Afghanistan;700;1998;Turkey;640;0;0;0;0;0;0;0;0;0;0;0
Afghanistan;700;1998;Turkmenistan;701;0;0;0;0;0;0;0;0;0;0;0
Afghanistan;700;1998;"United Arab Emirates";696;1;0;0;0;0;0;0;1;0;0;0
Afghanistan;700;1998;"United Kingdom";200;0;0;0;0;0;0;0;0;0;0;0
Afghanistan;700;1998;"United States of America";2;0;0;0;0;0;0;0;0;0;0;0
Afghanistan;700;1998;Uzbekistan;704;1;0;0;0;0;0;1;0;0;0;0
Afghanistan;700;1999;Iran;630;4;0;1;0;0;1;4;2;0;0;0
Afghanistan;700;1999;Pakistan;770;1;0;0;1;1;1;1;1;0;0;0
Afghanistan;700;1999;"Saudi Arabia";670;2;0;0;0;0;0;0;2;0;0;0
Afghanistan;700;1999;"Soviet Union/Russia";365;1;0;0;0;0;0;1;1;0;0;0
Afghanistan;700;1999;Tajikistan;702;1;0;0;0;0;0;0;0;1;0;0
Afghanistan;700;1999;Turkey;640;0;0;0;0;0;0;0;0;0;0;0
Afghanistan;700;1999;Turkmenistan;701;0;0;0;0;0;0;0;0;0;0;0
Afghanistan;700;1999;"United Arab Emirates";696;1;0;0;0;0;0;0;1;0;0;0
Afghanistan;700;1999;"United Kingdom";200;0;0;0;0;0;0;0;0;0;0;0
Afghanistan;700;1999;"United States of America";2;0;0;0;0;0;0;0;0;0;0;0
Afghanistan;700;1999;Uzbekistan;704;0;0;0;0;0;0;0;0;0;0;0
Afghanistan;700;2000;Iran;630;3;0;1;0;0;1;3;2;0;0;0
Afghanistan;700;2000;Pakistan;770;1;0;0;1;1;1;1;1;0;0;0
Afghanistan;700;2000;"Saudi Arabia";670;2;0;0;0;0;0;0;2;0;0;0
Afghanistan;700;2000;"Soviet Union/Russia";365;1;0;0;0;0;0;1;1;0;0;0
Afghanistan;700;2000;Tajikistan;702;1;0;0;0;0;0;0;0;1;0;0
Afghanistan;700;2000;Turkey;640;0;0;0;0;0;0;0;0;0;0;0
Afghanistan;700;2000;Turkmenistan;701;0;0;0;0;0;0;0;0;0;0;0
Afghanistan;700;2000;"United Arab Emirates";696;1;0;0;0;0;0;0;1;0;0;0
Afghanistan;700;2000;"United Kingdom";200;0;0;0;0;0;0;0;0;0;0;0
Afghanistan;700;2000;"United States of America";2;0;0;0;0;0;0;0;0;0;0;0
Afghanistan;700;2000;Uzbekistan;704;0;0;0;0;0;0;0;0;0;0;0
Afghanistan;700;2001;Iran;630;3;0;1;0;0;1;2;2;0;0;0
Afghanistan;700;2001;Pakistan;770;1;0;0;1;1;1;1;0;0;0;0
Afghanistan;700;2001;"Saudi Arabia";670;1;0;0;0;0;0;0;1;0;0;0
Afghanistan;700;2001;"Soviet Union/Russia";365;1;0;0;0;0;0;1;1;0;0;0
Afghanistan;700;2001;Tajikistan;702;0;0;0;0;0;0;0;0;0;0;0
Afghanistan;700;2001;Turkey;640;0;0;0;0;0;0;0;0;0;0;0
Afghanistan;700;2001;Turkmenistan;701;0;0;0;0;0;0;0;0;0;0;0
Afghanistan;700;2001;"United Arab Emirates";696;0;0;0;0;0;0;0;0;0;0;0
Afghanistan;700;2001;"United Kingdom";200;0;0;0;0;0;0;0;0;0;0;0
Afghanistan;700;2001;"United States of America";2;0;0;0;0;0;0;0;0;0;0;0
Afghanistan;700;2001;Uzbekistan;704;0;0;0;0;0;0;0;0;0;0;0
Afghanistan;700;2002;Iran;630;0;0;0;0;0;0;0;0;0;0;0
Afghanistan;700;2002;Pakistan;770;1;0;0;0;1;0;0;0;0;0;0
Afghanistan;700;2002;"Saudi Arabia";670;1;0;0;0;0;0;0;1;0;0;0
Afghanistan;700;2002;Turkey;640;0;0;0;0;0;0;0;0;0;0;0
Afghanistan;700;2002;Turkmenistan;701;0;0;0;0;0;0;0;0;0;0;0
Afghanistan;700;2002;"United Arab Emirates";696;0;0;0;0;0;0;0;0;0;0;0
Afghanistan;700;2002;"United States of America";2;0;0;0;0;0;0;0;0;0;0;0
Afghanistan;700;2002;Uzbekistan;704;0;0;0;0;0;0;0;0;0;0;0
Afghanistan;700;2003;Iran;630;0;0;0;0;0;0;0;0;0;0;0
Afghanistan;700;2003;Pakistan;770;1;0;0;0;1;0;0;0;0;0;0
Afghanistan;700;2003;"Saudi Arabia";670;1;0;0;0;0;0;0;1;0;0;0
Afghanistan;700;2003;Turkey;640;0;0;0;0;0;0;0;0;0;0;0
Afghanistan;700;2003;Turkmenistan;701;0;0;0;0;0;0;0;0;0;0;0
Afghanistan;700;2003;"United Arab Emirates";696;0;0;0;0;0;0;0;0;0;0;0
Afghanistan;700;2003;"United States of America";2;0;0;0;0;0;0;0;0;0;0;0
Afghanistan;700;2003;Uzbekistan;704;0;0;0;0;0;0;0;0;0;0;0
Afghanistan;700;2004;Iran;630;0;0;0;0;0;0;0;0;0;0;0
Afghanistan;700;2004;Pakistan;770;1;0;0;0;1;0;0;0;0;0;0
Afghanistan;700;2004;"Saudi Arabia";670;0;0;0;0;0;0;0;0;0;0;0
Afghanistan;700;2004;Turkey;640;0;0;0;0;0;0;0;0;0;0;0
Afghanistan;700;2004;Turkmenistan;701;0;0;0;0;0;0;0;0;0;0;0
Afghanistan;700;2004;"United Arab Emirates";696;0;0;0;0;0;0;0;0;0;0;0
Afghanistan;700;2004;"United States of America";2;0;0;0;0;0;0;0;0;0;0;0
Afghanistan;700;2004;Uzbekistan;704;0;0;0;0;0;0;0;0;0;0;0
Afghanistan;700;2005;Iran;630;0;0;0;0;0;0;0;0;0;0;0
Afghanistan;700;2005;Pakistan;770;0;0;0;0;0;0;0;0;0;0;0
Afghanistan;700;2005;"Saudi Arabia";670;0;0;0;0;0;0;0;0;0;0;0
Afghanistan;700;2005;Turkey;640;0;0;0;0;0;0;0;0;0;0;0
Afghanistan;700;2005;Turkmenistan;701;0;0;0;0;0;0;0;0;0;0;0
Afghanistan;700;2005;"United Arab Emirates";696;0;0;0;0;0;0;0;0;0;0;0
Afghanistan;700;2005;"United States of America";2;0;0;0;0;0;0;0;0;0;0;0
Afghanistan;700;2005;Uzbekistan;704;0;0;0;0;0;0;0;0;0;0;0
Afghanistan;700;2006;Iran;630;0;0;0;0;0;0;0;0;0;0;0
Afghanistan;700;2006;Pakistan;770;0;0;0;0;0;0;0;0;0;0;0
Afghanistan;700;2006;"Saudi Arabia";670;0;0;0;0;0;0;0;0;0;0;0
Afghanistan;700;2006;Turkey;640;0;0;0;0;0;0;0;0;0;0;0
Afghanistan;700;2006;Turkmenistan;701;0;0;0;0;0;0;0;0;0;0;0
Afghanistan;700;2006;"United Arab Emirates";696;0;0;0;0;0;0;0;0;0;0;0
Afghanistan;700;2006;"United States of America";2;0;0;0;0;0;0;0;0;0;0;0
Afghanistan;700;2006;Uzbekistan;704;0;0;0;0;0;0;0;0;0;0;0
Afghanistan;700;2007;Iran;630;0;0;0;0;0;0;0;0;0;0;0
Afghanistan;700;2007;Pakistan;770;0;0;0;0;0;0;0;0;0;0;0
Afghanistan;700;2007;"Saudi Arabia";670;0;0;0;0;0;0;0;0;0;0;0
Afghanistan;700;2007;Turkey;640;0;0;0;0;0;0;0;0;0;0;0
Afghanistan;700;2007;Turkmenistan;701;0;0;0;0;0;0;0;0;0;0;0
Afghanistan;700;2007;"United Arab Emirates";696;0;0;0;0;0;0;0;0;0;0;0
Afghanistan;700;2007;"United States of America";2;0;0;0;0;0;0;0;0;0;0;0
Afghanistan;700;2007;Uzbekistan;704;0;0;0;0;0;0;0;0;0;0;0
Afghanistan;700;2008;Iran;630;0;0;0;0;0;0;0;0;0;0;0
Afghanistan;700;2008;Pakistan;770;0;0;0;0;0;0;0;0;0;0;0
Afghanistan;700;2008;"Saudi Arabia";670;0;0;0;0;0;0;0;0;0;0;0
Afghanistan;700;2008;Turkey;640;0;0;0;0;0;0;0;0;0;0;0
Afghanistan;700;2008;Turkmenistan;701;0;0;0;0;0;0;0;0;0;0;0
Afghanistan;700;2008;"United Arab Emirates";696;0;0;0;0;0;0;0;0;0;0;0
Afghanistan;700;2008;"United States of America";2;0;0;0;0;0;0;0;0;0;0;0
Afghanistan;700;2008;Uzbekistan;704;0;0;0;0;0;0;0;0;0;0;0
Afghanistan;700;2009;Iran;630;0;0;0;0;0;0;0;0;0;0;0
Afghanistan;700;2009;Pakistan;770;0;0;0;0;0;0;0;0;0;0;0
Afghanistan;700;2009;"Saudi Arabia";670;0;0;0;0;0;0;0;0;0;0;0
Afghanistan;700;2009;Turkey;640;0;0;0;0;0;0;0;0;0;0;0
Afghanistan;700;2009;Turkmenistan;701;0;0;0;0;0;0;0;0;0;0;0
Afghanistan;700;2009;"United Arab Emirates";696;0;0;0;0;0;0;0;0;0;0;0
Afghanistan;700;2009;"United States of America";2;0;0;0;0;0;0;0;0;0;0;0
Afghanistan;700;2009;Uzbekistan;704;0;0;0;0;0;0;0;0;0;0;0
Afghanistan;700;2010;Iran;630;0;0;0;0;0;0;0;0;0;0;0
Afghanistan;700;2010;Pakistan;770;0;0;0;0;0;0;0;0;0;0;0
Afghanistan;700;2010;"Saudi Arabia";670;0;0;0;0;0;0;0;0;0;0;0
Afghanistan;700;2010;Turkey;640;0;0;0;0;0;0;0;0;0;0;0
Afghanistan;700;2010;Turkmenistan;701;0;0;0;0;0;0;0;0;0;0;0
Afghanistan;700;2010;"United Arab Emirates";696;0;0;0;0;0;0;0;0;0;0;0
Afghanistan;700;2010;"United States of America";2;0;0;0;0;0;0;0;0;0;0;0
Afghanistan;700;2010;Uzbekistan;704;0;0;0;0;0;0;0;0;0;0;0
Algeria;615;1985;France;220;0;0;0;0;0;0;0;0;0;0;0
Algeria;615;1985;Germany;255;0;0;0;0;0;0;0;0;0;0;0
Algeria;615;1985;"United Kingdom";200;0;0;0;0;0;0;0;0;0;0;0
Algeria;615;1986;France;220;0;0;0;0;0;0;0;0;0;0;0
Algeria;615;1986;Germany;255;0;0;0;0;0;0;0;0;0;0;0
Algeria;615;1986;"United Kingdom";200;0;0;0;0;0;0;0;0;0;0;0
Algeria;615;1987;France;220;0;0;0;0;0;0;0;0;0;0;0
Algeria;615;1987;Germany;255;0;0;0;0;0;0;0;0;0;0;0
Algeria;615;1987;"United Kingdom";200;0;0;0;0;0;0;0;0;0;0;0
Algeria;615;1988;France;220;0;0;0;0;0;0;0;0;0;0;0
Algeria;615;1988;Germany;255;0;0;0;0;0;0;0;0;0;0;0
Algeria;615;1988;"United Kingdom";200;0;0;0;0;0;0;0;0;0;0;0
Algeria;615;1989;France;220;0;0;0;0;0;0;0;0;0;0;0
Algeria;615;1989;Germany;255;0;0;0;0;0;0;0;0;0;0;0
Algeria;615;1989;"United Kingdom";200;0;0;0;0;0;0;0;0;0;0;0
Algeria;615;1990;Afghanistan;700;0;0;0;0;0;0;0;0;0;0;0
Algeria;615;1990;France;220;0;0;0;0;0;0;0;0;0;0;0
Algeria;615;1990;Germany;255;0;0;0;0;0;0;0;0;0;0;0
Algeria;615;1990;Iran;630;1;0;0;0;0;1;1;1;0;0;0
Algeria;615;1990;"United Kingdom";200;0;0;0;0;0;0;0;0;0;0;0
Algeria;615;1991;Afghanistan;700;0;0;0;0;0;0;0;0;0;0;0
Algeria;615;1991;France;220;0;0;0;0;0;0;0;0;0;0;0
Algeria;615;1991;Germany;255;0;0;0;0;0;0;0;0;0;0;0
Algeria;615;1991;Iran;630;1;0;0;0;0;1;1;1;0;0;0
Algeria;615;1991;"United Kingdom";200;0;0;0;0;0;0;0;0;0;0;0
Algeria;615;1992;Afghanistan;700;1;0;0;0;0;1;0;0;0;0;0
Algeria;615;1992;Belgium;211;0;0;0;0;0;0;0;0;0;0;0
Algeria;615;1992;Canada;20;0;0;0;0;0;0;0;0;0;0;0
Algeria;615;1992;France;220;0;0;0;0;0;0;0;0;0;0;0
Algeria;615;1992;Germany;255;0;0;0;0;0;0;0;0;0;0;0
Algeria;615;1992;Iran;630;1;0;0;0;0;0;1;0;0;0;0
Algeria;615;1992;Italy;325;0;0;0;0;0;0;0;0;0;0;0
Algeria;615;1992;Sudan;625;1;0;0;0;0;0;0;0;1;0;0
Algeria;615;1992;Switzerland;225;0;0;0;0;0;0;0;0;0;0;0
Algeria;615;1992;"United Kingdom";200;0;0;0;0;0;0;0;0;0;0;0
Algeria;615;1993;Afghanistan;700;1;0;0;0;0;1;0;0;0;0;0
Algeria;615;1993;Belgium;211;0;0;0;0;0;0;0;0;0;0;0
Algeria;615;1993;Canada;20;0;0;0;0;0;0;0;0;0;0;0
Algeria;615;1993;France;220;0;0;0;0;0;0;0;0;0;0;0
Algeria;615;1993;Germany;255;0;0;0;0;0;0;0;0;0;0;0
Algeria;615;1993;Iran;630;1;0;0;0;0;0;1;0;0;0;0
Algeria;615;1993;Italy;325;0;0;0;0;0;0;0;0;0;0;0
Algeria;615;1993;Sudan;625;1;0;0;0;0;0;0;0;1;0;0
Algeria;615;1993;Switzerland;225;0;0;0;0;0;0;0;0;0;0;0
Algeria;615;1993;"United Kingdom";200;0;0;0;0;0;0;0;0;0;0;0
Algeria;615;1994;Afghanistan;700;1;0;0;0;0;1;0;0;0;0;0
Algeria;615;1994;Belgium;211;0;0;0;0;0;0;0;0;0;0;0
Algeria;615;1994;Canada;20;0;0;0;0;0;0;0;0;0;0;0
Algeria;615;1994;France;220;0;0;0;0;0;0;0;0;0;0;0
Algeria;615;1994;Germany;255;0;0;0;0;0;0;0;0;0;0;0
Algeria;615;1994;Iran;630;1;0;0;0;0;0;1;0;0;0;0
Algeria;615;1994;Italy;325;0;0;0;0;0;0;0;0;0;0;0
Algeria;615;1994;Sudan;625;1;0;0;0;0;0;0;0;1;0;0
Algeria;615;1994;Switzerland;225;0;0;0;0;0;0;0;0;0;0;0
Algeria;615;1994;"United Kingdom";200;0;0;0;0;0;0;0;0;0;0;0
Algeria;615;1995;Afghanistan;700;1;0;0;0;0;1;0;0;0;0;0
Algeria;615;1995;Belgium;211;0;0;0;0;0;0;0;0;0;0;0
Algeria;615;1995;Canada;20;0;0;0;0;0;0;0;0;0;0;0
Algeria;615;1995;France;220;0;0;0;0;0;0;0;0;0;0;0
Algeria;615;1995;Germany;255;0;0;0;0;0;0;0;0;0;0;0
Algeria;615;1995;Iran;630;1;0;0;0;0;0;1;0;0;0;0
Algeria;615;1995;Italy;325;0;0;0;0;0;0;0;0;0;0;0
Algeria;615;1995;Sudan;625;1;0;0;0;0;0;0;0;1;0;0
Algeria;615;1995;Switzerland;225;0;0;0;0;0;0;0;0;0;0;0
Algeria;615;1995;"United Kingdom";200;0;0;0;0;0;0;0;0;0;0;0
Algeria;615;1996;Afghanistan;700;1;0;0;0;0;1;0;0;0;0;0
Algeria;615;1996;Belgium;211;0;0;0;0;0;0;0;0;0;0;0
Algeria;615;1996;Canada;20;0;0;0;0;0;0;0;0;0;0;0
Algeria;615;1996;France;220;0;0;0;0;0;0;0;0;0;0;0
Algeria;615;1996;Germany;255;0;0;0;0;0;0;0;0;0;0;0
Algeria;615;1996;Iran;630;1;0;0;0;0;0;1;0;0;0;0
Algeria;615;1996;Italy;325;0;0;0;0;0;0;0;0;0;0;0
Algeria;615;1996;Sudan;625;1;0;0;0;0;0;0;0;1;0;0
Algeria;615;1996;Switzerland;225;0;0;0;0;0;0;0;0;0;0;0
Algeria;615;1996;"United Kingdom";200;0;0;0;0;0;0;0;0;0;0;0
Algeria;615;1997;Afghanistan;700;1;0;0;0;0;1;0;0;0;0;0
Algeria;615;1997;Belgium;211;0;0;0;0;0;0;0;0;0;0;0
Algeria;615;1997;Canada;20;0;0;0;0;0;0;0;0;0;0;0
Algeria;615;1997;France;220;0;0;0;0;0;0;0;0;0;0;0
Algeria;615;1997;Germany;255;0;0;0;0;0;0;0;0;0;0;0
Algeria;615;1997;Iran;630;1;0;0;0;0;0;1;0;0;0;0
Algeria;615;1997;Italy;325;0;0;0;0;0;0;0;0;0;0;0
Algeria;615;1997;Sudan;625;1;0;0;0;0;0;0;0;1;0;0
Algeria;615;1997;Switzerland;225;0;0;0;0;0;0;0;0;0;0;0
Algeria;615;1997;"United Kingdom";200;0;0;0;0;0;0;0;0;0;0;0
Algeria;615;1998;Afghanistan;700;1;0;0;0;0;1;0;0;0;0;0
Algeria;615;1998;Belgium;211;0;0;0;0;0;0;0;0;0;0;0
Algeria;615;1998;Canada;20;0;0;0;0;0;0;0;0;0;0;0
Algeria;615;1998;France;220;0;0;0;0;0;0;0;0;0;0;0
Algeria;615;1998;Iran;630;1;0;0;0;0;0;1;0;0;0;0
Algeria;615;1998;Italy;325;0;0;0;0;0;0;0;0;0;0;0
Algeria;615;1998;Mali;432;0;0;0;0;0;0;0;0;0;0;0
Algeria;615;1998;Pakistan;770;0;0;0;0;0;0;0;0;0;0;0
Algeria;615;1998;Senegal;433;0;0;0;0;0;0;0;0;0;0;0
Algeria;615;1998;Spain;230;0;0;0;0;0;0;0;0;0;0;0
Algeria;615;1998;Sudan;625;1;0;0;0;0;0;0;0;1;0;0
Algeria;615;1998;Switzerland;225;0;0;0;0;0;0;0;0;0;0;0
Algeria;615;1998;"United Kingdom";200;0;0;0;0;0;0;0;0;0;0;0
Algeria;615;1999;Afghanistan;700;1;0;0;0;0;1;0;0;0;0;0
Algeria;615;1999;Belgium;211;0;0;0;0;0;0;0;0;0;0;0
Algeria;615;1999;Canada;20;0;0;0;0;0;0;0;0;0;0;0
Algeria;615;1999;France;220;0;0;0;0;0;0;0;0;0;0;0
Algeria;615;1999;Iran;630;1;0;0;0;0;0;1;0;0;0;0
Algeria;615;1999;Italy;325;0;0;0;0;0;0;0;0;0;0;0
Algeria;615;1999;Mali;432;0;0;0;0;0;0;0;0;0;0;0
Algeria;615;1999;Pakistan;770;0;0;0;0;0;0;0;0;0;0;0
Algeria;615;1999;Senegal;433;0;0;0;0;0;0;0;0;0;0;0
Algeria;615;1999;Spain;230;0;0;0;0;0;0;0;0;0;0;0
Algeria;615;1999;Sudan;625;1;0;0;0;0;0;0;0;1;0;0
Algeria;615;1999;Switzerland;225;0;0;0;0;0;0;0;0;0;0;0
Algeria;615;1999;"United Kingdom";200;0;0;0;0;0;0;0;0;0;0;0
Algeria;615;2000;Afghanistan;700;1;0;0;0;0;1;0;0;0;0;0
Algeria;615;2000;Belgium;211;0;0;0;0;0;0;0;0;0;0;0
Algeria;615;2000;Canada;20;0;0;0;0;0;0;0;0;0;0;0
Algeria;615;2000;France;220;0;0;0;0;0;0;0;0;0;0;0
Algeria;615;2000;Iran;630;1;0;0;0;0;0;1;0;0;0;0
Algeria;615;2000;Italy;325;0;0;0;0;0;0;0;0;0;0;0
Algeria;615;2000;Mali;432;0;0;0;0;0;0;0;0;0;0;0
Algeria;615;2000;Pakistan;770;0;0;0;0;0;0;0;0;0;0;0
Algeria;615;2000;Senegal;433;0;0;0;0;0;0;0;0;0;0;0
Algeria;615;2000;Spain;230;0;0;0;0;0;0;0;0;0;0;0
Algeria;615;2000;Sudan;625;1;0;0;0;0;0;0;0;1;0;0
Algeria;615;2000;Switzerland;225;0;0;0;0;0;0;0;0;0;0;0
Algeria;615;2000;"United Kingdom";200;0;0;0;0;0;0;0;0;0;0;0
Algeria;615;2001;Afghanistan;700;1;0;0;0;0;1;0;0;0;0;0
Algeria;615;2001;Belgium;211;0;0;0;0;0;0;0;0;0;0;0
Algeria;615;2001;Canada;20;0;0;0;0;0;0;0;0;0;0;0
Algeria;615;2001;France;220;0;0;0;0;0;0;0;0;0;0;0
Algeria;615;2001;Iran;630;1;0;0;0;0;0;1;0;0;0;0
Algeria;615;2001;Italy;325;0;0;0;0;0;0;0;0;0;0;0
Algeria;615;2001;Mali;432;0;0;0;0;0;0;0;0;0;0;0
Algeria;615;2001;Pakistan;770;0;0;0;0;0;0;0;0;0;0;0
Algeria;615;2001;Senegal;433;0;0;0;0;0;0;0;0;0;0;0
Algeria;615;2001;Spain;230;0;0;0;0;0;0;0;0;0;0;0
Algeria;615;2001;Sudan;625;1;0;0;0;0;0;0;0;1;0;0
Algeria;615;2001;Switzerland;225;0;0;0;0;0;0;0;0;0;0;0
Algeria;615;2001;"United Kingdom";200;0;0;0;0;0;0;0;0;0;0;0
Algeria;615;2002;Afghanistan;700;0;0;0;0;0;0;0;0;0;0;0
Algeria;615;2002;Belgium;211;0;0;0;0;0;0;0;0;0;0;0
Algeria;615;2002;Canada;20;0;0;0;0;0;0;0;0;0;0;0
Algeria;615;2002;France;220;0;0;0;0;0;0;0;0;0;0;0
Algeria;615;2002;Iran;630;1;0;0;0;0;0;1;0;0;0;0
Algeria;615;2002;Italy;325;0;0;0;0;0;0;0;0;0;0;0
Algeria;615;2002;Mali;432;0;0;0;0;0;0;0;0;0;0;0
Algeria;615;2002;Pakistan;770;0;0;0;0;0;0;0;0;0;0;0
Algeria;615;2002;Senegal;433;0;0;0;0;0;0;0;0;0;0;0
Algeria;615;2002;Spain;230;0;0;0;0;0;0;0;0;0;0;0
Algeria;615;2002;Sudan;625;1;0;0;0;0;0;0;0;1;0;0
Algeria;615;2002;Switzerland;225;0;0;0;0;0;0;0;0;0;0;0
Algeria;615;2002;"United Kingdom";200;0;0;0;0;0;0;0;0;0;0;0
Algeria;615;2003;Afghanistan;700;0;0;0;0;0;0;0;0;0;0;0
Algeria;615;2003;Belgium;211;0;0;0;0;0;0;0;0;0;0;0
Algeria;615;2003;Canada;20;0;0;0;0;0;0;0;0;0;0;0
Algeria;615;2003;France;220;0;0;0;0;0;0;0;0;0;0;0
Algeria;615;2003;Iran;630;1;0;0;0;0;0;1;0;0;0;0
Algeria;615;2003;Italy;325;0;0;0;0;0;0;0;0;0;0;0
Algeria;615;2003;Mali;432;0;0;0;0;0;0;0;0;0;0;0
Algeria;615;2003;Pakistan;770;0;0;0;0;0;0;0;0;0;0;0
Algeria;615;2003;Senegal;433;0;0;0;0;0;0;0;0;0;0;0
Algeria;615;2003;Spain;230;0;0;0;0;0;0;0;0;0;0;0
Algeria;615;2003;Sudan;625;1;0;0;0;0;0;0;0;1;0;0
Algeria;615;2003;Switzerland;225;0;0;0;0;0;0;0;0;0;0;0
Algeria;615;2003;"United Kingdom";200;0;0;0;0;0;0;0;0;0;0;0
Algeria;615;2004;Mali;432;0;0;0;0;0;0;0;0;0;0;0
Algeria;615;2004;Pakistan;770;0;0;0;0;0;0;0;0;0;0;0
Algeria;615;2004;Senegal;433;0;0;0;0;0;0;0;0;0;0;0
Algeria;615;2004;Spain;230;0;0;0;0;0;0;0;0;0;0;0
Algeria;615;2005;Mali;432;0;0;0;0;0;0;0;0;0;0;0
Algeria;615;2005;Pakistan;770;0;0;0;0;0;0;0;0;0;0;0
Algeria;615;2005;Senegal;433;0;0;0;0;0;0;0;0;0;0;0
Algeria;615;2005;Spain;230;0;0;0;0;0;0;0;0;0;0;0
Algeria;615;2006;Mali;432;0;0;0;0;0;0;0;0;0;0;0
Algeria;615;2006;Pakistan;770;0;0;0;0;0;0;0;0;0;0;0
Algeria;615;2006;Senegal;433;0;0;0;0;0;0;0;0;0;0;0
Algeria;615;2006;Spain;230;0;0;0;0;0;0;0;0;0;0;0
Algeria;615;2007;Mali;432;0;0;0;0;0;0;0;0;0;0;0
Algeria;615;2007;Pakistan;770;0;0;0;0;0;0;0;0;0;0;0
Algeria;615;2007;Senegal;433;0;0;0;0;0;0;0;0;0;0;0
Algeria;615;2007;Spain;230;0;0;0;0;0;0;0;0;0;0;0
Algeria;615;2008;Mali;432;0;0;0;0;0;0;0;0;0;0;0
Algeria;615;2008;Pakistan;770;0;0;0;0;0;0;0;0;0;0;0
Algeria;615;2008;Senegal;433;0;0;0;0;0;0;0;0;0;0;0
Algeria;615;2008;Spain;230;0;0;0;0;0;0;0;0;0;0;0
Algeria;615;2009;Mali;432;0;0;0;0;0;0;0;0;0;0;0
Algeria;615;2009;Pakistan;770;0;0;0;0;0;0;0;0;0;0;0
Algeria;615;2009;Senegal;433;0;0;0;0;0;0;0;0;0;0;0
Algeria;615;2009;Spain;230;0;0;0;0;0;0;0;0;0;0;0
Algeria;615;2010;Mali;432;0;0;0;0;0;0;0;0;0;0;0
Algeria;615;2010;Pakistan;770;0;0;0;0;0;0;0;0;0;0;0
Algeria;615;2010;Senegal;433;0;0;0;0;0;0;0;0;0;0;0
Algeria;615;2010;Spain;230;0;0;0;0;0;0;0;0;0;0;0
Angola;540;1962;China;710;1;0;0;0;0;1;1;0;0;0;1
Angola;540;1962;"Democratic Republic of the Congo/Zaire";490;1;1;0;0;1;0;0;0;0;1;0
Angola;540;1962;"South Africa";560;1;0;0;0;0;1;0;0;0;0;0
Angola;540;1962;"United States of America";2;0;0;0;0;0;0;0;0;0;0;0
Angola;540;1963;China;710;1;0;0;0;0;1;1;0;0;0;1
Angola;540;1963;"Democratic Republic of the Congo/Zaire";490;1;1;0;0;1;0;0;0;0;1;0
Angola;540;1963;"South Africa";560;1;0;0;0;0;1;0;0;0;0;0
Angola;540;1963;"United States of America";2;0;0;0;0;0;0;0;0;0;0;0
Angola;540;1964;China;710;1;0;0;0;0;1;1;0;0;0;1
Angola;540;1964;"Democratic Republic of the Congo/Zaire";490;1;1;0;0;1;0;0;0;0;1;0
Angola;540;1964;"South Africa";560;1;0;0;0;0;1;0;0;0;0;0
Angola;540;1964;"United States of America";2;0;0;0;0;0;0;0;0;0;0;0
Angola;540;1965;China;710;1;0;0;0;0;1;1;0;0;0;1
Angola;540;1965;"Democratic Republic of the Congo/Zaire";490;1;1;0;0;1;0;0;0;0;1;0
Angola;540;1965;"South Africa";560;1;0;0;0;0;1;0;0;0;0;0
Angola;540;1965;"United States of America";2;0;0;0;0;0;0;0;0;0;0;0
Angola;540;1966;China;710;1;0;0;0;0;1;1;0;0;0;1
Angola;540;1966;"Democratic Republic of the Congo/Zaire";490;2;1;0;0;2;0;0;0;0;1;0
Angola;540;1966;"Ivory Coast";437;0;0;0;0;0;0;0;0;0;0;0
Angola;540;1966;Namibia;565;0;0;0;0;0;0;0;0;0;0;0
Angola;540;1966;Portugal;235;0;0;0;0;0;0;0;0;0;0;0
Angola;540;1966;"South Africa";560;1;0;0;0;0;1;0;0;0;0;0
Angola;540;1966;"United States of America";2;0;0;0;0;0;0;0;0;0;0;0
Angola;540;1967;China;710;1;0;0;0;0;1;1;0;0;0;1
Angola;540;1967;"Democratic Republic of the Congo/Zaire";490;2;1;0;0;2;0;0;0;0;1;0
Angola;540;1967;"Ivory Coast";437;0;0;0;0;0;0;0;0;0;0;0
Angola;540;1967;Namibia;565;0;0;0;0;0;0;0;0;0;0;0
Angola;540;1967;Portugal;235;0;0;0;0;0;0;0;0;0;0;0
Angola;540;1967;"South Africa";560;1;0;0;0;0;1;0;0;0;0;0
Angola;540;1967;"United States of America";2;0;0;0;0;0;0;0;0;0;0;0
Angola;540;1968;China;710;1;0;0;0;0;1;1;0;0;0;1
Angola;540;1968;"Democratic Republic of the Congo/Zaire";490;2;1;0;0;2;0;0;0;0;1;0
Angola;540;1968;"Ivory Coast";437;0;0;0;0;0;0;0;0;0;0;0
Angola;540;1968;Namibia;565;0;0;0;0;0;0;0;0;0;0;0
Angola;540;1968;Portugal;235;0;0;0;0;0;0;0;0;0;0;0
Angola;540;1968;"South Africa";560;1;0;0;0;0;1;0;0;0;0;0
Angola;540;1968;"United States of America";2;0;0;0;0;0;0;0;0;0;0;0
Angola;540;1969;China;710;1;0;0;0;0;1;1;0;0;0;1
Angola;540;1969;"Democratic Republic of the Congo/Zaire";490;2;1;0;0;2;0;0;0;0;1;0
Angola;540;1969;"Ivory Coast";437;0;0;0;0;0;0;0;0;0;0;0
Angola;540;1969;Namibia;565;0;0;0;0;0;0;0;0;0;0;0
Angola;540;1969;Portugal;235;0;0;0;0;0;0;0;0;0;0;0
Angola;540;1969;"South Africa";560;1;0;0;0;0;1;0;0;0;0;0
Angola;540;1969;"United States of America";2;0;0;0;0;0;0;0;0;0;0;0
Angola;540;1970;China;710;1;0;0;0;0;1;1;0;0;0;1
Angola;540;1970;"Democratic Republic of the Congo/Zaire";490;2;1;0;0;2;0;0;0;0;1;0
Angola;540;1970;"Ivory Coast";437;0;0;0;0;0;0;0;0;0;0;0
Angola;540;1970;Namibia;565;0;0;0;0;0;0;0;0;0;0;0
Angola;540;1970;Portugal;235;0;0;0;0;0;0;0;0;0;0;0
Angola;540;1970;"South Africa";560;1;0;0;0;0;1;0;0;0;0;0
Angola;540;1970;"United States of America";2;0;0;0;0;0;0;0;0;0;0;0
Angola;540;1971;China;710;1;0;0;0;0;1;1;0;0;0;1
Angola;540;1971;"Democratic Republic of the Congo/Zaire";490;2;1;0;0;2;0;0;0;0;1;0
Angola;540;1971;"Ivory Coast";437;0;0;0;0;0;0;0;0;0;0;0
Angola;540;1971;Namibia;565;0;0;0;0;0;0;0;0;0;0;0
Angola;540;1971;Portugal;235;0;0;0;0;0;0;0;0;0;0;0
Angola;540;1971;"South Africa";560;1;0;0;0;0;1;0;0;0;0;0
Angola;540;1971;"United States of America";2;0;0;0;0;0;0;0;0;0;0;0
Angola;540;1972;China;710;1;0;0;0;0;1;1;0;0;0;1
Angola;540;1972;"Democratic Republic of the Congo/Zaire";490;2;1;0;0;2;0;0;0;0;1;0
Angola;540;1972;"Ivory Coast";437;0;0;0;0;0;0;0;0;0;0;0
Angola;540;1972;Namibia;565;0;0;0;0;0;0;0;0;0;0;0
Angola;540;1972;Portugal;235;0;0;0;0;0;0;0;0;0;0;0
Angola;540;1972;"South Africa";560;1;0;0;0;0;1;0;0;0;0;0
Angola;540;1972;"United States of America";2;0;0;0;0;0;0;0;0;0;0;0
Angola;540;1973;China;710;1;0;0;0;0;1;1;0;0;0;1
Angola;540;1973;"Democratic Republic of the Congo/Zaire";490;2;1;0;0;2;0;0;0;0;1;0
Angola;540;1973;"Ivory Coast";437;0;0;0;0;0;0;0;0;0;0;0
Angola;540;1973;Namibia;565;0;0;0;0;0;0;0;0;0;0;0
Angola;540;1973;Portugal;235;0;0;0;0;0;0;0;0;0;0;0
Angola;540;1973;"South Africa";560;1;0;0;0;0;1;0;0;0;0;0
Angola;540;1973;"United States of America";2;0;0;0;0;0;0;0;0;0;0;0
Angola;540;1974;China;710;1;0;0;0;0;1;1;0;0;0;1
Angola;540;1974;"Democratic Republic of the Congo/Zaire";490;2;1;0;0;2;0;0;0;0;1;0
Angola;540;1974;"Ivory Coast";437;0;0;0;0;0;0;0;0;0;0;0
Angola;540;1974;Namibia;565;0;0;0;0;0;0;0;0;0;0;0
Angola;540;1974;Portugal;235;0;0;0;0;0;0;0;0;0;0;0
Angola;540;1974;"South Africa";560;1;0;0;0;0;1;0;0;0;0;0
Angola;540;1974;"United States of America";2;0;0;0;0;0;0;0;0;0;0;0
Angola;540;1975;China;710;1;0;0;0;0;1;1;0;0;0;1
Angola;540;1975;Congo;484;1;1;1;0;1;0;0;1;0;0;0
Angola;540;1975;"Democratic Republic of the Congo/Zaire";490;3;2;0;0;3;0;0;1;0;1;0
Angola;540;1975;"Ivory Coast";437;1;1;0;0;0;0;0;0;0;0;0
Angola;540;1975;Namibia;565;0;0;0;0;0;0;0;0;0;0;0
Angola;540;1975;Portugal;235;1;0;0;1;0;0;0;0;0;0;0
Angola;540;1975;"South Africa";560;2;1;0;0;1;1;1;0;0;0;0
Angola;540;1975;"United States of America";2;2;0;0;0;0;1;1;1;0;0;0
Angola;540;1976;China;710;1;0;0;0;0;1;1;0;0;0;1
Angola;540;1976;Congo;484;1;1;1;0;1;0;0;1;0;0;0
Angola;540;1976;"Democratic Republic of the Congo/Zaire";490;3;2;0;0;3;0;0;1;0;1;0
Angola;540;1976;"Ivory Coast";437;1;1;0;0;0;0;0;0;0;0;0
Angola;540;1976;Namibia;565;0;0;0;0;0;0;0;0;0;0;0
Angola;540;1976;Portugal;235;1;0;0;1;0;0;0;0;0;0;0
Angola;540;1976;"South Africa";560;2;1;0;0;1;1;1;0;0;0;0
Angola;540;1976;"United States of America";2;2;0;0;0;0;1;1;1;0;0;0
Angola;540;1977;China;710;1;0;0;0;0;1;1;0;0;0;1
Angola;540;1977;Congo;484;1;1;1;0;1;0;0;1;0;0;0
Angola;540;1977;"Democratic Republic of the Congo/Zaire";490;3;2;0;0;3;0;0;1;0;1;0
Angola;540;1977;"Ivory Coast";437;1;1;0;0;0;0;0;0;0;0;0
Angola;540;1977;Namibia;565;0;0;0;0;0;0;0;0;0;0;0
Angola;540;1977;Portugal;235;1;0;0;1;0;0;0;0;0;0;0
Angola;540;1977;"South Africa";560;2;1;0;0;1;1;1;0;0;0;0
Angola;540;1977;"United States of America";2;2;0;0;0;0;1;1;1;0;0;0
Angola;540;1978;China;710;1;0;0;0;0;1;1;0;0;0;1
Angola;540;1978;Congo;484;1;1;1;0;1;0;0;1;0;0;0
Angola;540;1978;"Democratic Republic of the Congo/Zaire";490;3;2;0;0;3;0;0;1;0;1;0
Angola;540;1978;"Ivory Coast";437;1;1;0;0;0;0;0;0;0;0;0
Angola;540;1978;Namibia;565;0;0;0;0;0;0;0;0;0;0;0
Angola;540;1978;Portugal;235;1;0;0;1;0;0;0;0;0;0;0
Angola;540;1978;"South Africa";560;2;1;0;0;1;1;1;0;0;0;0
Angola;540;1978;"United States of America";2;2;0;0;0;0;1;1;1;0;0;0
Angola;540;1979;China;710;1;0;0;0;0;1;1;0;0;0;1
Angola;540;1979;Congo;484;1;1;1;0;1;0;0;1;0;0;0
Angola;540;1979;"Democratic Republic of the Congo/Zaire";490;3;2;0;0;3;0;0;1;0;1;0
Angola;540;1979;"Ivory Coast";437;1;1;0;0;0;0;0;0;0;0;0
Angola;540;1979;Namibia;565;0;0;0;0;0;0;0;0;0;0;0
Angola;540;1979;Portugal;235;1;0;0;1;0;0;0;0;0;0;0
Angola;540;1979;"South Africa";560;2;1;0;0;1;1;1;0;0;0;0
Angola;540;1979;"United States of America";2;2;0;0;0;0;1;1;1;0;0;0
Angola;540;1980;Congo;484;1;1;1;0;1;0;0;1;0;0;0
Angola;540;1980;"Democratic Republic of the Congo/Zaire";490;2;1;0;0;2;0;0;1;0;0;0
Angola;540;1980;"Ivory Coast";437;1;1;0;0;0;0;0;0;0;0;0
Angola;540;1980;Namibia;565;0;0;0;0;0;0;0;0;0;0;0
Angola;540;1980;Portugal;235;1;0;0;1;0;0;0;0;0;0;0
Angola;540;1980;"South Africa";560;1;1;0;0;1;0;1;0;0;0;0
Angola;540;1980;"United States of America";2;1;0;0;0;0;1;1;0;0;0;0
Angola;540;1981;Congo;484;1;1;1;0;1;0;0;1;0;0;0
Angola;540;1981;"Democratic Republic of the Congo/Zaire";490;2;1;0;0;2;0;0;1;0;0;0
Angola;540;1981;"Ivory Coast";437;1;1;0;0;0;0;0;0;0;0;0
Angola;540;1981;Namibia;565;0;0;0;0;0;0;0;0;0;0;0
Angola;540;1981;Portugal;235;1;0;0;1;0;0;0;0;0;0;0
Angola;540;1981;"South Africa";560;1;1;0;0;1;0;1;0;0;0;0
Angola;540;1981;"United States of America";2;1;0;0;0;0;1;1;0;0;0;0
Angola;540;1982;Congo;484;1;1;1;0;1;0;0;1;0;0;0
Angola;540;1982;"Democratic Republic of the Congo/Zaire";490;2;1;0;0;2;0;0;1;0;0;0
Angola;540;1982;"Ivory Coast";437;1;1;0;0;0;0;0;0;0;0;0
Angola;540;1982;Namibia;565;0;0;0;0;0;0;0;0;0;0;0
Angola;540;1982;Portugal;235;1;0;0;1;0;0;0;0;0;0;0
Angola;540;1982;"South Africa";560;1;1;0;0;1;0;1;0;0;0;0
Angola;540;1982;"United States of America";2;1;0;0;0;0;1;1;0;0;0;0
Angola;540;1983;Congo;484;1;1;1;0;1;0;0;1;0;0;0
Angola;540;1983;"Democratic Republic of the Congo/Zaire";490;2;1;0;0;2;0;0;1;0;0;0
Angola;540;1983;"Ivory Coast";437;1;1;0;0;0;0;0;0;0;0;0
Angola;540;1983;Namibia;565;0;0;0;0;0;0;0;0;0;0;0
Angola;540;1983;Portugal;235;1;0;0;1;0;0;0;0;0;0;0
Angola;540;1983;"South Africa";560;1;1;0;0;1;0;1;0;0;0;0
Angola;540;1983;"United States of America";2;1;0;0;0;0;1;1;0;0;0;0
Angola;540;1984;Congo;484;1;1;1;0;1;0;0;1;0;0;0
Angola;540;1984;"Democratic Republic of the Congo/Zaire";490;2;1;0;0;2;0;0;1;0;0;0
Angola;540;1984;"Ivory Coast";437;1;1;0;0;0;0;0;0;0;0;0
Angola;540;1984;Namibia;565;0;0;0;0;0;0;0;0;0;0;0
Angola;540;1984;Portugal;235;1;0;0;1;0;0;0;0;0;0;0
Angola;540;1984;"South Africa";560;1;1;0;0;1;0;1;0;0;0;0
Angola;540;1984;"United States of America";2;1;0;0;0;0;1;1;0;0;0;0
Angola;540;1985;Congo;484;1;1;1;0;1;0;0;1;0;0;0
Angola;540;1985;"Democratic Republic of the Congo/Zaire";490;2;1;0;0;2;0;0;1;0;0;0
Angola;540;1985;"Ivory Coast";437;1;1;0;0;0;0;0;0;0;0;0
Angola;540;1985;Namibia;565;0;0;0;0;0;0;0;0;0;0;0
Angola;540;1985;Portugal;235;1;0;0;1;0;0;0;0;0;0;0
Angola;540;1985;"South Africa";560;1;1;0;0;1;0;1;0;0;0;0
Angola;540;1985;"United States of America";2;1;0;0;0;0;1;1;0;0;0;0
Angola;540;1986;Congo;484;1;1;1;0;1;0;0;1;0;0;0
Angola;540;1986;"Democratic Republic of the Congo/Zaire";490;2;1;0;0;2;0;0;1;0;0;0
Angola;540;1986;"Ivory Coast";437;1;1;0;0;0;0;0;0;0;0;0
Angola;540;1986;Namibia;565;0;0;0;0;0;0;0;0;0;0;0
Angola;540;1986;Portugal;235;1;0;0;1;0;0;0;0;0;0;0
Angola;540;1986;"South Africa";560;1;1;0;0;1;0;1;0;0;0;0
Angola;540;1986;"United States of America";2;1;0;0;0;0;1;1;0;0;0;0
Angola;540;1987;Congo;484;1;1;1;0;1;0;0;1;0;0;0
Angola;540;1987;"Democratic Republic of the Congo/Zaire";490;2;1;0;0;2;0;0;1;0;0;0
Angola;540;1987;"Ivory Coast";437;1;1;0;0;0;0;0;0;0;0;0
Angola;540;1987;Namibia;565;0;0;0;0;0;0;0;0;0;0;0
Angola;540;1987;Portugal;235;1;0;0;1;0;0;0;0;0;0;0
Angola;540;1987;"South Africa";560;1;1;0;0;1;0;1;0;0;0;0
Angola;540;1987;"United States of America";2;1;0;0;0;0;1;1;0;0;0;0
Angola;540;1988;Congo;484;1;1;1;0;1;0;0;1;0;0;0
Angola;540;1988;"Democratic Republic of the Congo/Zaire";490;2;1;0;0;2;0;0;1;0;0;0
Angola;540;1988;"Ivory Coast";437;1;1;0;0;0;0;0;0;0;0;0
Angola;540;1988;Namibia;565;0;0;0;0;0;0;0;0;0;0;0
Angola;540;1988;Portugal;235;1;0;0;1;0;0;0;0;0;0;0
Angola;540;1988;"South Africa";560;1;1;0;0;1;0;1;0;0;0;0
Angola;540;1988;"United States of America";2;1;0;0;0;0;1;1;0;0;0;0
Angola;540;1989;Congo;484;1;1;1;0;1;0;0;1;0;0;0
Angola;540;1989;"Democratic Republic of the Congo/Zaire";490;2;1;0;0;2;0;0;1;0;0;0
Angola;540;1989;"Ivory Coast";437;1;1;0;0;0;0;0;0;0;0;0
Angola;540;1989;Namibia;565;0;0;0;0;0;0;0;0;0;0;0
Angola;540;1989;Portugal;235;1;0;0;1;0;0;0;0;0;0;0
Angola;540;1989;"South Africa";560;1;1;0;0;1;0;1;0;0;0;0
Angola;540;1989;"United States of America";2;1;0;0;0;0;1;1;0;0;0;0
Angola;540;1990;Congo;484;1;1;1;0;1;0;0;1;0;0;0
Angola;540;1990;"Democratic Republic of the Congo/Zaire";490;2;1;0;0;2;0;0;1;0;0;0
Angola;540;1990;"Ivory Coast";437;1;1;0;0;0;0;0;0;0;0;0
Angola;540;1990;Namibia;565;1;1;0;0;0;0;0;0;0;0;0
Angola;540;1990;Portugal;235;1;0;0;1;0;0;0;0;0;0;0
Angola;540;1990;"South Africa";560;1;1;0;0;1;0;1;0;0;0;0
Angola;540;1990;"United States of America";2;1;0;0;0;0;1;1;0;0;0;0
Angola;540;1991;Congo;484;1;1;1;0;1;0;0;1;0;0;0
Angola;540;1991;"Democratic Republic of the Congo/Zaire";490;2;1;0;0;2;0;0;1;0;0;0
Angola;540;1991;"Ivory Coast";437;1;1;0;0;0;0;0;0;0;0;0
Angola;540;1991;Namibia;565;1;1;0;0;0;0;0;0;0;0;0
Angola;540;1991;Portugal;235;1;0;0;1;0;0;0;0;0;0;0
Angola;540;1991;"South Africa";560;1;1;0;0;1;0;1;0;0;0;0
Angola;540;1991;"United States of America";2;1;0;0;0;0;1;1;0;0;0;0
Angola;540;1992;Congo;484;1;1;1;0;1;0;0;1;0;0;0
Angola;540;1992;"Democratic Republic of the Congo/Zaire";490;2;1;0;0;2;0;0;1;0;0;0
Angola;540;1992;"Ivory Coast";437;1;1;0;0;0;0;0;0;0;0;0
Angola;540;1992;Namibia;565;1;1;0;0;0;0;0;0;0;0;0
Angola;540;1992;Portugal;235;1;0;0;1;0;0;0;0;0;0;0
Angola;540;1992;"South Africa";560;1;1;0;0;1;0;1;0;0;0;0
Angola;540;1992;"United States of America";2;1;0;0;0;0;1;1;0;0;0;0
Angola;540;1993;Congo;484;1;1;1;0;1;0;0;1;0;0;0
Angola;540;1993;"Democratic Republic of the Congo/Zaire";490;2;1;0;0;2;0;0;1;0;0;0
Angola;540;1993;"Ivory Coast";437;1;1;0;0;0;0;0;0;0;0;0
Angola;540;1993;Namibia;565;1;1;0;0;0;0;0;0;0;0;0
Angola;540;1993;Portugal;235;1;0;0;1;0;0;0;0;0;0;0
Angola;540;1993;"South Africa";560;1;1;0;0;1;0;1;0;0;0;0
Angola;540;1993;"United States of America";2;1;0;0;0;0;1;1;0;0;0;0
Angola;540;1994;Congo;484;1;1;1;0;1;0;0;1;0;0;0
Angola;540;1994;"Democratic Republic of the Congo/Zaire";490;2;1;0;0;2;0;0;1;0;0;0
Angola;540;1994;"Ivory Coast";437;1;1;0;0;0;0;0;0;0;0;0
Angola;540;1994;Namibia;565;1;1;0;0;0;0;0;0;0;0;0
Angola;540;1994;Portugal;235;1;0;0;1;0;0;0;0;0;0;0
Angola;540;1994;"South Africa";560;1;1;0;0;1;0;1;0;0;0;0
Angola;540;1994;"United States of America";2;1;0;0;0;0;1;1;0;0;0;0
Angola;540;1995;Congo;484;1;1;1;0;1;0;0;1;0;0;0
Angola;540;1995;"Democratic Republic of the Congo/Zaire";490;2;1;0;0;2;0;0;1;0;0;0
Angola;540;1995;"Ivory Coast";437;1;1;0;0;0;0;0;0;0;0;0
Angola;540;1995;Namibia;565;1;1;0;0;0;0;0;0;0;0;0
Angola;540;1995;Portugal;235;1;0;0;1;0;0;0;0;0;0;0
Angola;540;1995;"South Africa";560;1;1;0;0;1;0;1;0;0;0;0
Angola;540;1995;"United States of America";2;1;0;0;0;0;1;1;0;0;0;0
Angola;540;1996;Congo;484;1;1;1;0;1;0;0;1;0;0;0
Angola;540;1996;"Democratic Republic of the Congo/Zaire";490;2;1;0;0;2;0;0;1;0;0;0
Angola;540;1996;"Ivory Coast";437;1;1;0;0;0;0;0;0;0;0;0
Angola;540;1996;Namibia;565;1;1;0;0;0;0;0;0;0;0;0
Angola;540;1996;Portugal;235;1;0;0;1;0;0;0;0;0;0;0
Angola;540;1996;"South Africa";560;1;1;0;0;1;0;1;0;0;0;0
Angola;540;1996;"United States of America";2;1;0;0;0;0;1;1;0;0;0;0
Angola;540;1997;Congo;484;1;1;1;0;1;0;0;1;0;0;0
Angola;540;1997;"Democratic Republic of the Congo/Zaire";490;1;1;0;0;1;0;0;1;0;0;0
Angola;540;1997;"Ivory Coast";437;1;1;0;0;0;0;0;0;0;0;0
Angola;540;1997;Namibia;565;1;1;0;0;0;0;0;0;0;0;0
Angola;540;1997;Portugal;235;1;0;0;1;0;0;0;0;0;0;0
Angola;540;1997;"South Africa";560;1;1;0;0;1;0;1;0;0;0;0
Angola;540;1997;"United States of America";2;1;0;0;0;0;1;1;0;0;0;0
Angola;540;1998;Congo;484;1;1;1;0;1;0;0;1;0;0;0
Angola;540;1998;"Democratic Republic of the Congo/Zaire";490;1;1;0;0;1;0;0;1;0;0;0
Angola;540;1998;"Ivory Coast";437;1;1;0;0;0;0;0;0;0;0;0
Angola;540;1998;Namibia;565;1;1;0;0;0;0;0;0;0;0;0
Angola;540;1998;Portugal;235;1;0;0;1;0;0;0;0;0;0;0
Angola;540;1998;"South Africa";560;1;1;0;0;1;0;1;0;0;0;0
Angola;540;1998;"United States of America";2;1;0;0;0;0;1;1;0;0;0;0
Angola;540;1999;Congo;484;1;1;1;0;1;0;0;1;0;0;0
Angola;540;1999;"Democratic Republic of the Congo/Zaire";490;1;1;0;0;1;0;0;1;0;0;0
Angola;540;1999;"Ivory Coast";437;1;1;0;0;0;0;0;0;0;0;0
Angola;540;1999;Namibia;565;1;1;0;0;0;0;0;0;0;0;0
Angola;540;1999;Portugal;235;1;0;0;1;0;0;0;0;0;0;0
Angola;540;1999;"South Africa";560;1;1;0;0;1;0;1;0;0;0;0
Angola;540;1999;"United States of America";2;1;0;0;0;0;1;1;0;0;0;0
Angola;540;2000;Congo;484;1;1;1;0;1;0;0;1;0;0;0
Angola;540;2000;"Democratic Republic of the Congo/Zaire";490;1;1;0;0;1;0;0;1;0;0;0
Angola;540;2000;"Ivory Coast";437;1;1;0;0;0;0;0;0;0;0;0
Angola;540;2000;Namibia;565;1;1;0;0;0;0;0;0;0;0;0
Angola;540;2000;Portugal;235;1;0;0;1;0;0;0;0;0;0;0
Angola;540;2000;"South Africa";560;1;1;0;0;1;0;1;0;0;0;0
Angola;540;2000;"United States of America";2;1;0;0;0;0;1;1;0;0;0;0
Angola;540;2001;Congo;484;1;1;1;0;1;0;0;1;0;0;0
Angola;540;2001;"Democratic Republic of the Congo/Zaire";490;1;1;0;0;1;0;0;1;0;0;0
Angola;540;2001;"Ivory Coast";437;1;1;0;0;0;0;0;0;0;0;0
Angola;540;2001;Namibia;565;1;1;0;0;0;0;0;0;0;0;0
Angola;540;2001;Portugal;235;1;0;0;1;0;0;0;0;0;0;0
Angola;540;2001;"South Africa";560;1;1;0;0;1;0;1;0;0;0;0
Angola;540;2001;"United States of America";2;1;0;0;0;0;1;1;0;0;0;0
Angola;540;2002;Congo;484;1;1;1;0;1;0;0;1;0;0;0
Angola;540;2002;"Democratic Republic of the Congo/Zaire";490;1;1;0;0;1;0;0;1;0;0;0
Angola;540;2002;"Ivory Coast";437;1;1;0;0;0;0;0;0;0;0;0
Angola;540;2002;Namibia;565;1;1;0;0;0;0;0;0;0;0;0
Angola;540;2002;Portugal;235;1;0;0;1;0;0;0;0;0;0;0
Angola;540;2002;"South Africa";560;1;1;0;0;1;0;1;0;0;0;0
Angola;540;2002;"United States of America";2;1;0;0;0;0;1;1;0;0;0;0
Angola;540;2003;Congo;484;1;1;1;0;1;0;0;1;0;0;0
Angola;540;2003;"Democratic Republic of the Congo/Zaire";490;1;1;0;0;1;0;0;1;0;0;0
Angola;540;2004;Congo;484;1;1;1;0;1;0;0;1;0;0;0
Angola;540;2004;"Democratic Republic of the Congo/Zaire";490;1;1;0;0;1;0;0;1;0;0;0
Angola;540;2005;Congo;484;1;1;1;0;1;0;0;1;0;0;0
Angola;540;2005;"Democratic Republic of the Congo/Zaire";490;1;1;0;0;1;0;0;1;0;0;0
Angola;540;2006;Congo;484;1;1;1;0;1;0;0;1;0;0;0
Angola;540;2006;"Democratic Republic of the Congo/Zaire";490;1;1;0;0;1;0;0;1;0;0;0
Angola;540;2007;Congo;484;1;1;1;0;1;0;0;1;0;0;0
Angola;540;2007;"Democratic Republic of the Congo/Zaire";490;1;1;0;0;1;0;0;1;0;0;0
Angola;540;2008;Congo;484;1;1;1;0;1;0;0;1;0;0;0
Angola;540;2008;"Democratic Republic of the Congo/Zaire";490;1;1;0;0;1;0;0;1;0;0;0
Angola;540;2009;Congo;484;1;1;1;0;1;0;0;1;0;0;0
Angola;540;2009;"Democratic Republic of the Congo/Zaire";490;1;1;0;0;1;0;0;1;0;0;0
Angola;540;2010;Congo;484;1;1;1;0;1;0;0;1;0;0;0
Angola;540;2010;"Democratic Republic of the Congo/Zaire";490;1;1;0;0;1;0;0;1;0;0;0
Argentina;160;1970;Cuba;40;0;0;0;0;0;0;0;0;0;0;0
Argentina;160;1970;Mexico;70;0;0;0;0;0;0;0;0;0;0;0
Argentina;160;1971;Cuba;40;0;0;0;0;0;0;0;0;0;0;0
Argentina;160;1971;Mexico;70;0;0;0;0;0;0;0;0;0;0;0
Argentina;160;1972;Cuba;40;0;0;0;0;0;0;0;0;0;0;0
Argentina;160;1972;Mexico;70;0;0;0;0;0;0;0;0;0;0;0
Argentina;160;1973;Cuba;40;0;0;0;0;0;0;0;0;0;0;0
Argentina;160;1973;Mexico;70;0;0;0;0;0;0;0;0;0;0;0
Argentina;160;1974;Cuba;40;1;0;0;0;0;0;0;1;0;0;0
Argentina;160;1974;Mexico;70;0;0;0;0;0;0;0;0;0;0;0
Argentina;160;1975;Cuba;40;1;0;0;0;0;0;0;1;0;0;0
Argentina;160;1975;Mexico;70;1;1;1;0;0;0;0;0;0;0;0
Argentina;160;1976;Cuba;40;1;0;0;0;0;0;0;1;0;0;0
Argentina;160;1976;Mexico;70;1;1;1;0;0;0;0;0;0;0;0
Argentina;160;1977;Cuba;40;1;0;0;0;0;0;0;1;0;0;0
Argentina;160;1977;Mexico;70;1;1;1;0;0;0;0;0;0;0;0
Azerbaijan;373;1988;Armenia;371;1;1;1;1;1;1;1;1;1;1;0
Azerbaijan;373;1988;"Soviet Union/Russia";365;0;0;0;0;0;0;0;0;0;0;0
Azerbaijan;373;1989;Armenia;371;1;1;1;1;1;1;1;1;1;1;0
Azerbaijan;373;1989;"Soviet Union/Russia";365;0;0;0;0;0;0;0;0;0;0;0
Azerbaijan;373;1990;Armenia;371;1;1;1;1;1;1;1;1;1;1;0
Azerbaijan;373;1990;"Soviet Union/Russia";365;0;0;0;0;0;0;0;0;0;0;0
Azerbaijan;373;1991;Armenia;371;1;1;1;1;1;1;1;1;1;1;0
Azerbaijan;373;1991;"Soviet Union/Russia";365;0;0;0;0;0;0;0;0;0;0;0
Azerbaijan;373;1992;Armenia;371;1;1;1;1;1;1;1;1;1;1;0
Azerbaijan;373;1992;"Soviet Union/Russia";365;0;0;0;0;0;0;0;0;0;0;0
Azerbaijan;373;1993;Armenia;371;1;1;1;1;1;1;1;1;1;1;0
Azerbaijan;373;1993;"Soviet Union/Russia";365;0;0;0;0;0;0;0;0;0;0;0
Azerbaijan;373;1993;Turkey;640;0;0;0;0;0;0;0;0;0;0;0
Azerbaijan;373;1994;Armenia;371;1;1;1;1;1;1;1;1;1;1;0
Azerbaijan;373;1994;"Soviet Union/Russia";365;0;0;0;0;0;0;0;0;0;0;0
Azerbaijan;373;1995;Armenia;371;1;1;1;1;1;1;1;1;1;1;0
Azerbaijan;373;1995;"Soviet Union/Russia";365;0;0;0;0;0;0;0;0;0;0;0
Azerbaijan;373;1996;Armenia;371;1;1;1;1;1;1;1;1;1;1;0
Azerbaijan;373;1996;"Soviet Union/Russia";365;0;0;0;0;0;0;0;0;0;0;0
Azerbaijan;373;1997;Armenia;371;1;1;1;1;1;1;1;1;1;1;0
Azerbaijan;373;1997;"Soviet Union/Russia";365;0;0;0;0;0;0;0;0;0;0;0
Azerbaijan;373;1998;Armenia;371;1;1;1;1;1;1;1;1;1;1;0
Azerbaijan;373;1998;"Soviet Union/Russia";365;0;0;0;0;0;0;0;0;0;0;0
Azerbaijan;373;1999;Armenia;371;1;1;1;1;1;1;1;1;1;1;0
Azerbaijan;373;1999;"Soviet Union/Russia";365;0;0;0;0;0;0;0;0;0;0;0
Azerbaijan;373;2000;Armenia;371;1;1;1;1;1;1;1;1;1;1;0
Azerbaijan;373;2000;"Soviet Union/Russia";365;0;0;0;0;0;0;0;0;0;0;0
Azerbaijan;373;2001;Armenia;371;1;1;1;1;1;1;1;1;1;1;0
Azerbaijan;373;2001;"Soviet Union/Russia";365;0;0;0;0;0;0;0;0;0;0;0
Azerbaijan;373;2002;Armenia;371;1;1;1;1;1;1;1;1;1;1;0
Azerbaijan;373;2002;"Soviet Union/Russia";365;0;0;0;0;0;0;0;0;0;0;0
Azerbaijan;373;2003;Armenia;371;1;1;1;1;1;1;1;1;1;1;0
Azerbaijan;373;2003;"Soviet Union/Russia";365;0;0;0;0;0;0;0;0;0;0;0
Azerbaijan;373;2004;Armenia;371;1;1;1;1;1;1;1;1;1;1;0
Azerbaijan;373;2004;"Soviet Union/Russia";365;0;0;0;0;0;0;0;0;0;0;0
Azerbaijan;373;2005;Armenia;371;1;1;1;1;1;1;1;1;1;1;0
Azerbaijan;373;2005;"Soviet Union/Russia";365;0;0;0;0;0;0;0;0;0;0;0
Azerbaijan;373;2006;Armenia;371;1;1;1;1;1;1;1;1;1;1;0
Azerbaijan;373;2006;"Soviet Union/Russia";365;0;0;0;0;0;0;0;0;0;0;0
Azerbaijan;373;2007;Armenia;371;1;1;1;1;1;1;1;1;1;1;0
Azerbaijan;373;2007;"Soviet Union/Russia";365;0;0;0;0;0;0;0;0;0;0;0
Azerbaijan;373;2008;Armenia;371;1;1;1;1;1;1;1;1;1;1;0
Azerbaijan;373;2008;"Soviet Union/Russia";365;0;0;0;0;0;0;0;0;0;0;0
Azerbaijan;373;2009;Armenia;371;1;1;1;1;1;1;1;1;1;1;0
Azerbaijan;373;2009;"Soviet Union/Russia";365;0;0;0;0;0;0;0;0;0;0;0
Azerbaijan;373;2010;Armenia;371;1;1;1;1;1;1;1;1;1;1;0
Azerbaijan;373;2010;"Soviet Union/Russia";365;0;0;0;0;0;0;0;0;0;0;0
Bangladesh;771;1968;India;750;0;0;0;0;0;0;0;0;0;0;0
Bangladesh;771;1968;Myanmar;775;0;0;0;0;0;0;0;0;0;0;0
Bangladesh;771;1968;Pakistan;770;0;0;0;0;0;0;0;0;0;0;0
Bangladesh;771;1969;India;750;0;0;0;0;0;0;0;0;0;0;0
Bangladesh;771;1969;Myanmar;775;0;0;0;0;0;0;0;0;0;0;0
Bangladesh;771;1969;Pakistan;770;0;0;0;0;0;0;0;0;0;0;0
Bangladesh;771;1970;India;750;0;0;0;0;0;0;0;0;0;0;0
Bangladesh;771;1970;Myanmar;775;0;0;0;0;0;0;0;0;0;0;0
Bangladesh;771;1970;Pakistan;770;0;0;0;0;0;0;0;0;0;0;0
Bangladesh;771;1971;India;750;0;0;0;0;0;0;0;0;0;0;0
Bangladesh;771;1971;Myanmar;775;0;0;0;0;0;0;0;0;0;0;0
Bangladesh;771;1971;Pakistan;770;0;0;0;0;0;0;0;0;0;0;0
Bangladesh;771;1972;India;750;0;0;0;0;0;0;0;0;0;0;0
Bangladesh;771;1972;Myanmar;775;0;0;0;0;0;0;0;0;0;0;0
Bangladesh;771;1972;Pakistan;770;0;0;0;0;0;0;0;0;0;0;0
Bangladesh;771;1973;India;750;0;0;0;0;0;0;0;0;0;0;0
Bangladesh;771;1973;Myanmar;775;0;0;0;0;0;0;0;0;0;0;0
Bangladesh;771;1973;Pakistan;770;0;0;0;0;0;0;0;0;0;0;0
Bangladesh;771;1974;India;750;0;0;0;0;0;0;0;0;0;0;0
Bangladesh;771;1974;Myanmar;775;0;0;0;0;0;0;0;0;0;0;0
Bangladesh;771;1974;Pakistan;770;0;0;0;0;0;0;0;0;0;0;0
Bangladesh;771;1975;India;750;0;0;0;0;0;0;0;0;0;0;0
Bangladesh;771;1975;Myanmar;775;0;0;0;0;0;0;0;0;0;0;0
Bangladesh;771;1975;Pakistan;770;0;0;0;0;0;0;0;0;0;0;0
Bangladesh;771;1976;India;750;0;0;0;0;0;0;0;0;0;0;0
Bangladesh;771;1976;Myanmar;775;0;0;0;0;0;0;0;0;0;0;0
Bangladesh;771;1976;Pakistan;770;0;0;0;0;0;0;0;0;0;0;0
Bangladesh;771;1977;India;750;0;0;0;0;0;0;0;0;0;0;0
Bangladesh;771;1977;Myanmar;775;0;0;0;0;0;0;0;0;0;0;0
Bangladesh;771;1977;Pakistan;770;0;0;0;0;0;0;0;0;0;0;0
Bangladesh;771;1978;India;750;0;0;0;0;0;0;0;0;0;0;0
Bangladesh;771;1978;Myanmar;775;0;0;0;0;0;0;0;0;0;0;0
Bangladesh;771;1978;Pakistan;770;0;0;0;0;0;0;0;0;0;0;0
Bangladesh;771;1979;India;750;1;1;1;0;0;0;0;0;0;0;0
Bangladesh;771;1979;Myanmar;775;0;0;0;0;0;0;0;0;0;0;0
Bangladesh;771;1979;Pakistan;770;0;0;0;0;0;0;0;0;0;0;0
Bangladesh;771;1980;India;750;1;1;1;0;0;0;0;0;0;0;0
Bangladesh;771;1980;Myanmar;775;0;0;0;0;0;0;0;0;0;0;0
Bangladesh;771;1980;Pakistan;770;0;0;0;0;0;0;0;0;0;0;0
Bangladesh;771;1981;India;750;1;1;1;0;0;0;0;0;0;0;0
Bangladesh;771;1981;Myanmar;775;0;0;0;0;0;0;0;0;0;0;0
Bangladesh;771;1981;Pakistan;770;0;0;0;0;0;0;0;0;0;0;0
Bangladesh;771;1982;India;750;1;1;1;0;0;0;0;0;0;0;0
Bangladesh;771;1982;Myanmar;775;0;0;0;0;0;0;0;0;0;0;0
Bangladesh;771;1982;Pakistan;770;0;0;0;0;0;0;0;0;0;0;0
Bangladesh;771;1983;India;750;1;1;1;0;0;0;0;0;0;0;0
Bangladesh;771;1983;Myanmar;775;0;0;0;0;0;0;0;0;0;0;0
Bangladesh;771;1983;Pakistan;770;0;0;0;0;0;0;0;0;0;0;0
Bangladesh;771;1984;India;750;1;1;1;0;0;0;0;0;0;0;0
Bangladesh;771;1984;Myanmar;775;0;0;0;0;0;0;0;0;0;0;0
Bangladesh;771;1984;Pakistan;770;0;0;0;0;0;0;0;0;0;0;0
Bangladesh;771;1985;India;750;1;1;1;0;0;0;0;0;0;0;0
Bangladesh;771;1985;Myanmar;775;0;0;0;0;0;0;0;0;0;0;0
Bangladesh;771;1985;Pakistan;770;0;0;0;0;0;0;0;0;0;0;0
Bangladesh;771;1986;India;750;1;1;1;0;0;0;1;0;0;0;0
Bangladesh;771;1986;Myanmar;775;0;0;0;0;0;0;0;0;0;0;0
Bangladesh;771;1986;Pakistan;770;0;0;0;0;0;0;0;0;0;0;0
Bangladesh;771;1987;India;750;1;1;1;0;0;1;1;0;0;0;0
Bangladesh;771;1987;Myanmar;775;0;0;0;0;0;0;0;0;0;0;0
Bangladesh;771;1987;Pakistan;770;0;0;0;0;0;0;0;0;0;0;0
Bangladesh;771;1988;India;750;1;1;1;0;0;1;1;0;0;0;0
Bangladesh;771;1988;Myanmar;775;0;0;0;0;0;0;0;0;0;0;0
Bangladesh;771;1988;Pakistan;770;0;0;0;0;0;0;0;0;0;0;0
Bangladesh;771;1989;India;750;1;1;1;0;0;1;1;0;0;0;0
Bangladesh;771;1989;Myanmar;775;0;0;0;0;0;0;0;0;0;0;0
Bangladesh;771;1989;Pakistan;770;0;0;0;0;0;0;0;0;0;0;0
Bangladesh;771;1990;India;750;0;0;0;0;0;0;0;0;0;0;0
Bangladesh;771;1990;Myanmar;775;0;0;0;0;0;0;0;0;0;0;0
Bangladesh;771;1990;Pakistan;770;0;0;0;0;0;0;0;0;0;0;0
Bangladesh;771;1991;India;750;0;0;0;0;0;0;0;0;0;0;0
Bangladesh;771;1991;Myanmar;775;0;0;0;0;0;0;0;0;0;0;0
Bangladesh;771;1991;Pakistan;770;0;0;0;0;0;0;0;0;0;0;0
Bangladesh;771;1992;India;750;0;0;0;0;0;0;0;0;0;0;0
Bangladesh;771;1992;Myanmar;775;0;0;0;0;0;0;0;0;0;0;0
Bangladesh;771;1992;Pakistan;770;0;0;0;0;0;0;0;0;0;0;0
Bangladesh;771;1993;India;750;0;0;0;0;0;0;0;0;0;0;0
Bangladesh;771;1993;Myanmar;775;0;0;0;0;0;0;0;0;0;0;0
Bangladesh;771;1993;Pakistan;770;0;0;0;0;0;0;0;0;0;0;0
Bangladesh;771;1994;India;750;0;0;0;0;0;0;0;0;0;0;0
Bangladesh;771;1994;Myanmar;775;0;0;0;0;0;0;0;0;0;0;0
Bangladesh;771;1994;Pakistan;770;0;0;0;0;0;0;0;0;0;0;0
Bangladesh;771;1995;India;750;0;0;0;0;0;0;0;0;0;0;0
Bangladesh;771;1995;Myanmar;775;0;0;0;0;0;0;0;0;0;0;0
Bangladesh;771;1995;Pakistan;770;0;0;0;0;0;0;0;0;0;0;0
Bangladesh;771;1996;India;750;0;0;0;0;0;0;0;0;0;0;0
Bangladesh;771;1996;Myanmar;775;0;0;0;0;0;0;0;0;0;0;0
Bangladesh;771;1996;Pakistan;770;0;0;0;0;0;0;0;0;0;0;0
Bangladesh;771;1997;India;750;0;0;0;0;0;0;0;0;0;0;0
Bangladesh;771;1997;Myanmar;775;0;0;0;0;0;0;0;0;0;0;0
Bangladesh;771;1997;Pakistan;770;0;0;0;0;0;0;0;0;0;0;0
Bangladesh;771;1998;India;750;0;0;0;0;0;0;0;0;0;0;0
Bangladesh;771;1998;Myanmar;775;0;0;0;0;0;0;0;0;0;0;0
Bangladesh;771;1998;Pakistan;770;0;0;0;0;0;0;0;0;0;0;0
Bangladesh;771;1999;India;750;0;0;0;0;0;0;0;0;0;0;0
Bangladesh;771;1999;Myanmar;775;0;0;0;0;0;0;0;0;0;0;0
Bangladesh;771;1999;Pakistan;770;0;0;0;0;0;0;0;0;0;0;0
Bangladesh;771;2000;India;750;0;0;0;0;0;0;0;0;0;0;0
Bangladesh;771;2000;Myanmar;775;0;0;0;0;0;0;0;0;0;0;0
Bangladesh;771;2000;Pakistan;770;0;0;0;0;0;0;0;0;0;0;0
Bangladesh;771;2001;India;750;0;0;0;0;0;0;0;0;0;0;0
Bangladesh;771;2001;Myanmar;775;0;0;0;0;0;0;0;0;0;0;0
Bangladesh;771;2001;Pakistan;770;0;0;0;0;0;0;0;0;0;0;0
Bangladesh;771;2002;India;750;0;0;0;0;0;0;0;0;0;0;0
Bangladesh;771;2002;Myanmar;775;0;0;0;0;0;0;0;0;0;0;0
Bangladesh;771;2002;Pakistan;770;0;0;0;0;0;0;0;0;0;0;0
Bangladesh;771;2003;India;750;0;0;0;0;0;0;0;0;0;0;0
Bangladesh;771;2003;Myanmar;775;0;0;0;0;0;0;0;0;0;0;0
Bangladesh;771;2003;Pakistan;770;0;0;0;0;0;0;0;0;0;0;0
Bangladesh;771;2004;India;750;0;0;0;0;0;0;0;0;0;0;0
Bangladesh;771;2004;Myanmar;775;0;0;0;0;0;0;0;0;0;0;0
Bangladesh;771;2004;Pakistan;770;0;0;0;0;0;0;0;0;0;0;0
Bangladesh;771;2005;India;750;0;0;0;0;0;0;0;0;0;0;0
Bangladesh;771;2005;Myanmar;775;0;0;0;0;0;0;0;0;0;0;0
Bangladesh;771;2005;Pakistan;770;0;0;0;0;0;0;0;0;0;0;0
Bangladesh;771;2006;India;750;0;0;0;0;0;0;0;0;0;0;0
Bangladesh;771;2006;Myanmar;775;0;0;0;0;0;0;0;0;0;0;0
Bangladesh;771;2006;Pakistan;770;0;0;0;0;0;0;0;0;0;0;0
Bangladesh;771;2007;India;750;0;0;0;0;0;0;0;0;0;0;0
Bangladesh;771;2007;Myanmar;775;0;0;0;0;0;0;0;0;0;0;0
Bangladesh;771;2007;Pakistan;770;0;0;0;0;0;0;0;0;0;0;0
Bangladesh;771;2008;India;750;0;0;0;0;0;0;0;0;0;0;0
Bangladesh;771;2008;Myanmar;775;0;0;0;0;0;0;0;0;0;0;0
Bangladesh;771;2008;Pakistan;770;0;0;0;0;0;0;0;0;0;0;0
Bangladesh;771;2009;India;750;0;0;0;0;0;0;0;0;0;0;0
Bangladesh;771;2009;Myanmar;775;0;0;0;0;0;0;0;0;0;0;0
Bangladesh;771;2009;Pakistan;770;0;0;0;0;0;0;0;0;0;0;0
Bangladesh;771;2010;India;750;0;0;0;0;0;0;0;0;0;0;0
Bangladesh;771;2010;Myanmar;775;0;0;0;0;0;0;0;0;0;0;0
Bangladesh;771;2010;Pakistan;770;0;0;0;0;0;0;0;0;0;0;0
"Bosnia and Herzegovina";346;1991;"United States of America";2;0;0;0;0;0;0;0;0;0;0;0
"Bosnia and Herzegovina";346;1992;"United States of America";2;0;0;0;0;0;0;0;0;0;0;0
"Bosnia and Herzegovina";346;1993;Croatia;344;1;1;1;0;0;0;0;0;1;1;0
"Bosnia and Herzegovina";346;1993;"United States of America";2;0;0;0;0;0;0;0;0;0;0;0
"Bosnia and Herzegovina";346;1994;Croatia;344;1;1;1;0;0;0;0;0;1;1;0
"Bosnia and Herzegovina";346;1994;"United States of America";2;0;0;0;0;0;0;0;0;0;0;0
"Bosnia and Herzegovina";346;1995;Croatia;344;0;0;0;0;0;0;0;0;0;0;0
Burundi;516;1990;Tanzania;510;0;0;0;0;0;0;0;0;0;0;0
Burundi;516;1991;Rwanda;517;1;0;0;0;1;1;1;0;0;0;0
Burundi;516;1991;Tanzania;510;0;0;0;0;0;0;0;0;0;0;0
Burundi;516;1992;Rwanda;517;1;0;0;0;1;1;1;0;0;0;0
Burundi;516;1992;Tanzania;510;0;0;0;0;0;0;0;0;0;0;0
Burundi;516;1993;Rwanda;517;1;0;0;0;0;0;1;0;0;0;0
Burundi;516;1993;Tanzania;510;0;0;0;0;0;0;0;0;0;0;0
Burundi;516;1994;"Democratic Republic of the Congo/Zaire";490;0;0;0;0;0;0;0;0;0;0;0
Burundi;516;1994;Rwanda;517;1;0;0;0;0;0;1;0;0;0;0
Burundi;516;1994;Tanzania;510;0;0;0;0;0;0;0;0;0;0;0
Burundi;516;1994;Zimbabwe;552;0;0;0;0;0;0;0;0;0;0;0
Burundi;516;1995;"Democratic Republic of the Congo/Zaire";490;0;0;0;0;0;0;0;0;0;0;0
Burundi;516;1995;Rwanda;517;1;0;0;0;0;0;1;0;0;0;0
Burundi;516;1995;Tanzania;510;0;0;0;0;0;0;0;0;0;0;0
Burundi;516;1995;Zimbabwe;552;0;0;0;0;0;0;0;0;0;0;0
Burundi;516;1996;"Democratic Republic of the Congo/Zaire";490;0;0;0;0;0;0;0;0;0;0;0
Burundi;516;1996;Rwanda;517;1;0;0;0;0;0;1;0;0;0;0
Burundi;516;1996;Tanzania;510;0;0;0;0;0;0;0;0;0;0;0
Burundi;516;1996;Zimbabwe;552;0;0;0;0;0;0;0;0;0;0;0
Burundi;516;1997;"Democratic Republic of the Congo/Zaire";490;0;0;0;0;0;0;0;0;0;0;0
Burundi;516;1997;Rwanda;517;1;0;0;0;0;0;1;0;0;0;0
Burundi;516;1997;Tanzania;510;0;0;0;0;0;0;0;0;0;0;0
Burundi;516;1997;Zimbabwe;552;0;0;0;0;0;0;0;0;0;0;0
Burundi;516;1998;"Democratic Republic of the Congo/Zaire";490;0;0;0;0;0;0;0;0;0;0;0
Burundi;516;1998;Rwanda;517;1;0;0;0;0;0;1;0;0;0;0
Burundi;516;1998;Tanzania;510;0;0;0;0;0;0;0;0;0;0;0
Burundi;516;1998;Zimbabwe;552;0;0;0;0;0;0;0;0;0;0;0
Burundi;516;1999;"Democratic Republic of the Congo/Zaire";490;0;0;0;0;0;0;0;0;0;0;0
Burundi;516;1999;Rwanda;517;1;0;0;0;0;0;1;0;0;0;0
Burundi;516;1999;Tanzania;510;0;0;0;0;0;0;0;0;0;0;0
Burundi;516;1999;Zimbabwe;552;0;0;0;0;0;0;0;0;0;0;0
Burundi;516;2000;"Democratic Republic of the Congo/Zaire";490;0;0;0;0;0;0;0;0;0;0;0
Burundi;516;2000;Rwanda;517;1;0;0;0;0;0;1;0;0;0;0
Burundi;516;2000;Tanzania;510;0;0;0;0;0;0;0;0;0;0;0
Burundi;516;2000;Zimbabwe;552;0;0;0;0;0;0;0;0;0;0;0
Burundi;516;2001;"Democratic Republic of the Congo/Zaire";490;0;0;0;0;0;0;0;0;0;0;0
Burundi;516;2001;Rwanda;517;1;0;0;0;0;0;1;0;0;0;0
Burundi;516;2001;Tanzania;510;0;0;0;0;0;0;0;0;0;0;0
Burundi;516;2001;Zimbabwe;552;0;0;0;0;0;0;0;0;0;0;0
Burundi;516;2002;"Democratic Republic of the Congo/Zaire";490;0;0;0;0;0;0;0;0;0;0;0
Burundi;516;2002;Rwanda;517;1;0;0;0;0;0;1;0;0;0;0
Burundi;516;2002;Tanzania;510;0;0;0;0;0;0;0;0;0;0;0
Burundi;516;2002;Zimbabwe;552;0;0;0;0;0;0;0;0;0;0;0
Burundi;516;2003;"Democratic Republic of the Congo/Zaire";490;0;0;0;0;0;0;0;0;0;0;0
Burundi;516;2003;Rwanda;517;1;0;0;0;0;0;1;0;0;0;0
Burundi;516;2003;Tanzania;510;0;0;0;0;0;0;0;0;0;0;0
Burundi;516;2003;Zimbabwe;552;0;0;0;0;0;0;0;0;0;0;0
Burundi;516;2004;Rwanda;517;1;0;0;0;0;0;1;0;0;0;0
Burundi;516;2004;Tanzania;510;0;0;0;0;0;0;0;0;0;0;0
Burundi;516;2005;Rwanda;517;1;0;0;0;0;0;1;0;0;0;0
Burundi;516;2005;Tanzania;510;0;0;0;0;0;0;0;0;0;0;0
Burundi;516;2006;Rwanda;517;1;0;0;0;0;0;1;0;0;0;0
Burundi;516;2006;Tanzania;510;0;0;0;0;0;0;0;0;0;0;0
Burundi;516;2007;Rwanda;517;1;0;0;0;0;0;1;0;0;0;0
Burundi;516;2007;Tanzania;510;0;0;0;0;0;0;0;0;0;0;0
Burundi;516;2008;Rwanda;517;1;0;0;0;0;0;1;0;0;0;0
Burundi;516;2008;Tanzania;510;0;0;0;0;0;0;0;0;0;0;0
Cambodia;811;1967;China;710;1;0;1;0;0;0;1;1;0;0;0
Cambodia;811;1967;Thailand;800;1;1;0;0;1;0;0;0;1;0;0
Cambodia;811;1968;China;710;1;0;1;0;0;0;1;1;0;0;0
Cambodia;811;1968;Thailand;800;1;1;0;0;1;0;0;0;1;0;0
Cambodia;811;1969;China;710;1;0;1;0;0;0;1;1;0;0;0
Cambodia;811;1969;Thailand;800;1;1;0;0;1;0;0;0;1;0;0
Cambodia;811;1970;China;710;1;0;1;0;0;0;1;1;0;0;0
Cambodia;811;1970;Thailand;800;1;1;0;0;1;0;0;0;1;0;0
Cambodia;811;1971;China;710;1;0;1;0;0;0;1;1;0;0;0
Cambodia;811;1971;Thailand;800;1;1;0;0;1;0;0;0;1;0;0
Cambodia;811;1972;China;710;1;0;1;0;0;0;1;1;0;0;0
Cambodia;811;1972;Thailand;800;1;1;0;0;1;0;0;0;1;0;0
Cambodia;811;1973;China;710;1;0;1;0;0;0;1;1;0;0;0
Cambodia;811;1973;Thailand;800;1;1;0;0;1;0;0;0;1;0;0
Cambodia;811;1974;China;710;1;0;1;0;0;0;1;1;0;0;0
Cambodia;811;1974;Thailand;800;1;1;0;0;1;0;0;0;1;0;0
Cambodia;811;1975;China;710;1;0;1;0;0;0;1;1;0;0;0
Cambodia;811;1975;Thailand;800;1;1;0;0;1;0;0;0;1;0;0
Cambodia;811;1976;China;710;1;0;1;0;0;0;1;1;0;0;0
Cambodia;811;1976;Thailand;800;1;1;0;0;1;0;0;0;1;0;0
Cambodia;811;1977;China;710;1;0;1;0;0;0;1;1;0;0;0
Cambodia;811;1977;Thailand;800;1;1;0;0;1;0;0;0;1;0;0
Cambodia;811;1978;China;710;1;0;1;0;0;0;1;1;0;0;0
Cambodia;811;1978;Thailand;800;1;1;0;0;1;0;0;0;1;0;0
Cambodia;811;1978;Vietnam;816;1;0;0;0;0;0;1;0;0;0;0
Cambodia;811;1979;China;710;1;0;1;0;0;0;1;1;0;0;0
Cambodia;811;1979;Thailand;800;1;1;0;0;1;0;0;0;1;0;0
Cambodia;811;1979;"United States of America";2;0;0;0;0;0;0;0;0;0;0;0
Cambodia;811;1979;Vietnam;816;1;0;0;0;0;0;1;0;0;0;0
Cambodia;811;1980;China;710;1;0;1;0;0;0;1;1;0;0;0
Cambodia;811;1980;Thailand;800;1;1;0;0;1;0;0;0;1;0;0
Cambodia;811;1980;"United States of America";2;0;0;0;0;0;0;0;0;0;0;0
Cambodia;811;1981;China;710;2;0;1;0;0;0;2;1;0;0;0
Cambodia;811;1981;Thailand;800;2;1;0;0;1;0;0;0;2;0;0
Cambodia;811;1981;"United States of America";2;0;0;0;0;0;0;0;0;0;0;0
Cambodia;811;1982;China;710;2;0;1;0;0;0;2;1;0;0;0
Cambodia;811;1982;Thailand;800;2;1;0;0;1;0;0;0;2;0;0
Cambodia;811;1982;"United States of America";2;0;0;0;0;0;0;0;0;0;0;0
Cambodia;811;1983;China;710;2;0;1;0;0;0;2;1;0;0;0
Cambodia;811;1983;Thailand;800;2;1;0;0;1;0;0;0;2;0;0
Cambodia;811;1983;"United States of America";2;0;0;0;0;0;0;0;0;0;0;0
Cambodia;811;1984;China;710;2;0;1;0;0;0;2;1;0;0;0
Cambodia;811;1984;Thailand;800;2;1;0;0;1;0;0;0;2;0;0
Cambodia;811;1984;"United States of America";2;0;0;0;0;0;0;0;0;0;0;0
Cambodia;811;1985;China;710;2;0;1;0;0;0;2;1;0;0;0
Cambodia;811;1985;Thailand;800;2;1;0;0;1;0;0;0;2;0;0
Cambodia;811;1985;"United States of America";2;0;0;0;0;0;0;0;0;0;0;0
Cambodia;811;1986;China;710;2;0;1;0;0;0;2;1;0;0;0
Cambodia;811;1986;Thailand;800;2;1;0;0;1;0;0;0;2;0;0
Cambodia;811;1986;"United States of America";2;0;0;0;0;0;0;0;0;0;0;0
Cambodia;811;1987;China;710;2;0;1;0;0;0;2;1;0;0;0
Cambodia;811;1987;Thailand;800;2;1;0;0;1;0;0;0;2;0;0
Cambodia;811;1987;"United States of America";2;0;0;0;0;0;0;0;0;0;0;0
Cambodia;811;1988;China;710;2;0;1;0;0;0;2;1;0;0;0
Cambodia;811;1988;Thailand;800;2;1;0;0;1;0;0;0;2;0;0
Cambodia;811;1988;"United States of America";2;0;0;0;0;0;0;0;0;0;0;0
Cambodia;811;1989;China;710;2;0;1;0;0;0;2;1;0;0;0
Cambodia;811;1989;Thailand;800;2;1;0;0;1;0;0;0;2;0;0
Cambodia;811;1989;"United States of America";2;0;0;0;0;0;0;0;0;0;0;0
Cambodia;811;1990;China;710;2;0;1;0;0;0;2;1;0;0;0
Cambodia;811;1990;Thailand;800;2;1;0;0;1;0;0;0;2;0;0
Cambodia;811;1990;"United States of America";2;0;0;0;0;0;0;0;0;0;0;0
Cambodia;811;1991;China;710;2;0;1;0;0;0;2;1;0;0;0
Cambodia;811;1991;Thailand;800;2;1;0;0;1;0;0;0;2;0;0
Cambodia;811;1991;"United States of America";2;0;0;0;0;0;0;0;0;0;0;0
Cambodia;811;1992;China;710;1;0;1;0;0;0;1;1;0;0;0
Cambodia;811;1992;Thailand;800;1;1;0;0;1;0;0;0;1;0;0
Cambodia;811;1993;China;710;1;0;1;0;0;0;1;1;0;0;0
Cambodia;811;1993;Thailand;800;1;1;0;0;1;0;0;0;1;0;0
Cambodia;811;1994;China;710;1;0;1;0;0;0;1;1;0;0;0
Cambodia;811;1994;Thailand;800;1;1;0;0;1;0;0;0;1;0;0
Cambodia;811;1995;China;710;1;0;1;0;0;0;1;1;0;0;0
Cambodia;811;1995;Thailand;800;1;1;0;0;1;0;0;0;1;0;0
Cambodia;811;1996;China;710;1;0;1;0;0;0;1;1;0;0;0
Cambodia;811;1996;Thailand;800;1;1;0;0;1;0;0;0;1;0;0
Cambodia;811;1997;China;710;1;0;1;0;0;0;1;1;0;0;0
Cambodia;811;1997;Thailand;800;1;1;0;0;1;0;0;0;1;0;0
Cambodia;811;1998;China;710;1;0;1;0;0;0;1;1;0;0;0
Cambodia;811;1998;Thailand;800;1;1;0;0;1;0;0;0;1;0;0
Cameroon;471;1948;Switzerland;225;0;0;0;0;0;0;0;0;0;0;0
Cameroon;471;1948;"United Kingdom";200;1;0;0;0;0;0;0;0;0;0;1
Cameroon;471;1949;Switzerland;225;0;0;0;0;0;0;0;0;0;0;0
Cameroon;471;1949;"United Kingdom";200;1;0;0;0;0;0;0;0;0;0;1
Cameroon;471;1950;Switzerland;225;0;0;0;0;0;0;0;0;0;0;0
Cameroon;471;1950;"United Kingdom";200;1;0;0;0;0;0;0;0;0;0;1
Cameroon;471;1951;Switzerland;225;0;0;0;0;0;0;0;0;0;0;0
Cameroon;471;1951;"United Kingdom";200;1;0;0;0;0;0;0;0;0;0;1
Cameroon;471;1952;Switzerland;225;0;0;0;0;0;0;0;0;0;0;0
Cameroon;471;1952;"United Kingdom";200;1;0;0;0;0;0;0;0;0;0;1
Cameroon;471;1953;Switzerland;225;0;0;0;0;0;0;0;0;0;0;0
Cameroon;471;1953;"United Kingdom";200;1;0;0;0;0;0;0;0;0;0;1
Cameroon;471;1954;Switzerland;225;0;0;0;0;0;0;0;0;0;0;0
Cameroon;471;1954;"United Kingdom";200;1;0;0;0;0;0;0;0;0;0;1
Cameroon;471;1955;Switzerland;225;0;0;0;0;0;0;0;0;0;0;0
Cameroon;471;1955;"United Kingdom";200;1;0;0;0;0;0;0;0;0;0;1
Cameroon;471;1956;Switzerland;225;0;0;0;0;0;0;0;0;0;0;0
Cameroon;471;1956;"United Kingdom";200;1;0;0;0;0;0;0;0;0;0;1
Cameroon;471;1957;Switzerland;225;0;0;0;0;0;0;0;0;0;0;0
Cameroon;471;1957;"United Kingdom";200;1;0;0;0;0;0;0;0;0;0;1
Cameroon;471;1958;Switzerland;225;0;0;0;0;0;0;0;0;0;0;0
Cameroon;471;1958;"United Kingdom";200;1;0;0;0;0;0;0;0;0;0;1
Cameroon;471;1959;Switzerland;225;0;0;0;0;0;0;0;0;0;0;0
Cameroon;471;1959;"United Kingdom";200;1;0;0;0;0;0;0;0;0;0;1
Cameroon;471;1960;Switzerland;225;0;0;0;0;0;0;0;0;0;0;0
Cameroon;471;1960;"United Kingdom";200;1;0;0;0;0;0;0;0;0;0;1
Cameroon;471;1961;Switzerland;225;0;0;0;0;0;0;0;0;0;0;0
Cameroon;471;1961;"United Kingdom";200;1;0;0;0;0;0;0;0;0;0;1
"Central African Republic";482;2001;Chad;483;1;0;0;0;0;0;0;0;0;1;0
"Central African Republic";482;2001;France;220;0;0;0;0;0;0;0;0;0;0;0
"Central African Republic";482;2002;Chad;483;0;0;0;0;0;0;0;0;0;0;0
"Central African Republic";482;2002;France;220;0;0;0;0;0;0;0;0;0;0;0
"Central African Republic";482;2003;Chad;483;0;0;0;0;0;0;0;0;0;0;0
"Central African Republic";482;2003;France;220;0;0;0;0;0;0;0;0;0;0;0
"Central African Republic";482;2006;Benin;434;0;0;0;0;0;0;0;0;0;0;0
"Central African Republic";482;2006;Chad;483;0;0;0;0;0;0;0;0;0;0;0
"Central African Republic";482;2006;Sudan;625;0;0;0;0;0;0;0;0;0;0;0
"Central African Republic";482;2007;Benin;434;0;0;0;0;0;0;0;0;0;0;0
"Central African Republic";482;2007;Chad;483;0;0;0;0;0;0;0;0;0;0;0
"Central African Republic";482;2007;Sudan;625;0;0;0;0;0;0;0;0;0;0;0
"Central African Republic";482;2008;Benin;434;0;0;0;0;0;0;0;0;0;0;0
"Central African Republic";482;2008;Chad;483;0;0;0;0;0;0;0;0;0;0;0
"Central African Republic";482;2008;Sudan;625;0;0;0;0;0;0;0;0;0;0;0
"Central African Republic";482;2009;Benin;434;0;0;0;0;0;0;0;0;0;0;0
"Central African Republic";482;2009;Chad;483;0;0;0;0;0;0;0;0;0;0;0
"Central African Republic";482;2009;Sudan;625;0;0;0;0;0;0;0;0;0;0;0
"Central African Republic";482;2010;Benin;434;0;0;0;0;0;0;0;0;0;0;0
"Central African Republic";482;2010;Chad;483;0;0;0;0;0;0;0;0;0;0;0
"Central African Republic";482;2010;Sudan;625;0;0;0;0;0;0;0;0;0;0;0
Chad;483;1966;Algeria;615;0;0;0;0;0;0;0;0;0;0;0
Chad;483;1966;Libya;620;1;0;0;0;0;0;1;0;0;0;0
Chad;483;1966;Sudan;625;0;0;0;0;0;0;0;0;0;0;0
Chad;483;1967;Algeria;615;0;0;0;0;0;0;0;0;0;0;0
Chad;483;1967;Libya;620;1;0;0;0;0;0;1;0;0;0;0
Chad;483;1967;Sudan;625;0;0;0;0;0;0;0;0;0;0;0
Chad;483;1968;Algeria;615;0;0;0;0;0;0;0;0;0;0;0
Chad;483;1968;Libya;620;1;0;1;1;0;0;1;0;0;0;0
Chad;483;1968;Sudan;625;0;0;0;0;0;0;0;0;0;0;0
Chad;483;1969;Algeria;615;0;0;0;0;0;0;0;0;0;0;0
Chad;483;1969;Libya;620;1;0;1;1;0;0;1;0;0;0;0
Chad;483;1969;Sudan;625;0;0;0;0;0;0;0;0;0;0;0
Chad;483;1970;Algeria;615;0;0;0;0;0;0;0;0;0;0;0
Chad;483;1970;Libya;620;1;0;1;1;0;0;1;0;0;0;0
Chad;483;1970;Sudan;625;0;0;0;0;0;0;0;0;0;0;0
Chad;483;1971;Algeria;615;0;0;0;0;0;0;0;0;0;0;0
Chad;483;1971;Libya;620;1;0;1;1;0;0;1;0;0;0;0
Chad;483;1971;Sudan;625;0;0;0;0;0;0;0;0;0;0;0
Chad;483;1972;Algeria;615;0;0;0;0;0;0;0;0;0;0;0
Chad;483;1972;Libya;620;2;0;1;1;0;0;1;0;0;0;1
Chad;483;1972;Sudan;625;0;0;0;0;0;0;0;0;0;0;0
Chad;483;1973;Algeria;615;0;0;0;0;0;0;0;0;0;0;0
Chad;483;1973;Libya;620;2;0;1;1;0;0;0;0;0;0;1
Chad;483;1973;Sudan;625;0;0;0;0;0;0;0;0;0;0;0
Chad;483;1974;Algeria;615;0;0;0;0;0;0;0;0;0;0;0
Chad;483;1974;Libya;620;2;0;1;1;0;0;0;0;0;0;1
Chad;483;1974;Sudan;625;0;0;0;0;0;0;0;0;0;0;0
Chad;483;1975;Algeria;615;0;0;0;0;0;0;0;0;0;0;0
Chad;483;1975;Libya;620;2;0;1;1;0;0;0;0;0;0;1
Chad;483;1975;Sudan;625;0;0;0;0;0;0;0;0;0;0;0
Chad;483;1976;Algeria;615;0;0;0;0;0;0;0;0;0;0;0
Chad;483;1976;Libya;620;2;0;0;1;0;0;1;0;0;0;1
Chad;483;1976;Sudan;625;1;0;0;0;0;0;1;0;0;0;0
Chad;483;1977;Algeria;615;0;0;0;0;0;0;0;0;0;0;0
Chad;483;1977;Libya;620;2;0;0;1;0;0;1;0;0;0;1
Chad;483;1977;Sudan;625;1;0;0;0;0;0;1;0;0;0;0
Chad;483;1978;Algeria;615;0;0;0;0;0;0;0;0;0;0;0
Chad;483;1978;France;220;0;0;0;0;0;0;0;0;0;0;0
Chad;483;1978;Libya;620;2;0;0;1;0;0;1;0;0;0;1
Chad;483;1978;Sudan;625;1;0;0;0;0;0;1;0;0;0;0
Chad;483;1979;Algeria;615;0;0;0;0;0;0;0;0;0;0;0
Chad;483;1979;Egypt;651;0;0;0;0;0;0;0;0;0;0;0
Chad;483;1979;France;220;0;0;0;0;0;0;0;0;0;0;0
Chad;483;1979;Libya;620;3;0;0;1;0;1;3;0;0;0;1
Chad;483;1979;Sudan;625;1;0;0;0;0;0;1;0;0;0;0
Chad;483;1980;Egypt;651;0;0;0;0;0;0;0;0;0;0;0
Chad;483;1980;France;220;0;0;0;0;0;0;0;0;0;0;0
Chad;483;1980;Libya;620;3;0;0;0;0;1;2;0;0;3;1
Chad;483;1980;Sudan;625;0;0;0;0;0;0;0;0;0;0;0
Chad;483;1981;Egypt;651;1;0;0;0;0;0;1;0;0;0;0
Chad;483;1981;France;220;1;0;0;0;0;0;0;0;0;0;1
Chad;483;1981;Libya;620;4;0;0;0;0;1;2;0;0;4;1
Chad;483;1981;Sudan;625;1;0;0;0;0;0;1;0;0;0;0
Chad;483;1982;Egypt;651;1;0;0;0;0;0;1;0;0;0;0
Chad;483;1982;France;220;1;0;0;0;0;0;0;0;0;0;1
Chad;483;1982;Libya;620;5;0;1;0;0;1;4;0;0;3;1
Chad;483;1982;Sudan;625;1;0;0;0;0;0;1;0;0;0;0
Chad;483;1983;France;220;1;0;0;1;0;0;0;0;0;0;0
Chad;483;1983;Libya;620;4;0;1;0;0;1;3;0;0;4;1
Chad;483;1983;Sudan;625;0;0;0;0;0;0;0;0;0;0;0
Chad;483;1984;France;220;0;0;0;0;0;0;0;0;0;0;0
Chad;483;1984;Libya;620;4;0;0;0;0;1;2;0;0;4;1
Chad;483;1984;Sudan;625;0;0;0;0;0;0;0;0;0;0;0
Chad;483;1985;France;220;0;0;0;0;0;0;0;0;0;0;0
Chad;483;1985;Libya;620;4;0;0;0;0;1;2;0;0;3;1
Chad;483;1985;Sudan;625;0;0;0;0;0;0;0;0;0;0;0
Chad;483;1986;Ethiopia;530;0;0;0;0;0;0;0;0;0;0;0
Chad;483;1986;France;220;0;0;0;0;0;0;0;0;0;0;0
Chad;483;1986;Libya;620;4;0;0;0;0;1;2;0;0;3;1
Chad;483;1986;Nigeria;475;0;0;0;0;0;0;0;0;0;0;0
Chad;483;1986;Sudan;625;0;0;0;0;0;0;0;0;0;0;0
Chad;483;1987;Ethiopia;530;0;0;0;0;0;0;0;0;0;0;0
Chad;483;1987;Libya;620;2;0;0;0;0;1;2;0;0;1;1
Chad;483;1987;Nigeria;475;0;0;0;0;0;0;0;0;0;0;0
Chad;483;1987;Sudan;625;0;0;0;0;0;0;0;0;0;0;0
Chad;483;1988;Ethiopia;530;0;0;0;0;0;0;0;0;0;0;0
Chad;483;1988;Libya;620;1;0;0;0;0;1;1;0;0;0;1
Chad;483;1988;Nigeria;475;0;0;0;0;0;0;0;0;0;0;0
Chad;483;1988;Sudan;625;0;0;0;0;0;0;0;0;0;0;0
Chad;483;1989;Ethiopia;530;0;0;0;0;0;0;0;0;0;0;0
Chad;483;1989;Libya;620;1;0;0;0;0;1;1;0;0;0;1
Chad;483;1989;Nigeria;475;0;0;0;0;0;0;0;0;0;0;0
Chad;483;1989;Sudan;625;0;0;0;0;0;0;0;0;0;0;0
Chad;483;1990;Libya;620;2;0;0;0;0;1;2;0;0;0;1
Chad;483;1990;Sudan;625;1;1;1;0;0;0;0;0;0;0;0
Chad;483;1991;"Central African Republic";482;0;0;0;0;0;0;0;0;0;0;0
Chad;483;1991;Niger;436;1;0;1;0;0;0;0;0;0;0;0
Chad;483;1991;Nigeria;475;0;0;0;0;0;0;0;0;0;0;0
Chad;483;1991;Senegal;433;1;0;1;0;0;0;0;0;0;0;0
Chad;483;1991;Sudan;625;0;0;0;0;0;0;0;0;0;0;0
Chad;483;1992;"Central African Republic";482;0;0;0;0;0;0;0;0;0;0;0
Chad;483;1992;Libya;620;0;0;0;0;0;0;0;0;0;0;0
Chad;483;1992;Niger;436;1;0;1;0;0;0;0;0;0;0;0
Chad;483;1992;Nigeria;475;0;0;0;0;0;0;0;0;0;0;0
Chad;483;1992;Senegal;433;1;0;1;0;0;0;0;0;0;0;0
Chad;483;1992;Sudan;625;0;0;0;0;0;0;0;0;0;0;0
Chad;483;1993;"Central African Republic";482;0;0;0;0;0;0;0;0;0;0;0
Chad;483;1993;Libya;620;1;0;1;0;0;0;0;0;0;0;0
Chad;483;1993;Niger;436;1;0;1;0;0;0;0;0;0;0;0
Chad;483;1993;Nigeria;475;0;0;0;0;0;0;0;0;0;0;0
Chad;483;1993;Senegal;433;1;0;1;0;0;0;0;0;0;0;0
Chad;483;1993;Sudan;625;0;0;0;0;0;0;0;0;0;0;0
Chad;483;1994;"Central African Republic";482;0;0;0;0;0;0;0;0;0;0;0
Chad;483;1994;Libya;620;1;0;1;0;0;0;0;0;0;0;0
Chad;483;1994;Niger;436;1;0;1;0;0;0;0;0;0;0;0
Chad;483;1994;Nigeria;475;0;0;0;0;0;0;0;0;0;0;0
Chad;483;1994;Senegal;433;1;0;1;0;0;0;0;0;0;0;0
Chad;483;1994;Sudan;625;0;0;0;0;0;0;0;0;0;0;0
Chad;483;1995;Libya;620;0;0;0;0;0;0;0;0;0;0;0
Chad;483;1995;Niger;436;1;0;1;0;0;0;0;0;0;0;0
Chad;483;1995;Nigeria;475;0;0;0;0;0;0;0;0;0;0;0
Chad;483;1995;Senegal;433;1;0;1;0;0;0;0;0;0;0;0
Chad;483;1995;Sudan;625;0;0;0;0;0;0;0;0;0;0;0
Chad;483;1996;Libya;620;0;0;0;0;0;0;0;0;0;0;0
Chad;483;1996;Niger;436;1;0;1;0;0;0;0;0;0;0;0
Chad;483;1996;Nigeria;475;0;0;0;0;0;0;0;0;0;0;0
Chad;483;1996;Senegal;433;1;0;1;0;0;0;0;0;0;0;0
Chad;483;1996;Sudan;625;0;0;0;0;0;0;0;0;0;0;0
Chad;483;1997;Libya;620;0;0;0;0;0;0;0;0;0;0;0
Chad;483;1997;Niger;436;1;0;1;0;0;0;0;0;0;0;0
Chad;483;1997;Nigeria;475;0;0;0;0;0;0;0;0;0;0;0
Chad;483;1997;Senegal;433;1;0;1;0;0;0;0;0;0;0;0
Chad;483;1997;Sudan;625;0;0;0;0;0;0;0;0;0;0;0
Chad;483;1998;Italy;325;1;0;0;1;0;0;0;0;0;0;0
Chad;483;1998;Libya;620;1;0;0;0;0;0;0;1;0;0;0
Chad;483;1999;Italy;325;1;0;0;1;0;0;0;0;0;0;0
Chad;483;1999;Libya;620;1;0;0;0;0;0;0;1;0;0;0
Chad;483;2000;Italy;325;1;0;0;1;0;0;0;0;0;0;0
Chad;483;2000;Libya;620;1;0;0;0;0;0;0;1;0;0;0
Chad;483;2001;Italy;325;1;0;0;1;0;0;0;0;0;0;0
Chad;483;2001;Libya;620;1;0;0;0;0;0;0;1;0;0;0
Chad;483;2002;Italy;325;1;0;0;1;0;0;0;0;0;0;0
Chad;483;2002;Libya;620;1;0;0;0;0;0;0;1;0;0;0
Chad;483;2003;Italy;325;1;0;0;1;0;0;0;0;0;0;0
Chad;483;2003;Libya;620;1;0;0;0;0;0;0;1;0;0;0
Chad;483;2004;Italy;325;1;0;0;1;0;0;0;0;0;0;0
Chad;483;2004;Libya;620;1;0;0;0;0;0;0;1;0;0;0
Chad;483;2005;"Central African Republic";482;0;0;0;0;0;0;0;0;0;0;0
Chad;483;2005;Italy;325;1;0;0;1;0;0;0;0;0;0;0
Chad;483;2005;Libya;620;0;0;0;0;0;0;0;0;0;0;0
Chad;483;2005;Sudan;625;1;1;0;0;0;0;1;0;0;0;0
Chad;483;2006;"Central African Republic";482;0;0;0;0;0;0;0;0;0;0;0
Chad;483;2006;France;220;0;0;0;0;0;0;0;0;0;0;0
Chad;483;2006;Italy;325;1;0;0;1;0;0;0;0;0;0;0
Chad;483;2006;Libya;620;0;0;0;0;0;0;0;0;0;0;0
Chad;483;2006;"Saudi Arabia";670;0;0;0;0;0;0;0;0;0;0;0
Chad;483;2006;Sudan;625;3;3;1;1;0;0;3;1;0;0;0
Chad;483;2006;"United Kingdom";200;0;0;0;0;0;0;0;0;0;0;0
Chad;483;2007;France;220;1;0;1;0;0;0;0;0;0;0;0
Chad;483;2007;Italy;325;1;0;0;1;0;0;0;0;0;0;0
Chad;483;2007;Libya;620;0;0;0;0;0;0;0;0;0;0;0
Chad;483;2007;"Saudi Arabia";670;0;0;0;0;0;0;0;0;0;0;0
Chad;483;2007;Sudan;625;2;1;2;1;0;0;1;1;0;0;0
Chad;483;2007;"United Kingdom";200;0;0;0;0;0;0;0;0;0;0;0
Chad;483;2008;France;220;1;0;1;0;0;0;0;0;0;0;0
Chad;483;2008;Italy;325;1;0;0;1;0;0;0;0;0;0;0
Chad;483;2008;Libya;620;0;0;0;0;0;0;0;0;0;0;0
Chad;483;2008;"Saudi Arabia";670;0;0;0;0;0;0;0;0;0;0;0
Chad;483;2008;Sudan;625;2;2;2;1;2;1;2;1;0;2;0
Chad;483;2008;"United Kingdom";200;0;0;0;0;0;0;0;0;0;0;0
Chad;483;2009;France;220;1;0;1;0;0;0;0;0;0;0;0
Chad;483;2009;Italy;325;1;0;0;1;0;0;0;0;0;0;0
Chad;483;2009;Libya;620;0;0;0;0;0;0;0;0;0;0;0
Chad;483;2009;"Saudi Arabia";670;0;0;0;0;0;0;0;0;0;0;0
Chad;483;2009;Sudan;625;3;3;3;0;2;1;2;1;0;1;0
Chad;483;2009;"United Kingdom";200;0;0;0;0;0;0;0;0;0;0;0
Chad;483;2010;France;220;1;0;1;0;0;0;0;0;0;0;0
Chad;483;2010;Italy;325;1;0;0;1;0;0;0;0;0;0;0
Chad;483;2010;Libya;620;0;0;0;0;0;0;0;0;0;0;0
Chad;483;2010;"Saudi Arabia";670;0;0;0;0;0;0;0;0;0;0;0
Chad;483;2010;Sudan;625;1;1;1;0;1;0;1;1;0;1;0
China;710;1927;"Soviet Union/Russia";365;1;0;0;0;0;1;0;0;0;0;0
China;710;1927;"United States of America";2;0;0;0;0;0;0;0;0;0;0;0
China;710;1928;"Soviet Union/Russia";365;1;0;0;0;0;1;0;0;0;0;0
China;710;1928;"United States of America";2;0;0;0;0;0;0;0;0;0;0;0
China;710;1929;"Soviet Union/Russia";365;1;0;0;0;0;1;0;0;0;0;0
China;710;1929;"United States of America";2;0;0;0;0;0;0;0;0;0;0;0
China;710;1930;"Soviet Union/Russia";365;0;0;0;0;0;0;0;0;0;0;0
China;710;1930;"United States of America";2;0;0;0;0;0;0;0;0;0;0;0
China;710;1931;"Soviet Union/Russia";365;0;0;0;0;0;0;0;0;0;0;0
China;710;1931;"United States of America";2;0;0;0;0;0;0;0;0;0;0;0
China;710;1932;"Soviet Union/Russia";365;0;0;0;0;0;0;0;0;0;0;0
China;710;1932;"United States of America";2;0;0;0;0;0;0;0;0;0;0;0
China;710;1933;"Soviet Union/Russia";365;0;0;0;0;0;0;0;0;0;0;0
China;710;1933;"United States of America";2;0;0;0;0;0;0;0;0;0;0;0
China;710;1934;"Soviet Union/Russia";365;0;0;0;0;0;0;0;0;0;0;0
China;710;1934;"United States of America";2;0;0;0;0;0;0;0;0;0;0;0
China;710;1935;"Soviet Union/Russia";365;0;0;0;0;0;0;0;0;0;0;0
China;710;1935;"United States of America";2;0;0;0;0;0;0;0;0;0;0;0
China;710;1936;"Soviet Union/Russia";365;0;0;0;0;0;0;0;0;0;0;0
China;710;1936;"United States of America";2;0;0;0;0;0;0;0;0;0;0;0
China;710;1937;"Soviet Union/Russia";365;0;0;0;0;0;0;0;0;0;0;0
China;710;1937;"United States of America";2;0;0;0;0;0;0;0;0;0;0;0
China;710;1938;"Soviet Union/Russia";365;0;0;0;0;0;0;0;0;0;0;0
China;710;1938;"United States of America";2;0;0;0;0;0;0;0;0;0;0;0
China;710;1939;"Soviet Union/Russia";365;0;0;0;0;0;0;0;0;0;0;0
China;710;1939;"United States of America";2;0;0;0;0;0;0;0;0;0;0;0
China;710;1940;"Soviet Union/Russia";365;0;0;0;0;0;0;0;0;0;0;0
China;710;1940;"United States of America";2;0;0;0;0;0;0;0;0;0;0;0
China;710;1941;"Soviet Union/Russia";365;1;1;0;0;0;0;0;0;0;0;0
China;710;1941;"United States of America";2;0;0;0;0;0;0;0;0;0;0;0
China;710;1942;"Soviet Union/Russia";365;1;1;0;0;0;0;0;0;0;0;0
China;710;1942;"United States of America";2;0;0;0;0;0;0;0;0;0;0;0
China;710;1943;"Soviet Union/Russia";365;1;1;0;0;0;0;0;0;0;0;0
China;710;1943;"United States of America";2;0;0;0;0;0;0;0;0;0;0;0
China;710;1944;"Soviet Union/Russia";365;1;1;0;0;0;0;0;0;0;0;0
China;710;1944;"United States of America";2;0;0;0;0;0;0;0;0;0;0;0
China;710;1945;"Soviet Union/Russia";365;1;1;0;0;0;0;0;0;0;1;0
China;710;1945;"United States of America";2;0;0;0;0;0;0;0;0;0;0;0
China;710;1946;"Soviet Union/Russia";365;0;0;0;0;0;0;0;0;0;0;0
China;710;1946;"United States of America";2;0;0;0;0;0;0;0;0;0;0;0
China;710;1947;Japan;740;0;0;0;0;0;0;0;0;0;0;0
China;710;1947;"Soviet Union/Russia";365;0;0;0;0;0;0;0;0;0;0;0
China;710;1947;"United States of America";2;0;0;0;0;0;0;0;0;0;0;0
China;710;1948;"Soviet Union/Russia";365;0;0;0;0;0;0;0;0;0;0;0
China;710;1948;"United States of America";2;0;0;0;0;0;0;0;0;0;0;0
China;710;1949;"Soviet Union/Russia";365;0;0;0;0;0;0;0;0;0;0;0
China;710;1949;"United States of America";2;0;0;0;0;0;0;0;0;0;0;0
China;710;1950;India;750;1;0;1;1;1;0;0;0;0;0;0
China;710;1950;Nepal;790;0;0;0;0;0;0;0;0;0;0;0
China;710;1950;"United States of America";2;0;0;0;0;0;0;0;0;0;0;0
China;710;1951;India;750;1;0;1;1;1;0;0;0;0;0;0
China;710;1951;Nepal;790;0;0;0;0;0;0;0;0;0;0;0
China;710;1951;"United States of America";2;0;0;0;0;0;0;0;0;0;0;0
China;710;1952;India;750;1;0;1;1;1;0;0;0;0;0;0
China;710;1952;Nepal;790;0;0;0;0;0;0;0;0;0;0;0
China;710;1952;"United States of America";2;0;0;0;0;0;0;0;0;0;0;0
China;710;1953;India;750;1;0;1;1;1;0;0;0;0;0;0
China;710;1953;Nepal;790;0;0;0;0;0;0;0;0;0;0;0
China;710;1953;"United States of America";2;0;0;0;0;0;0;0;0;0;0;0
China;710;1954;India;750;1;0;1;1;1;0;0;0;0;0;0
China;710;1954;Nepal;790;0;0;0;0;0;0;0;0;0;0;0
China;710;1954;"United States of America";2;0;0;0;0;0;0;0;0;0;0;0
China;710;1955;India;750;1;0;1;1;1;0;0;0;0;0;0
China;710;1955;Nepal;790;0;0;0;0;0;0;0;0;0;0;0
China;710;1955;"United States of America";2;0;0;0;0;0;0;0;0;0;0;0
China;710;1956;India;750;1;0;1;1;1;0;0;0;0;0;0
China;710;1956;Nepal;790;0;0;0;0;0;0;0;0;0;0;0
China;710;1956;"United States of America";2;0;0;0;0;0;0;0;0;0;0;0
China;710;1957;India;750;1;0;1;1;1;0;0;0;0;0;0
China;710;1957;Nepal;790;0;0;0;0;0;0;0;0;0;0;0
China;710;1957;"United States of America";2;0;0;0;0;0;0;0;0;0;0;0
China;710;1958;India;750;1;0;1;1;1;0;0;0;0;0;0
China;710;1958;Nepal;790;0;0;0;0;0;0;0;0;0;0;0
China;710;1958;"United States of America";2;0;0;0;0;0;0;0;0;0;0;0
China;710;1959;India;750;1;0;1;1;1;0;0;0;0;0;0
China;710;1959;Nepal;790;0;0;0;0;0;0;0;0;0;0;0
China;710;1959;"United States of America";2;0;0;0;0;0;0;0;0;0;0;0
China;710;1960;India;750;1;0;1;1;1;0;0;0;0;0;0
China;710;1960;Nepal;790;0;0;0;0;0;0;0;0;0;0;0
China;710;1960;"United States of America";2;0;0;0;0;0;0;0;0;0;0;0
China;710;1961;India;750;1;0;1;1;1;0;0;0;0;0;0
China;710;1961;Nepal;790;0;0;0;0;0;0;0;0;0;0;0
China;710;1961;"United States of America";2;0;0;0;0;0;0;0;0;0;0;0
China;710;1962;India;750;1;0;1;1;1;0;0;0;0;0;0
China;710;1962;Nepal;790;0;0;0;0;0;0;0;0;0;0;0
China;710;1962;"United States of America";2;0;0;0;0;0;0;0;0;0;0;0
China;710;1963;India;750;1;0;1;1;1;0;0;0;0;0;0
China;710;1963;Nepal;790;0;0;0;0;0;0;0;0;0;0;0
China;710;1963;"United States of America";2;0;0;0;0;0;0;0;0;0;0;0
China;710;1964;India;750;1;0;1;1;1;0;0;0;0;0;0
China;710;1964;Nepal;790;0;0;0;0;0;0;0;0;0;0;0
China;710;1964;"United States of America";2;0;0;0;0;0;0;0;0;0;0;0
China;710;1965;India;750;1;0;1;1;1;0;0;0;0;0;0
China;710;1965;Nepal;790;0;0;0;0;0;0;0;0;0;0;0
China;710;1965;"United States of America";2;0;0;0;0;0;0;0;0;0;0;0
China;710;1966;India;750;1;0;1;1;1;0;0;0;0;0;0
China;710;1966;Nepal;790;0;0;0;0;0;0;0;0;0;0;0
China;710;1966;"United States of America";2;0;0;0;0;0;0;0;0;0;0;0
China;710;1967;India;750;1;0;1;1;1;0;0;0;0;0;0
China;710;1967;Nepal;790;0;0;0;0;0;0;0;0;0;0;0
China;710;1967;"United States of America";2;0;0;0;0;0;0;0;0;0;0;0
China;710;1968;India;750;1;0;1;1;1;0;0;0;0;0;0
China;710;1968;Nepal;790;0;0;0;0;0;0;0;0;0;0;0
China;710;1968;"United States of America";2;0;0;0;0;0;0;0;0;0;0;0
China;710;1969;India;750;1;0;1;1;1;0;0;0;0;0;0
China;710;1969;Nepal;790;0;0;0;0;0;0;0;0;0;0;0
China;710;1969;"United States of America";2;0;0;0;0;0;0;0;0;0;0;0
China;710;1970;India;750;1;0;1;1;1;0;0;0;0;0;0
China;710;1970;Nepal;790;0;0;0;0;0;0;0;0;0;0;0
China;710;1970;"United States of America";2;0;0;0;0;0;0;0;0;0;0;0
China;710;1971;India;750;1;0;1;1;1;0;0;0;0;0;0
China;710;1971;Nepal;790;0;0;0;0;0;0;0;0;0;0;0
China;710;1971;"United States of America";2;0;0;0;0;0;0;0;0;0;0;0
China;710;1972;India;750;1;0;1;1;1;0;0;0;0;0;0
China;710;1972;Nepal;790;0;0;0;0;0;0;0;0;0;0;0
China;710;1972;"United States of America";2;0;0;0;0;0;0;0;0;0;0;0
China;710;1973;India;750;1;0;1;1;1;0;0;0;0;0;0
China;710;1973;Nepal;790;0;0;0;0;0;0;0;0;0;0;0
China;710;1973;"United States of America";2;0;0;0;0;0;0;0;0;0;0;0
China;710;1974;India;750;1;0;1;1;1;0;0;0;0;0;0
China;710;1974;Nepal;790;0;0;0;0;0;0;0;0;0;0;0
China;710;1974;"United States of America";2;0;0;0;0;0;0;0;0;0;0;0
China;710;1975;India;750;1;0;1;0;0;0;0;0;0;0;0
China;710;1975;Nepal;790;0;0;0;0;0;0;0;0;0;0;0
China;710;1975;"United States of America";2;0;0;0;0;0;0;0;0;0;0;0
China;710;1976;India;750;1;0;1;0;0;0;0;0;0;0;0
China;710;1976;Nepal;790;0;0;0;0;0;0;0;0;0;0;0
China;710;1976;"United States of America";2;0;0;0;0;0;0;0;0;0;0;0
China;710;1977;India;750;1;0;1;0;0;0;0;0;0;0;0
China;710;1977;Nepal;790;0;0;0;0;0;0;0;0;0;0;0
China;710;1977;"United States of America";2;0;0;0;0;0;0;0;0;0;0;0
China;710;1978;India;750;1;0;1;0;0;0;0;0;0;0;0
China;710;1978;Nepal;790;0;0;0;0;0;0;0;0;0;0;0
China;710;1978;"United States of America";2;0;0;0;0;0;0;0;0;0;0;0
China;710;1979;India;750;1;0;1;0;0;0;0;0;0;0;0
China;710;1979;Nepal;790;0;0;0;0;0;0;0;0;0;0;0
China;710;1979;"United States of America";2;0;0;0;0;0;0;0;0;0;0;0
China;710;1990;Afghanistan;700;0;0;0;0;0;0;0;0;0;0;0
China;710;1990;Pakistan;770;0;0;0;0;0;0;0;0;0;0;0
China;710;1991;Afghanistan;700;0;0;0;0;0;0;0;0;0;0;0
China;710;1991;Pakistan;770;0;0;0;0;0;0;0;0;0;0;0
China;710;1992;Afghanistan;700;0;0;0;0;0;0;0;0;0;0;0
China;710;1992;Pakistan;770;0;0;0;0;0;0;0;0;0;0;0
China;710;1993;Afghanistan;700;0;0;0;0;0;0;0;0;0;0;0
China;710;1993;Pakistan;770;0;0;0;0;0;0;0;0;0;0;0
China;710;1994;Afghanistan;700;0;0;0;0;0;0;0;0;0;0;0
China;710;1994;Pakistan;770;0;0;0;0;0;0;0;0;0;0;0
China;710;1995;Afghanistan;700;0;0;0;0;0;0;0;0;0;0;0
China;710;1995;Pakistan;770;0;0;0;0;0;0;0;0;0;0;0
China;710;1996;Afghanistan;700;0;0;0;0;0;0;0;0;0;0;0
China;710;1996;Pakistan;770;0;0;0;0;0;0;0;0;0;0;0
China;710;1997;Afghanistan;700;1;1;1;1;1;0;0;0;0;0;0
China;710;1997;Pakistan;770;0;0;0;0;0;0;0;0;0;0;0
China;710;1998;Afghanistan;700;1;1;1;1;1;0;0;0;0;0;0
China;710;1998;Pakistan;770;0;0;0;0;0;0;0;0;0;0;0
China;710;1999;Afghanistan;700;1;1;1;1;1;0;0;0;0;0;0
China;710;1999;Pakistan;770;0;0;0;0;0;0;0;0;0;0;0
China;710;2000;Afghanistan;700;1;1;1;1;1;0;0;0;0;0;0
China;710;2000;Pakistan;770;0;0;0;0;0;0;0;0;0;0;0
China;710;2001;Afghanistan;700;1;1;1;1;1;0;0;0;0;0;0
China;710;2001;Pakistan;770;0;0;0;0;0;0;0;0;0;0;0
China;710;2002;Afghanistan;700;0;0;0;0;0;0;0;0;0;0;0
China;710;2002;Pakistan;770;0;0;0;0;0;0;0;0;0;0;0
China;710;2003;Afghanistan;700;0;0;0;0;0;0;0;0;0;0;0
China;710;2003;Pakistan;770;0;0;0;0;0;0;0;0;0;0;0
China;710;2004;Afghanistan;700;0;0;0;0;0;0;0;0;0;0;0
China;710;2004;Pakistan;770;0;0;0;0;0;0;0;0;0;0;0
China;710;2005;Afghanistan;700;0;0;0;0;0;0;0;0;0;0;0
China;710;2005;Pakistan;770;0;0;0;0;0;0;0;0;0;0;0
China;710;2006;Afghanistan;700;0;0;0;0;0;0;0;0;0;0;0
China;710;2006;Pakistan;770;0;0;0;0;0;0;0;0;0;0;0
China;710;2007;Afghanistan;700;0;0;0;0;0;0;0;0;0;0;0
China;710;2007;Pakistan;770;0;0;0;0;0;0;0;0;0;0;0
China;710;2008;Afghanistan;700;0;0;0;0;0;0;0;0;0;0;0
China;710;2008;Pakistan;770;0;0;0;0;0;0;0;0;0;0;0
China;710;2009;Afghanistan;700;0;0;0;0;0;0;0;0;0;0;0
China;710;2009;Pakistan;770;0;0;0;0;0;0;0;0;0;0;0
China;710;2010;Afghanistan;700;0;0;0;0;0;0;0;0;0;0;0
China;710;2010;Pakistan;770;0;0;0;0;0;0;0;0;0;0;0
Colombia;100;1962;Bolivia;145;0;0;0;0;0;0;0;0;0;0;0
Colombia;100;1962;Cuba;40;0;0;0;0;0;0;0;0;0;0;0
Colombia;100;1962;Venezuela;101;0;0;0;0;0;0;0;0;0;0;0
Colombia;100;1963;Bolivia;145;0;0;0;0;0;0;0;0;0;0;0
Colombia;100;1963;Cuba;40;0;0;0;0;0;0;0;0;0;0;0
Colombia;100;1963;Venezuela;101;0;0;0;0;0;0;0;0;0;0;0
Colombia;100;1964;Bolivia;145;0;0;0;0;0;0;0;0;0;0;0
Colombia;100;1964;Cuba;40;0;0;0;0;0;0;0;0;0;0;0
Colombia;100;1964;Ecuador;130;0;0;0;0;0;0;0;0;0;0;0
Colombia;100;1964;Panama;95;0;0;0;0;0;0;0;0;0;0;0
Colombia;100;1964;"Soviet Union/Russia";365;0;0;0;0;0;0;0;0;0;0;0
Colombia;100;1964;Venezuela;101;0;0;0;0;0;0;0;0;0;0;0
Colombia;100;1964;Vietnam;816;0;0;0;0;0;0;0;0;0;0;0
Colombia;100;1965;Bolivia;145;0;0;0;0;0;0;0;0;0;0;0
Colombia;100;1965;Cuba;40;0;0;0;0;0;0;0;0;0;0;0
Colombia;100;1965;Ecuador;130;0;0;0;0;0;0;0;0;0;0;0
Colombia;100;1965;Panama;95;0;0;0;0;0;0;0;0;0;0;0
Colombia;100;1965;"Soviet Union/Russia";365;0;0;0;0;0;0;0;0;0;0;0
Colombia;100;1965;Venezuela;101;0;0;0;0;0;0;0;0;0;0;0
Colombia;100;1965;Vietnam;816;0;0;0;0;0;0;0;0;0;0;0
Colombia;100;1966;Bolivia;145;0;0;0;0;0;0;0;0;0;0;0
Colombia;100;1966;Cuba;40;0;0;0;0;0;0;0;0;0;0;0
Colombia;100;1966;Ecuador;130;0;0;0;0;0;0;0;0;0;0;0
Colombia;100;1966;Panama;95;0;0;0;0;0;0;0;0;0;0;0
Colombia;100;1966;"Soviet Union/Russia";365;0;0;0;0;0;0;0;0;0;0;0
Colombia;100;1966;Venezuela;101;0;0;0;0;0;0;0;0;0;0;0
Colombia;100;1966;Vietnam;816;0;0;0;0;0;0;0;0;0;0;0
Colombia;100;1967;Bolivia;145;0;0;0;0;0;0;0;0;0;0;0
Colombia;100;1967;Cuba;40;0;0;0;0;0;0;0;0;0;0;0
Colombia;100;1967;Ecuador;130;0;0;0;0;0;0;0;0;0;0;0
Colombia;100;1967;Panama;95;0;0;0;0;0;0;0;0;0;0;0
Colombia;100;1967;"Soviet Union/Russia";365;0;0;0;0;0;0;0;0;0;0;0
Colombia;100;1967;Venezuela;101;0;0;0;0;0;0;0;0;0;0;0
Colombia;100;1967;Vietnam;816;0;0;0;0;0;0;0;0;0;0;0
Colombia;100;1968;Bolivia;145;0;0;0;0;0;0;0;0;0;0;0
Colombia;100;1968;Cuba;40;0;0;0;0;0;0;0;0;0;0;0
Colombia;100;1968;Ecuador;130;0;0;0;0;0;0;0;0;0;0;0
Colombia;100;1968;Libya;620;0;0;0;0;0;0;0;0;0;0;0
Colombia;100;1968;Panama;95;0;0;0;0;0;0;0;0;0;0;0
Colombia;100;1968;"Soviet Union/Russia";365;0;0;0;0;0;0;0;0;0;0;0
Colombia;100;1968;Venezuela;101;0;0;0;0;0;0;0;0;0;0;0
Colombia;100;1968;Vietnam;816;0;0;0;0;0;0;0;0;0;0;0
Colombia;100;1969;Bolivia;145;0;0;0;0;0;0;0;0;0;0;0
Colombia;100;1969;Cuba;40;0;0;0;0;0;0;0;0;0;0;0
Colombia;100;1969;Ecuador;130;0;0;0;0;0;0;0;0;0;0;0
Colombia;100;1969;Libya;620;0;0;0;0;0;0;0;0;0;0;0
Colombia;100;1969;Panama;95;0;0;0;0;0;0;0;0;0;0;0
Colombia;100;1969;"Soviet Union/Russia";365;0;0;0;0;0;0;0;0;0;0;0
Colombia;100;1969;Venezuela;101;0;0;0;0;0;0;0;0;0;0;0
Colombia;100;1969;Vietnam;816;0;0;0;0;0;0;0;0;0;0;0
Colombia;100;1970;Bolivia;145;0;0;0;0;0;0;0;0;0;0;0
Colombia;100;1970;Cuba;40;0;0;0;0;0;0;0;0;0;0;0
Colombia;100;1970;Ecuador;130;0;0;0;0;0;0;0;0;0;0;0
Colombia;100;1970;Libya;620;0;0;0;0;0;0;0;0;0;0;0
Colombia;100;1970;Nicaragua;93;0;0;0;0;0;0;0;0;0;0;0
Colombia;100;1970;Panama;95;0;0;0;0;0;0;0;0;0;0;0
Colombia;100;1970;"Soviet Union/Russia";365;1;0;0;0;0;1;0;0;0;0;0
Colombia;100;1970;Venezuela;101;0;0;0;0;0;0;0;0;0;0;0
Colombia;100;1970;Vietnam;816;1;0;0;0;0;1;0;0;0;0;0
Colombia;100;1971;Bolivia;145;0;0;0;0;0;0;0;0;0;0;0
Colombia;100;1971;Cuba;40;0;0;0;0;0;0;0;0;0;0;0
Colombia;100;1971;Ecuador;130;0;0;0;0;0;0;0;0;0;0;0
Colombia;100;1971;Libya;620;0;0;0;0;0;0;0;0;0;0;0
Colombia;100;1971;Nicaragua;93;0;0;0;0;0;0;0;0;0;0;0
Colombia;100;1971;Panama;95;0;0;0;0;0;0;0;0;0;0;0
Colombia;100;1971;"Soviet Union/Russia";365;1;0;0;0;0;1;0;0;0;0;0
Colombia;100;1971;Venezuela;101;0;0;0;0;0;0;0;0;0;0;0
Colombia;100;1971;Vietnam;816;1;0;0;0;0;1;0;0;0;0;0
Colombia;100;1972;Bolivia;145;0;0;0;0;0;0;0;0;0;0;0
Colombia;100;1972;Cuba;40;0;0;0;0;0;0;0;0;0;0;0
Colombia;100;1972;Ecuador;130;0;0;0;0;0;0;0;0;0;0;0
Colombia;100;1972;Libya;620;0;0;0;0;0;0;0;0;0;0;0
Colombia;100;1972;Nicaragua;93;0;0;0;0;0;0;0;0;0;0;0
Colombia;100;1972;Panama;95;0;0;0;0;0;0;0;0;0;0;0
Colombia;100;1972;"Soviet Union/Russia";365;1;0;0;0;0;1;0;0;0;0;0
Colombia;100;1972;Venezuela;101;0;0;0;0;0;0;0;0;0;0;0
Colombia;100;1972;Vietnam;816;1;0;0;0;0;1;0;0;0;0;0
Colombia;100;1973;Bolivia;145;0;0;0;0;0;0;0;0;0;0;0
Colombia;100;1973;Cuba;40;0;0;0;0;0;0;0;0;0;0;0
Colombia;100;1973;Ecuador;130;0;0;0;0;0;0;0;0;0;0;0
Colombia;100;1973;Libya;620;0;0;0;0;0;0;0;0;0;0;0
Colombia;100;1973;Nicaragua;93;0;0;0;0;0;0;0;0;0;0;0
Colombia;100;1973;Panama;95;0;0;0;0;0;0;0;0;0;0;0
Colombia;100;1973;"Soviet Union/Russia";365;1;0;0;0;0;1;0;0;0;0;0
Colombia;100;1973;Venezuela;101;0;0;0;0;0;0;0;0;0;0;0
Colombia;100;1973;Vietnam;816;1;0;0;0;0;1;0;0;0;0;0
Colombia;100;1974;Bolivia;145;0;0;0;0;0;0;0;0;0;0;0
Colombia;100;1974;Cuba;40;0;0;0;0;0;0;0;0;0;0;0
Colombia;100;1974;Ecuador;130;0;0;0;0;0;0;0;0;0;0;0
Colombia;100;1974;Libya;620;0;0;0;0;0;0;0;0;0;0;0
Colombia;100;1974;Nicaragua;93;0;0;0;0;0;0;0;0;0;0;0
Colombia;100;1974;Panama;95;0;0;0;0;0;0;0;0;0;0;0
Colombia;100;1974;"Soviet Union/Russia";365;1;0;0;0;0;1;0;0;0;0;0
Colombia;100;1974;Venezuela;101;0;0;0;0;0;0;0;0;0;0;0
Colombia;100;1974;Vietnam;816;1;0;0;0;0;1;0;0;0;0;0
Colombia;100;1975;Bolivia;145;0;0;0;0;0;0;0;0;0;0;0
Colombia;100;1975;Cuba;40;0;0;0;0;0;0;0;0;0;0;0
Colombia;100;1975;Ecuador;130;0;0;0;0;0;0;0;0;0;0;0
Colombia;100;1975;Libya;620;0;0;0;0;0;0;0;0;0;0;0
Colombia;100;1975;Nicaragua;93;0;0;0;0;0;0;0;0;0;0;0
Colombia;100;1975;Panama;95;0;0;0;0;0;0;0;0;0;0;0
Colombia;100;1975;"Soviet Union/Russia";365;1;0;0;0;0;1;0;0;0;0;0
Colombia;100;1975;Venezuela;101;0;0;0;0;0;0;0;0;0;0;0
Colombia;100;1975;Vietnam;816;1;0;0;0;0;1;0;0;0;0;0
Colombia;100;1976;Bolivia;145;0;0;0;0;0;0;0;0;0;0;0
Colombia;100;1976;Cuba;40;0;0;0;0;0;0;0;0;0;0;0
Colombia;100;1976;Ecuador;130;0;0;0;0;0;0;0;0;0;0;0
Colombia;100;1976;Libya;620;0;0;0;0;0;0;0;0;0;0;0
Colombia;100;1976;Nicaragua;93;0;0;0;0;0;0;0;0;0;0;0
Colombia;100;1976;Panama;95;0;0;0;0;0;0;0;0;0;0;0
Colombia;100;1976;"Soviet Union/Russia";365;1;0;0;0;0;1;0;0;0;0;0
Colombia;100;1976;Venezuela;101;0;0;0;0;0;0;0;0;0;0;0
Colombia;100;1976;Vietnam;816;1;0;0;0;0;1;0;0;0;0;0
Colombia;100;1977;Bolivia;145;0;0;0;0;0;0;0;0;0;0;0
Colombia;100;1977;Cuba;40;0;0;0;0;0;0;0;0;0;0;0
Colombia;100;1977;Ecuador;130;0;0;0;0;0;0;0;0;0;0;0
Colombia;100;1977;Libya;620;0;0;0;0;0;0;0;0;0;0;0
Colombia;100;1977;Nicaragua;93;0;0;0;0;0;0;0;0;0;0;0
Colombia;100;1977;Panama;95;0;0;0;0;0;0;0;0;0;0;0
Colombia;100;1977;"Soviet Union/Russia";365;1;0;0;0;0;1;0;0;0;0;0
Colombia;100;1977;Venezuela;101;0;0;0;0;0;0;0;0;0;0;0
Colombia;100;1977;Vietnam;816;1;0;0;0;0;1;0;0;0;0;0
Colombia;100;1978;Bolivia;145;0;0;0;0;0;0;0;0;0;0;0
Colombia;100;1978;Cuba;40;0;0;0;0;0;0;0;0;0;0;0
Colombia;100;1978;Ecuador;130;0;0;0;0;0;0;0;0;0;0;0
Colombia;100;1978;Libya;620;0;0;0;0;0;0;0;0;0;0;0
Colombia;100;1978;Nicaragua;93;0;0;0;0;0;0;0;0;0;0;0
Colombia;100;1978;Panama;95;0;0;0;0;0;0;0;0;0;0;0
Colombia;100;1978;"Soviet Union/Russia";365;1;0;0;0;0;1;0;0;0;0;0
Colombia;100;1978;Venezuela;101;0;0;0;0;0;0;0;0;0;0;0
Colombia;100;1978;Vietnam;816;1;0;0;0;0;1;0;0;0;0;0
Colombia;100;1979;Bolivia;145;0;0;0;0;0;0;0;0;0;0;0
Colombia;100;1979;Cuba;40;0;0;0;0;0;0;0;0;0;0;0
Colombia;100;1979;Ecuador;130;0;0;0;0;0;0;0;0;0;0;0
Colombia;100;1979;Libya;620;0;0;0;0;0;0;0;0;0;0;0
Colombia;100;1979;Nicaragua;93;1;0;0;0;0;1;1;1;0;0;0
Colombia;100;1979;Panama;95;0;0;0;0;0;0;0;0;0;0;0
Colombia;100;1979;"Soviet Union/Russia";365;1;0;0;0;0;1;0;0;0;0;0
Colombia;100;1979;Venezuela;101;0;0;0;0;0;0;0;0;0;0;0
Colombia;100;1979;Vietnam;816;1;0;0;0;0;1;0;0;0;0;0
Colombia;100;1980;Bolivia;145;0;0;0;0;0;0;0;0;0;0;0
Colombia;100;1980;Cuba;40;0;0;0;0;0;0;0;0;0;0;0
Colombia;100;1980;Ecuador;130;0;0;0;0;0;0;0;0;0;0;0
Colombia;100;1980;Libya;620;2;0;0;0;1;1;1;1;0;0;0
Colombia;100;1980;Nicaragua;93;1;0;0;0;0;1;1;1;0;0;0
Colombia;100;1980;Panama;95;0;0;0;0;0;0;0;0;0;0;0
Colombia;100;1980;"Soviet Union/Russia";365;0;0;0;0;0;0;0;0;0;0;0
Colombia;100;1980;Venezuela;101;0;0;0;0;0;0;0;0;0;0;0
Colombia;100;1980;Vietnam;816;1;0;0;0;0;1;0;0;0;0;0
Colombia;100;1981;Bolivia;145;0;0;0;0;0;0;0;0;0;0;0
Colombia;100;1981;Cuba;40;0;0;0;0;0;0;0;0;0;0;0
Colombia;100;1981;Ecuador;130;0;0;0;0;0;0;0;0;0;0;0
Colombia;100;1981;Libya;620;2;0;0;0;1;1;1;1;0;0;0
Colombia;100;1981;Nicaragua;93;1;0;0;0;0;1;1;1;0;0;0
Colombia;100;1981;Panama;95;0;0;0;0;0;0;0;0;0;0;0
Colombia;100;1981;"Soviet Union/Russia";365;0;0;0;0;0;0;0;0;0;0;0
Colombia;100;1981;Venezuela;101;0;0;0;0;0;0;0;0;0;0;0
Colombia;100;1981;Vietnam;816;1;0;0;0;0;1;0;0;0;0;0
Colombia;100;1982;Bolivia;145;0;0;0;0;0;0;0;0;0;0;0
Colombia;100;1982;Cuba;40;1;0;0;0;0;1;1;1;0;0;0
Colombia;100;1982;Ecuador;130;0;0;0;0;0;0;0;0;0;0;0
Colombia;100;1982;Libya;620;2;0;0;0;1;1;1;1;0;0;0
Colombia;100;1982;Nicaragua;93;1;0;0;0;0;1;1;1;0;0;0
Colombia;100;1982;Panama;95;0;0;0;0;0;0;0;0;0;0;0
Colombia;100;1982;"Soviet Union/Russia";365;0;0;0;0;0;0;0;0;0;0;0
Colombia;100;1982;Venezuela;101;0;0;0;0;0;0;0;0;0;0;0
Colombia;100;1982;Vietnam;816;1;0;0;0;0;1;0;0;0;0;0
Colombia;100;1983;Bolivia;145;0;0;0;0;0;0;0;0;0;0;0
Colombia;100;1983;Cuba;40;1;0;0;0;0;1;1;1;0;0;0
Colombia;100;1983;Ecuador;130;0;0;0;0;0;0;0;0;0;0;0
Colombia;100;1983;Libya;620;2;0;0;0;1;1;1;1;0;0;0
Colombia;100;1983;Nicaragua;93;1;0;0;0;0;1;1;1;0;0;0
Colombia;100;1983;Panama;95;0;0;0;0;0;0;0;0;0;0;0
Colombia;100;1983;"Soviet Union/Russia";365;0;0;0;0;0;0;0;0;0;0;0
Colombia;100;1983;Venezuela;101;0;0;0;0;0;0;0;0;0;0;0
Colombia;100;1983;Vietnam;816;1;0;0;0;0;1;0;0;0;0;0
Colombia;100;1984;Bolivia;145;0;0;0;0;0;0;0;0;0;0;0
Colombia;100;1984;Cuba;40;1;0;0;0;0;1;1;1;0;0;0
Colombia;100;1984;Ecuador;130;0;0;0;0;0;0;0;0;0;0;0
Colombia;100;1984;Libya;620;1;0;0;0;0;1;1;1;0;0;0
Colombia;100;1984;Nicaragua;93;1;0;0;0;0;1;1;1;0;0;0
Colombia;100;1984;Panama;95;0;0;0;0;0;0;0;0;0;0;0
Colombia;100;1984;"Soviet Union/Russia";365;0;0;0;0;0;0;0;0;0;0;0
Colombia;100;1984;Venezuela;101;0;0;0;0;0;0;0;0;0;0;0
Colombia;100;1984;Vietnam;816;1;0;0;0;0;1;0;0;0;0;0
Colombia;100;1985;Bolivia;145;0;0;0;0;0;0;0;0;0;0;0
Colombia;100;1985;Cuba;40;1;0;0;0;0;1;1;1;0;0;0
Colombia;100;1985;Ecuador;130;0;0;0;0;0;0;0;0;0;0;0
Colombia;100;1985;Libya;620;1;0;0;0;0;1;1;1;0;0;0
Colombia;100;1985;Nicaragua;93;1;0;0;0;0;1;1;1;0;0;0
Colombia;100;1985;Panama;95;0;0;0;0;0;0;0;0;0;0;0
Colombia;100;1985;"Soviet Union/Russia";365;0;0;0;0;0;0;0;0;0;0;0
Colombia;100;1985;Venezuela;101;0;0;0;0;0;0;0;0;0;0;0
Colombia;100;1985;Vietnam;816;1;0;0;0;0;1;0;0;0;0;0
Colombia;100;1986;Bolivia;145;0;0;0;0;0;0;0;0;0;0;0
Colombia;100;1986;Cuba;40;1;0;0;0;0;1;1;1;0;0;0
Colombia;100;1986;Ecuador;130;0;0;0;0;0;0;0;0;0;0;0
Colombia;100;1986;Libya;620;1;0;0;0;0;1;1;1;0;0;0
Colombia;100;1986;Nicaragua;93;1;0;0;0;0;1;1;1;0;0;0
Colombia;100;1986;Panama;95;0;0;0;0;0;0;0;0;0;0;0
Colombia;100;1986;"Soviet Union/Russia";365;0;0;0;0;0;0;0;0;0;0;0
Colombia;100;1986;Venezuela;101;1;0;0;0;0;0;1;0;0;0;0
Colombia;100;1986;Vietnam;816;1;0;0;0;0;1;0;0;0;0;0
Colombia;100;1987;Bolivia;145;0;0;0;0;0;0;0;0;0;0;0
Colombia;100;1987;Cuba;40;0;0;0;0;0;0;0;0;0;0;0
Colombia;100;1987;Ecuador;130;0;0;0;0;0;0;0;0;0;0;0
Colombia;100;1987;Libya;620;1;0;0;0;0;1;1;1;0;0;0
Colombia;100;1987;Nicaragua;93;1;0;0;0;0;1;1;1;0;0;0
Colombia;100;1987;Panama;95;0;0;0;0;0;0;0;0;0;0;0
Colombia;100;1987;"Soviet Union/Russia";365;0;0;0;0;0;0;0;0;0;0;0
Colombia;100;1987;Venezuela;101;0;0;0;0;0;0;0;0;0;0;0
Colombia;100;1987;Vietnam;816;1;0;0;0;0;1;0;0;0;0;0
Colombia;100;1988;Bolivia;145;0;0;0;0;0;0;0;0;0;0;0
Colombia;100;1988;Cuba;40;0;0;0;0;0;0;0;0;0;0;0
Colombia;100;1988;Ecuador;130;0;0;0;0;0;0;0;0;0;0;0
Colombia;100;1988;Libya;620;1;0;0;0;0;1;1;1;0;0;0
Colombia;100;1988;Nicaragua;93;1;0;0;0;0;1;1;1;0;0;0
Colombia;100;1988;Panama;95;0;0;0;0;0;0;0;0;0;0;0
Colombia;100;1988;"Soviet Union/Russia";365;0;0;0;0;0;0;0;0;0;0;0
Colombia;100;1988;Venezuela;101;0;0;0;0;0;0;0;0;0;0;0
Colombia;100;1988;Vietnam;816;1;0;0;0;0;1;0;0;0;0;0
Colombia;100;1989;Bolivia;145;0;0;0;0;0;0;0;0;0;0;0
Colombia;100;1989;Cuba;40;0;0;0;0;0;0;0;0;0;0;0
Colombia;100;1989;Ecuador;130;0;0;0;0;0;0;0;0;0;0;0
Colombia;100;1989;Libya;620;1;0;0;0;0;1;1;1;0;0;0
Colombia;100;1989;Nicaragua;93;1;0;0;0;0;1;1;1;0;0;0
Colombia;100;1989;Panama;95;0;0;0;0;0;0;0;0;0;0;0
Colombia;100;1989;"Soviet Union/Russia";365;0;0;0;0;0;0;0;0;0;0;0
Colombia;100;1989;Venezuela;101;0;0;0;0;0;0;0;0;0;0;0
Colombia;100;1989;Vietnam;816;1;0;0;0;0;1;0;0;0;0;0
Colombia;100;1990;Bolivia;145;0;0;0;0;0;0;0;0;0;0;0
Colombia;100;1990;Cuba;40;0;0;0;0;0;0;0;0;0;0;0
Colombia;100;1990;Ecuador;130;0;0;0;0;0;0;0;0;0;0;0
Colombia;100;1990;Libya;620;1;0;0;0;0;1;1;1;0;0;0
Colombia;100;1990;Nicaragua;93;1;0;0;0;0;1;1;1;0;0;0
Colombia;100;1990;Panama;95;0;0;0;0;0;0;0;0;0;0;0
Colombia;100;1990;"Soviet Union/Russia";365;0;0;0;0;0;0;0;0;0;0;0
Colombia;100;1990;Venezuela;101;0;0;0;0;0;0;0;0;0;0;0
Colombia;100;1990;Vietnam;816;1;0;0;0;0;1;0;0;0;0;0
Colombia;100;1991;Bolivia;145;0;0;0;0;0;0;0;0;0;0;0
Colombia;100;1991;Cuba;40;0;0;0;0;0;0;0;0;0;0;0
Colombia;100;1991;Ecuador;130;0;0;0;0;0;0;0;0;0;0;0
Colombia;100;1991;Libya;620;0;0;0;0;0;0;0;0;0;0;0
Colombia;100;1991;Panama;95;0;0;0;0;0;0;0;0;0;0;0
Colombia;100;1991;"Soviet Union/Russia";365;0;0;0;0;0;0;0;0;0;0;0
Colombia;100;1991;Venezuela;101;0;0;0;0;0;0;0;0;0;0;0
Colombia;100;1991;Vietnam;816;1;0;0;0;0;1;0;0;0;0;0
Colombia;100;1992;Bolivia;145;0;0;0;0;0;0;0;0;0;0;0
Colombia;100;1992;Cuba;40;0;0;0;0;0;0;0;0;0;0;0
Colombia;100;1992;Ecuador;130;0;0;0;0;0;0;0;0;0;0;0
Colombia;100;1992;Libya;620;0;0;0;0;0;0;0;0;0;0;0
Colombia;100;1992;Panama;95;0;0;0;0;0;0;0;0;0;0;0
Colombia;100;1992;"Soviet Union/Russia";365;0;0;0;0;0;0;0;0;0;0;0
Colombia;100;1992;Venezuela;101;0;0;0;0;0;0;0;0;0;0;0
Colombia;100;1992;Vietnam;816;1;0;0;0;0;1;0;0;0;0;0
Colombia;100;1993;Bolivia;145;0;0;0;0;0;0;0;0;0;0;0
Colombia;100;1993;Cuba;40;0;0;0;0;0;0;0;0;0;0;0
Colombia;100;1993;Ecuador;130;0;0;0;0;0;0;0;0;0;0;0
Colombia;100;1993;Libya;620;0;0;0;0;0;0;0;0;0;0;0
Colombia;100;1993;Panama;95;0;0;0;0;0;0;0;0;0;0;0
Colombia;100;1993;"Soviet Union/Russia";365;0;0;0;0;0;0;0;0;0;0;0
Colombia;100;1993;Venezuela;101;0;0;0;0;0;0;0;0;0;0;0
Colombia;100;1993;Vietnam;816;1;0;0;0;0;1;0;0;0;0;0
Colombia;100;1994;Bolivia;145;0;0;0;0;0;0;0;0;0;0;0
Colombia;100;1994;Cuba;40;0;0;0;0;0;0;0;0;0;0;0
Colombia;100;1994;Ecuador;130;0;0;0;0;0;0;0;0;0;0;0
Colombia;100;1994;Libya;620;0;0;0;0;0;0;0;0;0;0;0
Colombia;100;1994;Panama;95;0;0;0;0;0;0;0;0;0;0;0
Colombia;100;1994;"Soviet Union/Russia";365;0;0;0;0;0;0;0;0;0;0;0
Colombia;100;1994;Venezuela;101;0;0;0;0;0;0;0;0;0;0;0
Colombia;100;1994;Vietnam;816;1;0;0;0;0;1;0;0;0;0;0
Colombia;100;1995;Bolivia;145;0;0;0;0;0;0;0;0;0;0;0
Colombia;100;1995;Cuba;40;0;0;0;0;0;0;0;0;0;0;0
Colombia;100;1995;Ecuador;130;0;0;0;0;0;0;0;0;0;0;0
Colombia;100;1995;Libya;620;0;0;0;0;0;0;0;0;0;0;0
Colombia;100;1995;Panama;95;0;0;0;0;0;0;0;0;0;0;0
Colombia;100;1995;"Soviet Union/Russia";365;0;0;0;0;0;0;0;0;0;0;0
Colombia;100;1995;Venezuela;101;0;0;0;0;0;0;0;0;0;0;0
Colombia;100;1995;Vietnam;816;1;0;0;0;0;1;0;0;0;0;0
Colombia;100;1996;Bolivia;145;0;0;0;0;0;0;0;0;0;0;0
Colombia;100;1996;Cuba;40;0;0;0;0;0;0;0;0;0;0;0
Colombia;100;1996;Ecuador;130;0;0;0;0;0;0;0;0;0;0;0
Colombia;100;1996;Libya;620;0;0;0;0;0;0;0;0;0;0;0
Colombia;100;1996;Panama;95;0;0;0;0;0;0;0;0;0;0;0
Colombia;100;1996;"Soviet Union/Russia";365;0;0;0;0;0;0;0;0;0;0;0
Colombia;100;1996;Venezuela;101;0;0;0;0;0;0;0;0;0;0;0
Colombia;100;1996;Vietnam;816;1;0;0;0;0;1;0;0;0;0;0
Colombia;100;1997;Bolivia;145;0;0;0;0;0;0;0;0;0;0;0
Colombia;100;1997;Cuba;40;0;0;0;0;0;0;0;0;0;0;0
Colombia;100;1997;Ecuador;130;0;0;0;0;0;0;0;0;0;0;0
Colombia;100;1997;Libya;620;0;0;0;0;0;0;0;0;0;0;0
Colombia;100;1997;Panama;95;0;0;0;0;0;0;0;0;0;0;0
Colombia;100;1997;"Soviet Union/Russia";365;0;0;0;0;0;0;0;0;0;0;0
Colombia;100;1997;Venezuela;101;0;0;0;0;0;0;0;0;0;0;0
Colombia;100;1997;Vietnam;816;1;0;0;0;0;1;0;0;0;0;0
Colombia;100;1998;Bolivia;145;0;0;0;0;0;0;0;0;0;0;0
Colombia;100;1998;Cuba;40;0;0;0;0;0;0;0;0;0;0;0
Colombia;100;1998;Ecuador;130;0;0;0;0;0;0;0;0;0;0;0
Colombia;100;1998;Libya;620;0;0;0;0;0;0;0;0;0;0;0
Colombia;100;1998;Panama;95;0;0;0;0;0;0;0;0;0;0;0
Colombia;100;1998;"Soviet Union/Russia";365;0;0;0;0;0;0;0;0;0;0;0
Colombia;100;1998;Venezuela;101;1;1;0;0;0;0;0;0;0;0;0
Colombia;100;1998;Vietnam;816;1;0;0;0;0;1;0;0;0;0;0
Colombia;100;1999;Bolivia;145;0;0;0;0;0;0;0;0;0;0;0
Colombia;100;1999;Cuba;40;0;0;0;0;0;0;0;0;0;0;0
Colombia;100;1999;Ecuador;130;0;0;0;0;0;0;0;0;0;0;0
Colombia;100;1999;Libya;620;0;0;0;0;0;0;0;0;0;0;0
Colombia;100;1999;Panama;95;0;0;0;0;0;0;0;0;0;0;0
Colombia;100;1999;"Soviet Union/Russia";365;0;0;0;0;0;0;0;0;0;0;0
Colombia;100;1999;Venezuela;101;1;1;0;0;0;0;0;0;0;0;0
Colombia;100;1999;Vietnam;816;1;0;0;0;0;1;0;0;0;0;0
Colombia;100;2000;Bolivia;145;0;0;0;0;0;0;0;0;0;0;0
Colombia;100;2000;Cuba;40;1;0;1;0;0;0;0;0;0;0;0
Colombia;100;2000;Ecuador;130;0;0;0;0;0;0;0;0;0;0;0
Colombia;100;2000;Libya;620;0;0;0;0;0;0;0;0;0;0;0
Colombia;100;2000;Panama;95;0;0;0;0;0;0;0;0;0;0;0
Colombia;100;2000;"Soviet Union/Russia";365;0;0;0;0;0;0;0;0;0;0;0
Colombia;100;2000;Venezuela;101;1;1;0;0;0;0;0;0;0;0;0
Colombia;100;2000;Vietnam;816;0;0;0;0;0;0;0;0;0;0;0
Colombia;100;2001;Bolivia;145;0;0;0;0;0;0;0;0;0;0;0
Colombia;100;2001;Cuba;40;2;1;1;1;0;1;0;0;0;0;0
Colombia;100;2001;Ecuador;130;0;0;0;0;0;0;0;0;0;0;0
Colombia;100;2001;Libya;620;0;0;0;0;0;0;0;0;0;0;0
Colombia;100;2001;Panama;95;0;0;0;0;0;0;0;0;0;0;0
Colombia;100;2001;"Soviet Union/Russia";365;0;0;0;0;0;0;0;0;0;0;0
Colombia;100;2001;Venezuela;101;1;1;1;0;0;0;0;0;0;0;0
Colombia;100;2001;Vietnam;816;0;0;0;0;0;0;0;0;0;0;0
Colombia;100;2002;Bolivia;145;0;0;0;0;0;0;0;0;0;0;0
Colombia;100;2002;Cuba;40;2;1;1;1;0;1;0;0;0;0;0
Colombia;100;2002;Ecuador;130;0;0;0;0;0;0;0;0;0;0;0
Colombia;100;2002;Libya;620;0;0;0;0;0;0;0;0;0;0;0
Colombia;100;2002;Panama;95;0;0;0;0;0;0;0;0;0;0;0
Colombia;100;2002;"Soviet Union/Russia";365;0;0;0;0;0;0;0;0;0;0;0
Colombia;100;2002;Venezuela;101;1;1;1;0;1;0;0;0;0;0;0
Colombia;100;2002;Vietnam;816;0;0;0;0;0;0;0;0;0;0;0
Colombia;100;2003;Bolivia;145;0;0;0;0;0;0;0;0;0;0;0
Colombia;100;2003;Cuba;40;2;1;1;1;0;1;0;0;0;0;0
Colombia;100;2003;Ecuador;130;0;0;0;0;0;0;0;0;0;0;0
Colombia;100;2003;Libya;620;0;0;0;0;0;0;0;0;0;0;0
Colombia;100;2003;Panama;95;0;0;0;0;0;0;0;0;0;0;0
Colombia;100;2003;"Soviet Union/Russia";365;0;0;0;0;0;0;0;0;0;0;0
Colombia;100;2003;Venezuela;101;1;1;1;0;1;0;0;0;0;0;0
Colombia;100;2003;Vietnam;816;0;0;0;0;0;0;0;0;0;0;0
Colombia;100;2004;Bolivia;145;0;0;0;0;0;0;0;0;0;0;0
Colombia;100;2004;Cuba;40;2;1;1;1;0;2;1;0;0;0;0
Colombia;100;2004;Ecuador;130;0;0;0;0;0;0;0;0;0;0;0
Colombia;100;2004;Libya;620;0;0;0;0;0;0;0;0;0;0;0
Colombia;100;2004;Panama;95;0;0;0;0;0;0;0;0;0;0;0
Colombia;100;2004;"Soviet Union/Russia";365;0;0;0;0;0;0;0;0;0;0;0
Colombia;100;2004;Venezuela;101;1;1;1;0;1;0;0;0;0;0;0
Colombia;100;2004;Vietnam;816;0;0;0;0;0;0;0;0;0;0;0
Colombia;100;2005;Bolivia;145;0;0;0;0;0;0;0;0;0;0;0
Colombia;100;2005;Cuba;40;1;1;0;0;0;1;0;0;0;0;0
Colombia;100;2005;Ecuador;130;0;0;0;0;0;0;0;0;0;0;0
Colombia;100;2005;Libya;620;0;0;0;0;0;0;0;0;0;0;0
Colombia;100;2005;Panama;95;0;0;0;0;0;0;0;0;0;0;0
Colombia;100;2005;"Soviet Union/Russia";365;0;0;0;0;0;0;0;0;0;0;0
Colombia;100;2005;Venezuela;101;1;1;1;0;1;0;1;0;0;0;0
Colombia;100;2005;Vietnam;816;0;0;0;0;0;0;0;0;0;0;0
Colombia;100;2006;Bolivia;145;0;0;0;0;0;0;0;0;0;0;0
Colombia;100;2006;Cuba;40;1;1;0;0;0;1;0;0;0;0;0
Colombia;100;2006;Ecuador;130;0;0;0;0;0;0;0;0;0;0;0
Colombia;100;2006;Libya;620;0;0;0;0;0;0;0;0;0;0;0
Colombia;100;2006;Panama;95;0;0;0;0;0;0;0;0;0;0;0
Colombia;100;2006;"Soviet Union/Russia";365;0;0;0;0;0;0;0;0;0;0;0
Colombia;100;2006;Venezuela;101;1;1;1;0;1;0;1;0;0;0;0
Colombia;100;2006;Vietnam;816;0;0;0;0;0;0;0;0;0;0;0
Colombia;100;2007;Bolivia;145;0;0;0;0;0;0;0;0;0;0;0
Colombia;100;2007;Cuba;40;1;1;0;0;0;1;0;0;0;0;0
Colombia;100;2007;Ecuador;130;0;0;0;0;0;0;0;0;0;0;0
Colombia;100;2007;Libya;620;0;0;0;0;0;0;0;0;0;0;0
Colombia;100;2007;Panama;95;0;0;0;0;0;0;0;0;0;0;0
Colombia;100;2007;"Soviet Union/Russia";365;0;0;0;0;0;0;0;0;0;0;0
Colombia;100;2007;Venezuela;101;1;1;1;0;1;0;0;0;0;0;0
Colombia;100;2007;Vietnam;816;0;0;0;0;0;0;0;0;0;0;0
Colombia;100;2008;Bolivia;145;0;0;0;0;0;0;0;0;0;0;0
Colombia;100;2008;Cuba;40;1;1;0;0;0;1;0;0;0;0;0
Colombia;100;2008;Ecuador;130;0;0;0;0;0;0;0;0;0;0;0
Colombia;100;2008;Libya;620;0;0;0;0;0;0;0;0;0;0;0
Colombia;100;2008;Panama;95;0;0;0;0;0;0;0;0;0;0;0
Colombia;100;2008;"Soviet Union/Russia";365;0;0;0;0;0;0;0;0;0;0;0
Colombia;100;2008;Venezuela;101;1;1;1;1;1;0;0;0;0;0;0
Colombia;100;2008;Vietnam;816;0;0;0;0;0;0;0;0;0;0;0
Colombia;100;2009;Bolivia;145;0;0;0;0;0;0;0;0;0;0;0
Colombia;100;2009;Cuba;40;1;1;0;0;0;1;0;0;0;0;0
Colombia;100;2009;Ecuador;130;0;0;0;0;0;0;0;0;0;0;0
Colombia;100;2009;Libya;620;0;0;0;0;0;0;0;0;0;0;0
Colombia;100;2009;Panama;95;0;0;0;0;0;0;0;0;0;0;0
Colombia;100;2009;"Soviet Union/Russia";365;0;0;0;0;0;0;0;0;0;0;0
Colombia;100;2009;Venezuela;101;1;1;1;1;1;0;0;0;0;0;0
Colombia;100;2009;Vietnam;816;0;0;0;0;0;0;0;0;0;0;0
Colombia;100;2010;Bolivia;145;0;0;0;0;0;0;0;0;0;0;0
Colombia;100;2010;Cuba;40;1;1;0;0;0;1;0;0;0;0;0
Colombia;100;2010;Ecuador;130;0;0;0;0;0;0;0;0;0;0;0
Colombia;100;2010;Libya;620;0;0;0;0;0;0;0;0;0;0;0
Colombia;100;2010;Panama;95;0;0;0;0;0;0;0;0;0;0;0
Colombia;100;2010;"Soviet Union/Russia";365;0;0;0;0;0;0;0;0;0;0;0
Colombia;100;2010;Venezuela;101;1;1;1;1;1;0;0;0;0;0;0
Colombia;100;2010;Vietnam;816;0;0;0;0;0;0;0;0;0;0;0
Congo;484;1993;Angola;540;0;0;0;0;0;0;0;0;0;0;0
Congo;484;1993;"Democratic Republic of the Congo/Zaire";490;0;0;0;0;0;0;0;0;0;0;0
Congo;484;1993;Israel;666;1;0;0;0;0;1;0;0;0;0;0
Congo;484;1993;"South Africa";560;1;0;0;0;0;1;0;0;0;0;0
Congo;484;1994;Angola;540;0;0;0;0;0;0;0;0;0;0;0
Congo;484;1994;"Democratic Republic of the Congo/Zaire";490;0;0;0;0;0;0;0;0;0;0;0
Congo;484;1994;Israel;666;1;0;0;0;0;1;0;0;0;0;0
Congo;484;1994;"South Africa";560;1;0;0;0;0;1;0;0;0;0;0
Congo;484;1995;Angola;540;0;0;0;0;0;0;0;0;0;0;0
Congo;484;1995;"Democratic Republic of the Congo/Zaire";490;0;0;0;0;0;0;0;0;0;0;0
Congo;484;1995;Israel;666;1;0;0;0;0;1;0;0;0;0;0
Congo;484;1995;"South Africa";560;1;0;0;0;0;1;0;0;0;0;0
Congo;484;1996;Angola;540;0;0;0;0;0;0;0;0;0;0;0
Congo;484;1996;"Democratic Republic of the Congo/Zaire";490;0;0;0;0;0;0;0;0;0;0;0
Congo;484;1996;Israel;666;1;0;0;0;0;1;0;0;0;0;0
Congo;484;1996;"South Africa";560;1;0;0;0;0;1;0;0;0;0;0
Congo;484;1997;Angola;540;0;0;0;0;0;0;0;0;0;0;0
Congo;484;1997;"Democratic Republic of the Congo/Zaire";490;0;0;0;0;0;0;0;0;0;0;0
Congo;484;1997;Israel;666;1;0;0;0;0;1;0;0;0;0;0
Congo;484;1997;"South Africa";560;1;0;0;0;0;1;0;0;0;0;0
Congo;484;1998;Angola;540;0;0;0;0;0;0;0;0;0;0;0
Congo;484;1998;"Democratic Republic of the Congo/Zaire";490;0;0;0;0;0;0;0;0;0;0;0
Congo;484;1998;Israel;666;1;0;0;0;0;1;0;0;0;0;0
Congo;484;1998;"South Africa";560;1;0;0;0;0;1;0;0;0;0;0
Congo;484;1999;Angola;540;0;0;0;0;0;0;0;0;0;0;0
Congo;484;1999;"Democratic Republic of the Congo/Zaire";490;0;0;0;0;0;0;0;0;0;0;0
Congo;484;1999;Israel;666;1;0;0;0;0;1;0;0;0;0;0
Congo;484;1999;"South Africa";560;1;0;0;0;0;1;0;0;0;0;0
Congo;484;2000;Angola;540;0;0;0;0;0;0;0;0;0;0;0
Congo;484;2000;"Democratic Republic of the Congo/Zaire";490;0;0;0;0;0;0;0;0;0;0;0
Congo;484;2000;Israel;666;1;0;0;0;0;1;0;0;0;0;0
Congo;484;2000;"South Africa";560;1;0;0;0;0;1;0;0;0;0;0
Congo;484;2001;Angola;540;0;0;0;0;0;0;0;0;0;0;0
Congo;484;2001;"Democratic Republic of the Congo/Zaire";490;0;0;0;0;0;0;0;0;0;0;0
Congo;484;2002;Angola;540;0;0;0;0;0;0;0;0;0;0;0
Congo;484;2002;"Democratic Republic of the Congo/Zaire";490;0;0;0;0;0;0;0;0;0;0;0
Congo;484;2003;Angola;540;0;0;0;0;0;0;0;0;0;0;0
Congo;484;2003;"Democratic Republic of the Congo/Zaire";490;0;0;0;0;0;0;0;0;0;0;0
"Costa Rica";94;1948;"Dominican Republic";42;0;0;0;0;0;0;0;0;0;0;0
"Costa Rica";94;1948;Guatemala;90;0;0;0;0;0;0;0;0;0;0;0
"Costa Rica";94;1948;Honduras;91;0;0;0;0;0;0;0;0;0;0;0
Cuba;40;1953;Mexico;70;1;0;1;0;0;0;0;0;0;0;0
Cuba;40;1954;Mexico;70;1;0;1;0;0;0;0;0;0;0;0
Cuba;40;1955;Mexico;70;1;0;1;0;0;0;0;0;0;0;0
Cuba;40;1956;Mexico;70;1;0;1;0;0;0;0;0;0;0;0
Cuba;40;1957;Mexico;70;1;0;1;0;0;0;0;0;0;0;0
Cuba;40;1958;Mexico;70;1;0;1;0;0;0;0;0;0;0;0
Cuba;40;1961;"United States of America";2;1;0;1;0;0;1;1;0;0;1;0
"Democratic Republic of the Congo/Zaire";490;1968;Angola;540;1;1;1;1;1;1;1;1;1;0;0
"Democratic Republic of the Congo/Zaire";490;1969;Angola;540;1;1;1;1;1;1;1;1;1;0;0
"Democratic Republic of the Congo/Zaire";490;1970;Angola;540;1;1;1;1;1;1;1;1;1;0;0
"Democratic Republic of the Congo/Zaire";490;1971;Angola;540;1;1;1;1;1;1;1;1;1;0;0
"Democratic Republic of the Congo/Zaire";490;1972;Angola;540;1;1;1;1;1;1;1;1;1;0;0
"Democratic Republic of the Congo/Zaire";490;1973;Angola;540;1;1;1;1;1;1;1;1;1;0;0
"Democratic Republic of the Congo/Zaire";490;1974;Angola;540;1;1;1;1;1;1;1;1;1;0;0
"Democratic Republic of the Congo/Zaire";490;1975;Angola;540;1;1;1;1;1;1;1;1;1;0;0
"Democratic Republic of the Congo/Zaire";490;1976;Angola;540;1;1;1;1;1;1;1;1;1;0;0
"Democratic Republic of the Congo/Zaire";490;1977;Angola;540;1;1;1;1;1;1;1;1;1;0;0
"Democratic Republic of the Congo/Zaire";490;1978;Angola;540;1;1;1;1;1;1;1;1;1;0;0
"Democratic Republic of the Congo/Zaire";490;1996;Angola;540;1;0;0;0;0;0;0;0;1;1;0
"Democratic Republic of the Congo/Zaire";490;1996;Rwanda;517;1;1;1;0;1;1;1;0;1;1;0
"Democratic Republic of the Congo/Zaire";490;1996;Uganda;500;1;1;1;0;1;1;1;0;1;1;0
"Democratic Republic of the Congo/Zaire";490;1997;Angola;540;1;0;0;0;0;0;0;0;1;1;0
"Democratic Republic of the Congo/Zaire";490;1997;Rwanda;517;1;1;1;0;1;1;1;0;1;1;0
"Democratic Republic of the Congo/Zaire";490;1997;Uganda;500;1;1;1;0;1;1;1;0;1;1;0
"Democratic Republic of the Congo/Zaire";490;1998;Rwanda;517;1;1;1;1;1;0;0;0;1;1;0
"Democratic Republic of the Congo/Zaire";490;1998;Uganda;500;2;2;2;2;2;1;1;1;2;2;1
"Democratic Republic of the Congo/Zaire";490;1999;Rwanda;517;1;1;1;1;1;0;0;0;1;1;0
"Democratic Republic of the Congo/Zaire";490;1999;Uganda;500;2;2;2;2;2;1;1;1;2;2;1
"Democratic Republic of the Congo/Zaire";490;2000;Rwanda;517;1;1;1;1;1;0;0;0;1;1;0
"Democratic Republic of the Congo/Zaire";490;2000;Uganda;500;2;2;2;2;2;1;1;1;2;2;1
"Democratic Republic of the Congo/Zaire";490;2001;Rwanda;517;1;1;1;1;1;0;0;0;1;1;0
"Democratic Republic of the Congo/Zaire";490;2001;Uganda;500;2;2;2;2;2;1;1;1;2;2;1
"Democratic Republic of the Congo/Zaire";490;2006;Rwanda;517;1;1;1;1;1;1;1;1;1;1;0
"Democratic Republic of the Congo/Zaire";490;2007;Rwanda;517;1;1;1;1;1;1;1;1;1;1;0
"Democratic Republic of the Congo/Zaire";490;2008;Rwanda;517;1;1;1;1;1;1;1;1;1;1;0
Djibouti;522;1991;Eritrea;531;0;0;0;0;0;0;0;0;0;0;0
Djibouti;522;1991;Ethiopia;530;0;0;0;0;0;0;0;0;0;0;0
Djibouti;522;1991;France;220;1;0;0;1;0;0;0;0;0;0;0
Djibouti;522;1991;Yemen;679;1;0;1;1;0;0;0;0;0;0;0
Djibouti;522;1992;Eritrea;531;0;0;0;0;0;0;0;0;0;0;0
Djibouti;522;1992;Ethiopia;530;0;0;0;0;0;0;0;0;0;0;0
Djibouti;522;1992;France;220;1;0;0;1;0;0;0;0;0;0;0
Djibouti;522;1992;Yemen;679;1;0;1;1;0;0;0;0;0;0;0
Djibouti;522;1993;Eritrea;531;1;0;0;0;0;0;0;0;0;0;1
Djibouti;522;1993;Ethiopia;530;1;0;0;0;0;0;0;0;0;0;1
Djibouti;522;1993;France;220;1;1;0;1;0;0;0;0;0;0;0
Djibouti;522;1993;Yemen;679;1;0;1;1;0;0;0;0;0;0;0
Djibouti;522;1994;Eritrea;531;1;0;0;0;0;0;0;0;0;0;1
Djibouti;522;1994;Ethiopia;530;1;0;0;0;0;0;0;0;0;0;1
Djibouti;522;1994;France;220;1;1;0;1;0;0;0;0;0;0;0
Djibouti;522;1994;Yemen;679;2;0;2;1;0;0;0;0;0;0;0
Djibouti;522;1995;Eritrea;531;0;0;0;0;0;0;0;0;0;0;0
Djibouti;522;1995;Ethiopia;530;0;0;0;0;0;0;0;0;0;0;0
Djibouti;522;1995;France;220;0;0;0;0;0;0;0;0;0;0;0
Djibouti;522;1995;Yemen;679;1;0;1;0;0;0;0;0;0;0;0
Djibouti;522;1996;Eritrea;531;0;0;0;0;0;0;0;0;0;0;0
Djibouti;522;1996;Ethiopia;530;0;0;0;0;0;0;0;0;0;0;0
Djibouti;522;1996;France;220;0;0;0;0;0;0;0;0;0;0;0
Djibouti;522;1996;Yemen;679;1;0;1;0;0;0;0;0;0;0;0
Djibouti;522;1997;Eritrea;531;0;0;0;0;0;0;0;0;0;0;0
Djibouti;522;1997;Ethiopia;530;0;0;0;0;0;0;0;0;0;0;0
Djibouti;522;1997;France;220;1;1;1;1;0;0;0;0;0;0;0
Djibouti;522;1997;Yemen;679;1;0;1;0;0;0;0;0;0;0;0
Djibouti;522;1998;Eritrea;531;0;0;0;0;0;0;0;0;0;0;0
Djibouti;522;1998;Ethiopia;530;0;0;0;0;0;0;0;0;0;0;0
Djibouti;522;1998;France;220;1;1;1;1;0;0;0;0;0;0;0
Djibouti;522;1998;Yemen;679;0;0;0;0;0;0;0;0;0;0;0
Djibouti;522;1999;Eritrea;531;0;0;0;0;0;0;0;0;0;0;0
Djibouti;522;1999;Ethiopia;530;0;0;0;0;0;0;0;0;0;0;0
Djibouti;522;1999;France;220;1;1;1;1;0;0;0;0;0;0;0
Djibouti;522;1999;Yemen;679;1;0;1;0;0;0;0;0;0;0;0
Egypt;651;1973;Iran;630;1;1;1;0;0;0;0;0;0;0;0
Egypt;651;1973;Sudan;625;1;1;1;0;0;0;1;0;0;0;0
Egypt;651;1973;"United Kingdom";200;0;0;0;0;0;0;0;0;0;0;0
Egypt;651;1974;Iran;630;1;1;1;0;0;0;0;0;0;0;0
Egypt;651;1974;Sudan;625;1;1;1;0;0;0;1;0;0;0;0
Egypt;651;1974;"United Kingdom";200;0;0;0;0;0;0;0;0;0;0;0
Egypt;651;1975;Iran;630;1;1;1;0;0;0;0;0;0;0;0
Egypt;651;1975;Sudan;625;1;1;1;0;0;0;1;0;0;0;0
Egypt;651;1975;"United Kingdom";200;0;0;0;0;0;0;0;0;0;0;0
Egypt;651;1976;Iran;630;1;1;1;0;0;0;0;0;0;0;0
Egypt;651;1976;Sudan;625;1;1;1;0;0;0;1;0;0;0;0
Egypt;651;1976;"United Kingdom";200;0;0;0;0;0;0;0;0;0;0;0
Egypt;651;1977;Iran;630;1;1;1;0;0;0;0;0;0;0;0
Egypt;651;1977;Sudan;625;1;1;1;0;0;0;1;0;0;0;0
Egypt;651;1977;"United Kingdom";200;0;0;0;0;0;0;0;0;0;0;0
Egypt;651;1978;Iran;630;1;1;1;0;0;0;0;0;0;0;0
Egypt;651;1978;Sudan;625;1;1;1;0;0;0;1;0;0;0;0
Egypt;651;1978;"United Kingdom";200;0;0;0;0;0;0;0;0;0;0;0
Egypt;651;1979;Iran;630;1;1;1;0;0;0;0;0;0;0;0
Egypt;651;1979;Sudan;625;1;1;1;0;0;0;1;0;0;0;0
Egypt;651;1979;"United Kingdom";200;0;0;0;0;0;0;0;0;0;0;0
Egypt;651;1980;Iran;630;1;1;1;0;0;0;0;0;0;0;0
Egypt;651;1980;Sudan;625;1;1;1;0;0;0;1;0;0;0;0
Egypt;651;1980;"United Kingdom";200;0;0;0;0;0;0;0;0;0;0;0
Egypt;651;1981;Iran;630;1;1;1;0;0;0;0;0;0;0;0
Egypt;651;1981;Sudan;625;1;1;1;0;0;0;1;0;0;0;0
Egypt;651;1981;"United Kingdom";200;0;0;0;0;0;0;0;0;0;0;0
Egypt;651;1982;Iran;630;1;1;1;0;0;0;0;0;0;0;0
Egypt;651;1982;Sudan;625;1;1;1;0;0;0;1;0;0;0;0
Egypt;651;1982;"United Kingdom";200;0;0;0;0;0;0;0;0;0;0;0
Egypt;651;1983;Iran;630;1;1;1;0;0;0;0;0;0;0;0
Egypt;651;1983;Sudan;625;1;1;1;0;0;0;1;0;0;0;0
Egypt;651;1983;"United Kingdom";200;0;0;0;0;0;0;0;0;0;0;0
Egypt;651;1984;Iran;630;1;1;1;0;0;0;0;0;0;0;0
Egypt;651;1984;Sudan;625;1;1;1;0;0;0;1;0;0;0;0
Egypt;651;1984;"United Kingdom";200;0;0;0;0;0;0;0;0;0;0;0
Egypt;651;1985;Iran;630;1;1;1;0;0;0;0;0;0;0;0
Egypt;651;1985;Sudan;625;1;1;1;0;0;0;1;0;0;0;0
Egypt;651;1985;"United Kingdom";200;0;0;0;0;0;0;0;0;0;0;0
Egypt;651;1986;Iran;630;1;1;1;0;0;0;0;0;0;0;0
Egypt;651;1986;Sudan;625;1;1;1;0;0;0;1;0;0;0;0
Egypt;651;1986;"United Kingdom";200;0;0;0;0;0;0;0;0;0;0;0
Egypt;651;1987;Iran;630;1;1;1;0;0;0;0;0;0;0;0
Egypt;651;1987;Sudan;625;1;1;1;0;0;0;1;0;0;0;0
Egypt;651;1987;"United Kingdom";200;0;0;0;0;0;0;0;0;0;0;0
Egypt;651;1988;Iran;630;1;1;1;0;0;0;0;0;0;0;0
Egypt;651;1988;Sudan;625;1;1;1;0;0;0;1;0;0;0;0
Egypt;651;1988;"United Kingdom";200;0;0;0;0;0;0;0;0;0;0;0
Egypt;651;1989;Iran;630;1;1;1;0;0;0;0;0;0;0;0
Egypt;651;1989;Sudan;625;1;1;1;0;0;0;1;0;0;0;0
Egypt;651;1989;"United Kingdom";200;0;0;0;0;0;0;0;0;0;0;0
Egypt;651;1990;Iran;630;1;1;1;0;0;0;0;0;0;0;0
Egypt;651;1990;Sudan;625;1;1;1;0;0;0;1;0;0;0;0
Egypt;651;1990;"United Kingdom";200;0;0;0;0;0;0;0;0;0;0;0
Egypt;651;1991;Iran;630;1;1;1;0;0;0;0;0;0;0;0
Egypt;651;1991;Sudan;625;1;1;1;0;0;0;1;0;0;0;0
Egypt;651;1991;"United Kingdom";200;0;0;0;0;0;0;0;0;0;0;0
Egypt;651;1992;Iran;630;1;1;1;0;0;0;0;0;0;0;0
Egypt;651;1992;Sudan;625;1;1;1;0;0;0;1;0;0;0;0
Egypt;651;1992;"United Kingdom";200;0;0;0;0;0;0;0;0;0;0;0
Egypt;651;1993;Iran;630;1;1;1;0;0;0;0;0;0;0;0
Egypt;651;1993;Sudan;625;1;1;1;0;0;0;1;0;0;0;0
Egypt;651;1993;"United Kingdom";200;0;0;0;0;0;0;0;0;0;0;0
Egypt;651;1994;Iran;630;1;1;1;0;0;0;0;0;0;0;0
Egypt;651;1994;Sudan;625;1;1;1;0;0;0;1;0;0;0;0
Egypt;651;1994;"United Kingdom";200;0;0;0;0;0;0;0;0;0;0;0
Egypt;651;1995;Iran;630;1;1;1;0;0;0;0;0;0;0;0
Egypt;651;1995;Sudan;625;1;1;1;0;0;0;1;0;0;0;0
Egypt;651;1995;"United Kingdom";200;0;0;0;0;0;0;0;0;0;0;0
Egypt;651;1996;Iran;630;1;1;1;0;0;0;0;0;0;0;0
Egypt;651;1996;Sudan;625;1;1;1;0;0;0;1;0;0;0;0
Egypt;651;1996;"United Kingdom";200;0;0;0;0;0;0;0;0;0;0;0
Egypt;651;1997;Iran;630;1;1;1;0;0;0;0;0;0;0;0
Egypt;651;1997;Sudan;625;1;1;1;0;0;0;1;0;0;0;0
Egypt;651;1997;"United Kingdom";200;0;0;0;0;0;0;0;0;0;0;0
Egypt;651;1998;Iran;630;1;1;1;0;0;0;0;0;0;0;0
Egypt;651;1998;Sudan;625;1;1;1;0;0;0;1;0;0;0;0
Egypt;651;1998;"United Kingdom";200;0;0;0;0;0;0;0;0;0;0;0
"El Salvador";92;1970;Cuba;40;0;0;0;0;0;0;0;0;0;0;0
"El Salvador";92;1970;Nicaragua;93;0;0;0;0;0;0;0;0;0;0;0
"El Salvador";92;1970;Vietnam;816;0;0;0;0;0;0;0;0;0;0;0
"El Salvador";92;1971;Cuba;40;0;0;0;0;0;0;0;0;0;0;0
"El Salvador";92;1971;Nicaragua;93;0;0;0;0;0;0;0;0;0;0;0
"El Salvador";92;1971;Vietnam;816;0;0;0;0;0;0;0;0;0;0;0
"El Salvador";92;1972;Cuba;40;0;0;0;0;0;0;0;0;0;0;0
"El Salvador";92;1972;Mexico;70;0;0;0;0;0;0;0;0;0;0;0
"El Salvador";92;1972;Nicaragua;93;1;0;0;1;0;0;1;0;1;0;0
"El Salvador";92;1972;"United States of America";2;0;0;0;0;0;0;0;0;0;0;0
"El Salvador";92;1972;Venezuela;101;0;0;0;0;0;0;0;0;0;0;0
"El Salvador";92;1972;Vietnam;816;0;0;0;0;0;0;0;0;0;0;0
"El Salvador";92;1973;Cuba;40;0;0;0;0;0;0;0;0;0;0;0
"El Salvador";92;1973;Mexico;70;0;0;0;0;0;0;0;0;0;0;0
"El Salvador";92;1973;Nicaragua;93;1;0;0;1;0;0;1;0;1;0;0
"El Salvador";92;1973;"United States of America";2;0;0;0;0;0;0;0;0;0;0;0
"El Salvador";92;1973;Vietnam;816;0;0;0;0;0;0;0;0;0;0;0
"El Salvador";92;1974;Cuba;40;0;0;0;0;0;0;0;0;0;0;0
"El Salvador";92;1974;Mexico;70;0;0;0;0;0;0;0;0;0;0;0
"El Salvador";92;1974;Nicaragua;93;1;0;0;1;0;0;1;0;1;0;0
"El Salvador";92;1974;"United States of America";2;0;0;0;0;0;0;0;0;0;0;0
"El Salvador";92;1974;Vietnam;816;0;0;0;0;0;0;0;0;0;0;0
"El Salvador";92;1975;Cuba;40;0;0;0;0;0;0;0;0;0;0;0
"El Salvador";92;1975;Mexico;70;0;0;0;0;0;0;0;0;0;0;0
"El Salvador";92;1975;Nicaragua;93;1;0;0;1;0;0;1;0;1;0;0
"El Salvador";92;1975;"United States of America";2;0;0;0;0;0;0;0;0;0;0;0
"El Salvador";92;1975;Vietnam;816;0;0;0;0;0;0;0;0;0;0;0
"El Salvador";92;1976;Cuba;40;0;0;0;0;0;0;0;0;0;0;0
"El Salvador";92;1976;Mexico;70;0;0;0;0;0;0;0;0;0;0;0
"El Salvador";92;1976;Nicaragua;93;1;0;0;1;0;0;1;0;1;0;0
"El Salvador";92;1976;"United States of America";2;0;0;0;0;0;0;0;0;0;0;0
"El Salvador";92;1976;Vietnam;816;0;0;0;0;0;0;0;0;0;0;0
"El Salvador";92;1977;Cuba;40;0;0;0;0;0;0;0;0;0;0;0
"El Salvador";92;1977;Mexico;70;0;0;0;0;0;0;0;0;0;0;0
"El Salvador";92;1977;Nicaragua;93;1;0;0;1;0;0;1;0;1;0;0
"El Salvador";92;1977;"United States of America";2;0;0;0;0;0;0;0;0;0;0;0
"El Salvador";92;1977;Vietnam;816;0;0;0;0;0;0;0;0;0;0;0
"El Salvador";92;1978;Cuba;40;0;0;0;0;0;0;0;0;0;0;0
"El Salvador";92;1978;Mexico;70;0;0;0;0;0;0;0;0;0;0;0
"El Salvador";92;1978;Nicaragua;93;1;0;0;1;0;0;1;0;1;0;0
"El Salvador";92;1978;"United States of America";2;0;0;0;0;0;0;0;0;0;0;0
"El Salvador";92;1978;Vietnam;816;0;0;0;0;0;0;0;0;0;0;0
"El Salvador";92;1979;Cuba;40;2;2;0;0;2;2;1;0;0;0;0
"El Salvador";92;1979;Mexico;70;0;0;0;0;0;0;0;0;0;0;0
"El Salvador";92;1979;Nicaragua;93;1;0;0;1;0;0;1;0;1;0;0
"El Salvador";92;1979;"United States of America";2;0;0;0;0;0;0;0;0;0;0;0
"El Salvador";92;1979;Vietnam;816;0;0;0;0;0;0;0;0;0;0;0
"El Salvador";92;1980;Cuba;40;3;1;0;1;1;3;2;1;1;0;0
"El Salvador";92;1980;Mexico;70;0;0;0;0;0;0;0;0;0;0;0
"El Salvador";92;1980;Nicaragua;93;1;0;0;1;0;0;1;0;1;0;0
"El Salvador";92;1980;"Soviet Union/Russia";365;1;0;0;0;0;0;1;1;0;0;0
"El Salvador";92;1980;"United States of America";2;0;0;0;0;0;0;0;0;0;0;0
"El Salvador";92;1980;Vietnam;816;0;0;0;0;0;0;0;0;0;0;0
"El Salvador";92;1981;Cuba;40;3;1;0;1;1;3;3;1;1;0;0
"El Salvador";92;1981;Mexico;70;0;0;0;0;0;0;0;0;0;0;0
"El Salvador";92;1981;Nicaragua;93;2;0;0;2;1;1;1;0;2;0;0
"El Salvador";92;1981;"Soviet Union/Russia";365;1;0;0;0;0;0;1;1;0;0;0
"El Salvador";92;1981;"United States of America";2;0;0;0;0;0;0;0;0;0;0;0
"El Salvador";92;1981;Vietnam;816;0;0;0;0;0;0;0;0;0;0;0
"El Salvador";92;1982;Cuba;40;2;1;0;1;1;2;2;1;1;0;0
"El Salvador";92;1982;Mexico;70;0;0;0;0;0;0;0;0;0;0;0
"El Salvador";92;1982;Nicaragua;93;3;0;1;3;0;1;2;1;3;0;0
"El Salvador";92;1982;"Soviet Union/Russia";365;1;0;0;0;0;0;1;1;0;0;0
"El Salvador";92;1982;"United States of America";2;0;0;0;0;0;0;0;0;0;0;0
"El Salvador";92;1982;Vietnam;816;0;0;0;0;0;0;0;0;0;0;0
"El Salvador";92;1983;Cuba;40;1;1;0;1;0;1;1;1;1;0;0
"El Salvador";92;1983;Mexico;70;0;0;0;0;0;0;0;0;0;0;0
"El Salvador";92;1983;Nicaragua;93;3;0;3;3;0;1;3;1;3;0;0
"El Salvador";92;1983;"Soviet Union/Russia";365;1;0;0;0;0;0;1;1;0;0;0
"El Salvador";92;1983;"United States of America";2;0;0;0;0;0;0;0;0;0;0;0
"El Salvador";92;1983;Vietnam;816;0;0;0;0;0;0;0;0;0;0;0
"El Salvador";92;1984;Cuba;40;1;1;0;1;0;1;1;1;1;0;0
"El Salvador";92;1984;Mexico;70;0;0;0;0;0;0;0;0;0;0;0
"El Salvador";92;1984;Nicaragua;93;3;0;1;3;0;1;3;1;3;0;0
"El Salvador";92;1984;"Soviet Union/Russia";365;1;0;0;0;0;0;1;1;0;0;0
"El Salvador";92;1984;"United States of America";2;0;0;0;0;0;0;0;0;0;0;0
"El Salvador";92;1984;Vietnam;816;0;0;0;0;0;0;0;0;0;0;0
"El Salvador";92;1985;Cuba;40;1;1;0;1;0;1;1;1;1;0;0
"El Salvador";92;1985;Mexico;70;0;0;0;0;0;0;0;0;0;0;0
"El Salvador";92;1985;Nicaragua;93;3;0;1;3;0;1;3;1;3;0;0
"El Salvador";92;1985;"Soviet Union/Russia";365;1;0;0;0;0;0;1;1;0;0;0
"El Salvador";92;1985;"United States of America";2;0;0;0;0;0;0;0;0;0;0;0
"El Salvador";92;1985;Vietnam;816;0;0;0;0;0;0;0;0;0;0;0
"El Salvador";92;1986;Cuba;40;1;1;0;1;0;1;1;1;1;0;0
"El Salvador";92;1986;Mexico;70;0;0;0;0;0;0;0;0;0;0;0
"El Salvador";92;1986;Nicaragua;93;3;0;1;3;0;1;3;1;2;0;0
"El Salvador";92;1986;"Soviet Union/Russia";365;1;0;0;0;0;0;1;1;0;0;0
"El Salvador";92;1986;"United States of America";2;0;0;0;0;0;0;0;0;0;0;0
"El Salvador";92;1986;Vietnam;816;0;0;0;0;0;0;0;0;0;0;0
"El Salvador";92;1987;Cuba;40;1;1;0;1;0;1;1;1;1;0;0
"El Salvador";92;1987;Mexico;70;0;0;0;0;0;0;0;0;0;0;0
"El Salvador";92;1987;Nicaragua;93;3;1;1;3;0;1;3;1;2;0;0
"El Salvador";92;1987;"Soviet Union/Russia";365;1;0;0;0;0;0;1;1;0;0;0
"El Salvador";92;1987;"United States of America";2;0;0;0;0;0;0;0;0;0;0;0
"El Salvador";92;1987;Vietnam;816;0;0;0;0;0;0;0;0;0;0;0
"El Salvador";92;1988;Cuba;40;1;1;0;1;0;1;1;1;1;0;0
"El Salvador";92;1988;Mexico;70;0;0;0;0;0;0;0;0;0;0;0
"El Salvador";92;1988;Nicaragua;93;3;1;1;2;0;1;3;1;2;0;0
"El Salvador";92;1988;"Soviet Union/Russia";365;1;0;0;0;0;0;1;1;0;0;0
"El Salvador";92;1988;"United States of America";2;0;0;0;0;0;0;0;0;0;0;0
"El Salvador";92;1988;Vietnam;816;0;0;0;0;0;0;0;0;0;0;0
"El Salvador";92;1989;Cuba;40;1;1;0;1;0;1;1;1;1;0;0
"El Salvador";92;1989;Mexico;70;0;0;0;0;0;0;0;0;0;0;0
"El Salvador";92;1989;Nicaragua;93;3;1;1;2;0;1;3;1;2;0;0
"El Salvador";92;1989;"Soviet Union/Russia";365;1;0;0;0;0;0;1;1;0;0;0
"El Salvador";92;1989;"United States of America";2;0;0;0;0;0;0;0;0;0;0;0
"El Salvador";92;1989;Vietnam;816;0;0;0;0;0;0;0;0;0;0;0
"El Salvador";92;1990;Cuba;40;1;1;0;1;0;1;1;1;1;0;0
"El Salvador";92;1990;Mexico;70;0;0;0;0;0;0;0;0;0;0;0
"El Salvador";92;1990;Nicaragua;93;3;1;1;2;0;1;2;1;2;0;0
"El Salvador";92;1990;"Soviet Union/Russia";365;1;0;0;0;0;0;1;1;0;0;0
"El Salvador";92;1990;"United States of America";2;0;0;0;0;0;0;0;0;0;0;0
"El Salvador";92;1990;Vietnam;816;0;0;0;0;0;0;0;0;0;0;0
"El Salvador";92;1991;Cuba;40;1;1;0;1;0;1;1;1;1;0;0
"El Salvador";92;1991;Mexico;70;0;0;0;0;0;0;0;0;0;0;0
"El Salvador";92;1991;Nicaragua;93;2;1;1;1;0;1;1;1;1;0;0
"El Salvador";92;1991;"Soviet Union/Russia";365;0;0;0;0;0;0;0;0;0;0;0
"El Salvador";92;1991;"United States of America";2;0;0;0;0;0;0;0;0;0;0;0
"El Salvador";92;1991;Vietnam;816;0;0;0;0;0;0;0;0;0;0;0
"El Salvador";92;1992;Cuba;40;0;0;0;0;0;0;0;0;0;0;0
"El Salvador";92;1992;Mexico;70;0;0;0;0;0;0;0;0;0;0;0
"El Salvador";92;1992;Nicaragua;93;1;1;0;0;0;0;0;0;0;0;0
"El Salvador";92;1992;"United States of America";2;0;0;0;0;0;0;0;0;0;0;0
"El Salvador";92;1992;Vietnam;816;0;0;0;0;0;0;0;0;0;0;0
Eritrea;531;1980;Sudan;625;1;1;0;1;1;0;0;0;0;0;0
Eritrea;531;1981;Sudan;625;1;1;0;1;1;0;0;0;0;0;0
Eritrea;531;1982;Sudan;625;1;1;0;1;1;0;0;0;0;0;0
Eritrea;531;1983;Sudan;625;1;1;0;1;1;0;0;0;0;0;0
Eritrea;531;1984;Sudan;625;1;1;0;1;1;0;0;0;0;0;0
Eritrea;531;1985;Sudan;625;1;1;0;1;1;0;0;0;0;0;0
Eritrea;531;1986;Sudan;625;1;1;0;1;1;0;0;0;0;0;0
Eritrea;531;1987;Sudan;625;1;1;0;1;1;0;0;0;0;0;0
Eritrea;531;1988;Sudan;625;1;1;0;1;1;0;0;0;0;0;0
Eritrea;531;1989;Sudan;625;1;1;0;1;1;0;0;0;0;0;0
Eritrea;531;1990;Sudan;625;1;1;0;1;1;0;0;0;0;0;0
Eritrea;531;1991;Sudan;625;1;1;0;1;1;0;0;0;0;0;0
Eritrea;531;1992;Sudan;625;1;1;0;1;1;0;0;0;0;0;0
Eritrea;531;1993;Sudan;625;1;1;0;1;1;0;0;0;0;0;0
Eritrea;531;1994;Sudan;625;1;1;0;1;1;0;0;0;0;0;0
Eritrea;531;1995;Sudan;625;1;1;0;1;1;0;0;0;0;0;0
Eritrea;531;1996;Sudan;625;1;1;0;1;1;0;0;0;0;0;0
Eritrea;531;1997;Sudan;625;1;1;0;1;1;0;0;0;0;0;0
Eritrea;531;1998;Sudan;625;1;1;0;1;1;0;0;0;0;0;0
Eritrea;531;1999;Sudan;625;1;1;0;1;1;0;0;0;0;0;0
Eritrea;531;2000;Sudan;625;1;1;0;1;1;0;0;0;0;0;0
Eritrea;531;2001;Sudan;625;1;1;0;1;1;0;0;0;0;0;0
Eritrea;531;2002;Sudan;625;1;1;0;1;1;0;0;0;0;0;0
Eritrea;531;2003;Sudan;625;1;1;0;1;1;0;0;0;0;0;0
Ethiopia;530;1958;Egypt;651;0;0;0;0;0;0;0;0;0;0;0
Ethiopia;530;1958;"Saudi Arabia";670;0;0;0;0;0;0;0;0;0;0;0
Ethiopia;530;1958;Sudan;625;0;0;0;0;0;0;0;0;0;0;0
Ethiopia;530;1958;Syria;652;1;0;0;0;1;1;1;1;0;0;0
Ethiopia;530;1959;Egypt;651;0;0;0;0;0;0;0;0;0;0;0
Ethiopia;530;1959;"Saudi Arabia";670;0;0;0;0;0;0;0;0;0;0;0
Ethiopia;530;1959;Sudan;625;0;0;0;0;0;0;0;0;0;0;0
Ethiopia;530;1959;Syria;652;1;0;0;0;1;1;1;1;0;0;0
Ethiopia;530;1960;Egypt;651;0;0;0;0;0;0;0;0;0;0;0
Ethiopia;530;1960;"Saudi Arabia";670;0;0;0;0;0;0;0;0;0;0;0
Ethiopia;530;1960;Sudan;625;0;0;0;0;0;0;0;0;0;0;0
Ethiopia;530;1960;Syria;652;1;0;0;0;1;1;1;1;0;0;0
Ethiopia;530;1961;Egypt;651;0;0;0;0;0;0;0;0;0;0;0
Ethiopia;530;1961;"Saudi Arabia";670;0;0;0;0;0;0;0;0;0;0;0
Ethiopia;530;1961;Sudan;625;0;0;0;0;0;0;0;0;0;0;0
Ethiopia;530;1961;Syria;652;1;0;0;0;1;1;1;1;0;0;0
Ethiopia;530;1962;Egypt;651;0;0;0;0;0;0;0;0;0;0;0
Ethiopia;530;1962;"Saudi Arabia";670;0;0;0;0;0;0;0;0;0;0;0
Ethiopia;530;1962;Sudan;625;0;0;0;0;0;0;0;0;0;0;0
Ethiopia;530;1962;Syria;652;1;0;0;0;1;1;1;1;0;0;0
Ethiopia;530;1963;Egypt;651;0;0;0;0;0;0;0;0;0;0;0
Ethiopia;530;1963;"Saudi Arabia";670;0;0;0;0;0;0;0;0;0;0;0
Ethiopia;530;1963;Somalia;520;1;0;0;0;0;0;0;0;0;0;1
Ethiopia;530;1963;Sudan;625;0;0;0;0;0;0;0;0;0;0;0
Ethiopia;530;1963;Syria;652;1;0;0;0;1;1;1;1;0;0;0
Ethiopia;530;1964;Egypt;651;0;0;0;0;0;0;0;0;0;0;0
Ethiopia;530;1964;"Saudi Arabia";670;0;0;0;0;0;0;0;0;0;0;0
Ethiopia;530;1964;Somalia;520;1;0;0;0;0;0;0;0;0;0;1
Ethiopia;530;1964;Sudan;625;0;0;0;0;0;0;0;0;0;0;0
Ethiopia;530;1964;Syria;652;1;0;0;0;1;1;1;1;0;0;0
Ethiopia;530;1965;Egypt;651;0;0;0;0;0;0;0;0;0;0;0
Ethiopia;530;1965;"Saudi Arabia";670;0;0;0;0;0;0;0;0;0;0;0
Ethiopia;530;1965;Sudan;625;0;0;0;0;0;0;0;0;0;0;0
Ethiopia;530;1965;Syria;652;1;0;0;0;1;1;1;1;0;0;0
Ethiopia;530;1966;Egypt;651;0;0;0;0;0;0;0;0;0;0;0
Ethiopia;530;1966;"Saudi Arabia";670;0;0;0;0;0;0;0;0;0;0;0
Ethiopia;530;1966;Sudan;625;0;0;0;0;0;0;0;0;0;0;0
Ethiopia;530;1966;Syria;652;1;0;0;0;1;1;1;1;0;0;0
Ethiopia;530;1967;Egypt;651;0;0;0;0;0;0;0;0;0;0;0
Ethiopia;530;1967;"Saudi Arabia";670;0;0;0;0;0;0;0;0;0;0;0
Ethiopia;530;1967;Sudan;625;0;0;0;0;0;0;0;0;0;0;0
Ethiopia;530;1967;Syria;652;1;0;0;0;1;1;1;1;0;0;0
Ethiopia;530;1968;Egypt;651;0;0;0;0;0;0;0;0;0;0;0
Ethiopia;530;1968;"Saudi Arabia";670;0;0;0;0;0;0;0;0;0;0;0
Ethiopia;530;1968;Sudan;625;0;0;0;0;0;0;0;0;0;0;0
Ethiopia;530;1968;Syria;652;1;0;0;0;1;1;1;1;0;0;0
Ethiopia;530;1969;Egypt;651;0;0;0;0;0;0;0;0;0;0;0
Ethiopia;530;1969;"Saudi Arabia";670;0;0;0;0;0;0;0;0;0;0;0
Ethiopia;530;1969;Sudan;625;0;0;0;0;0;0;0;0;0;0;0
Ethiopia;530;1969;Syria;652;1;0;0;0;1;1;1;1;0;0;0
Ethiopia;530;1970;Egypt;651;0;0;0;0;0;0;0;0;0;0;0
Ethiopia;530;1970;"Saudi Arabia";670;0;0;0;0;0;0;0;0;0;0;0
Ethiopia;530;1970;Sudan;625;1;1;0;0;0;0;1;1;1;1;0
Ethiopia;530;1970;Syria;652;1;0;0;0;1;1;1;1;0;0;0
Ethiopia;530;1971;Egypt;651;0;0;0;0;0;0;0;0;0;0;0
Ethiopia;530;1971;"Saudi Arabia";670;0;0;0;0;0;0;0;0;0;0;0
Ethiopia;530;1971;Sudan;625;1;1;0;0;0;0;1;1;1;1;0
Ethiopia;530;1971;Syria;652;1;0;0;0;1;1;1;1;0;0;0
Ethiopia;530;1972;Egypt;651;0;0;0;0;0;0;0;0;0;0;0
Ethiopia;530;1972;"German Federal Republic";260;0;0;0;0;0;0;0;0;0;0;0
Ethiopia;530;1972;"Saudi Arabia";670;1;0;0;0;0;0;0;1;0;0;0
Ethiopia;530;1972;Sudan;625;1;1;0;0;0;0;1;1;1;1;0
Ethiopia;530;1972;Syria;652;1;0;0;0;1;1;1;1;0;0;0
Ethiopia;530;1973;Egypt;651;0;0;0;0;0;0;0;0;0;0;0
Ethiopia;530;1973;"German Federal Republic";260;0;0;0;0;0;0;0;0;0;0;0
Ethiopia;530;1973;Kenya;501;0;0;0;0;0;0;0;0;0;0;0
Ethiopia;530;1973;"Saudi Arabia";670;1;0;0;0;0;0;0;1;0;0;0
Ethiopia;530;1973;Somalia;520;0;0;0;0;0;0;0;0;0;0;0
Ethiopia;530;1973;Sudan;625;2;1;0;1;1;0;1;1;1;1;0
Ethiopia;530;1973;Syria;652;1;0;0;0;1;1;1;1;0;0;0
Ethiopia;530;1974;Egypt;651;0;0;0;0;0;0;0;0;0;0;0
Ethiopia;530;1974;"German Federal Republic";260;0;0;0;0;0;0;0;0;0;0;0
Ethiopia;530;1974;Kenya;501;0;0;0;0;0;0;0;0;0;0;0
Ethiopia;530;1974;"Saudi Arabia";670;1;0;0;0;0;0;0;1;0;0;0
Ethiopia;530;1974;Somalia;520;0;0;0;0;0;0;0;0;0;0;0
Ethiopia;530;1974;Sudan;625;2;1;0;1;1;0;1;1;1;1;0
Ethiopia;530;1974;Syria;652;1;0;0;0;1;1;1;1;0;0;0
Ethiopia;530;1975;Egypt;651;0;0;0;0;0;0;0;0;0;0;0
Ethiopia;530;1975;"German Federal Republic";260;0;0;0;0;0;0;0;0;0;0;0
Ethiopia;530;1975;Kenya;501;0;0;0;0;0;0;0;0;0;0;0
Ethiopia;530;1975;"Saudi Arabia";670;2;0;1;0;0;0;0;1;0;0;0
Ethiopia;530;1975;Somalia;520;2;0;0;0;0;1;1;0;0;1;1
Ethiopia;530;1975;Sudan;625;2;1;0;1;1;0;1;1;1;1;0
Ethiopia;530;1975;Syria;652;1;0;0;0;1;1;1;1;0;0;0
Ethiopia;530;1976;Egypt;651;0;0;0;0;0;0;0;0;0;0;0
Ethiopia;530;1976;"German Federal Republic";260;0;0;0;0;0;0;0;0;0;0;0
Ethiopia;530;1976;Kenya;501;0;0;0;0;0;0;0;0;0;0;0
Ethiopia;530;1976;"Saudi Arabia";670;2;0;1;0;0;0;0;1;0;0;0
Ethiopia;530;1976;Somalia;520;3;0;0;0;0;2;2;0;0;1;1
Ethiopia;530;1976;Sudan;625;2;1;0;1;1;0;1;1;1;1;0
Ethiopia;530;1976;Syria;652;1;0;0;0;1;1;1;1;0;0;0
Ethiopia;530;1977;Egypt;651;0;0;0;0;0;0;0;0;0;0;0
Ethiopia;530;1977;"German Federal Republic";260;0;0;0;0;0;0;0;0;0;0;0
Ethiopia;530;1977;Kenya;501;0;0;0;0;0;0;0;0;0;0;0
Ethiopia;530;1977;"Saudi Arabia";670;1;0;0;0;0;0;0;1;0;0;0
Ethiopia;530;1977;Somalia;520;1;0;0;0;0;1;1;0;0;0;0
Ethiopia;530;1977;Sudan;625;3;2;0;2;2;0;1;1;1;1;0
Ethiopia;530;1977;Syria;652;1;0;0;0;1;1;1;1;0;0;0
Ethiopia;530;1978;Egypt;651;0;0;0;0;0;0;0;0;0;0;0
Ethiopia;530;1978;"German Federal Republic";260;0;0;0;0;0;0;0;0;0;0;0
Ethiopia;530;1978;Kenya;501;0;0;0;0;0;0;0;0;0;0;0
Ethiopia;530;1978;"Saudi Arabia";670;1;0;0;0;0;0;0;1;0;0;0
Ethiopia;530;1978;Somalia;520;1;0;0;0;0;1;1;0;0;0;0
Ethiopia;530;1978;Sudan;625;4;3;1;3;2;0;1;1;1;1;0
Ethiopia;530;1978;Syria;652;1;0;0;0;1;1;1;1;0;0;0
Ethiopia;530;1979;Egypt;651;0;0;0;0;0;0;0;0;0;0;0
Ethiopia;530;1979;"German Federal Republic";260;0;0;0;0;0;0;0;0;0;0;0
Ethiopia;530;1979;Kenya;501;0;0;0;0;0;0;0;0;0;0;0
Ethiopia;530;1979;"Saudi Arabia";670;1;0;0;0;0;0;0;1;0;0;0
Ethiopia;530;1979;Somalia;520;1;0;0;0;0;1;1;0;0;0;0
Ethiopia;530;1979;Sudan;625;3;2;1;2;1;0;1;1;1;1;0
Ethiopia;530;1979;Syria;652;1;0;0;0;1;1;1;1;0;0;0
Ethiopia;530;1980;Egypt;651;0;0;0;0;0;0;0;0;0;0;0
Ethiopia;530;1980;"German Federal Republic";260;0;0;0;0;0;0;0;0;0;0;0
Ethiopia;530;1980;Kenya;501;0;0;0;0;0;0;0;0;0;0;0
Ethiopia;530;1980;"Saudi Arabia";670;1;0;0;0;0;0;0;1;0;0;0
Ethiopia;530;1980;Somalia;520;0;0;0;0;0;0;0;0;0;0;0
Ethiopia;530;1980;Sudan;625;3;2;1;2;1;0;1;1;1;1;0
Ethiopia;530;1980;Syria;652;1;0;0;0;1;1;1;1;0;0;0
Ethiopia;530;1981;"German Federal Republic";260;0;0;0;0;0;0;0;0;0;0;0
Ethiopia;530;1981;Kenya;501;0;0;0;0;0;0;0;0;0;0;0
Ethiopia;530;1981;"Saudi Arabia";670;1;0;0;0;0;0;0;1;0;0;0
Ethiopia;530;1981;Somalia;520;0;0;0;0;0;0;0;0;0;0;0
Ethiopia;530;1981;Sudan;625;3;2;1;2;1;0;1;1;1;1;0
Ethiopia;530;1982;"German Federal Republic";260;0;0;0;0;0;0;0;0;0;0;0
Ethiopia;530;1982;Kenya;501;0;0;0;0;0;0;0;0;0;0;0
Ethiopia;530;1982;"Saudi Arabia";670;1;0;0;0;0;0;0;1;0;0;0
Ethiopia;530;1982;Somalia;520;0;0;0;0;0;0;0;0;0;0;0
Ethiopia;530;1982;Sudan;625;3;2;1;2;1;0;1;1;1;1;0
Ethiopia;530;1983;"German Federal Republic";260;0;0;0;0;0;0;0;0;0;0;0
Ethiopia;530;1983;Kenya;501;0;0;0;0;0;0;0;0;0;0;0
Ethiopia;530;1983;"Saudi Arabia";670;1;0;0;0;0;0;0;1;0;0;0
Ethiopia;530;1983;Somalia;520;0;0;0;0;0;0;0;0;0;0;0
Ethiopia;530;1983;Sudan;625;3;2;1;2;1;0;1;1;1;1;0
Ethiopia;530;1984;Eritrea;531;1;0;0;0;0;1;1;0;0;0;0
Ethiopia;530;1984;"German Federal Republic";260;0;0;0;0;0;0;0;0;0;0;0
Ethiopia;530;1984;Kenya;501;0;0;0;0;0;0;0;0;0;0;0
Ethiopia;530;1984;Libya;620;1;0;0;0;0;1;1;0;0;0;0
Ethiopia;530;1984;"Saudi Arabia";670;1;0;0;0;0;0;0;1;0;0;0
Ethiopia;530;1984;Somalia;520;0;0;0;0;0;0;0;0;0;0;0
Ethiopia;530;1984;Sudan;625;3;2;1;2;1;0;1;1;1;1;0
Ethiopia;530;1985;Eritrea;531;1;0;0;0;0;1;1;0;0;0;0
Ethiopia;530;1985;"German Federal Republic";260;0;0;0;0;0;0;0;0;0;0;0
Ethiopia;530;1985;Kenya;501;0;0;0;0;0;0;0;0;0;0;0
Ethiopia;530;1985;Libya;620;1;0;0;0;0;1;1;0;0;0;0
Ethiopia;530;1985;"Saudi Arabia";670;1;0;0;0;0;0;0;1;0;0;0
Ethiopia;530;1985;Somalia;520;0;0;0;0;0;0;0;0;0;0;0
Ethiopia;530;1985;Sudan;625;3;2;1;2;1;0;1;1;1;1;0
Ethiopia;530;1986;Eritrea;531;1;0;0;0;0;1;1;0;0;0;0
Ethiopia;530;1986;"German Federal Republic";260;0;0;0;0;0;0;0;0;0;0;0
Ethiopia;530;1986;Kenya;501;0;0;0;0;0;0;0;0;0;0;0
Ethiopia;530;1986;Libya;620;1;0;0;0;0;1;1;0;0;0;0
Ethiopia;530;1986;"Saudi Arabia";670;1;0;0;0;0;0;0;1;0;0;0
Ethiopia;530;1986;Somalia;520;0;0;0;0;0;0;0;0;0;0;0
Ethiopia;530;1986;Sudan;625;3;2;1;2;1;0;1;1;1;1;0
Ethiopia;530;1987;Eritrea;531;1;0;0;0;0;1;1;0;0;0;0
Ethiopia;530;1987;"German Federal Republic";260;0;0;0;0;0;0;0;0;0;0;0
Ethiopia;530;1987;Kenya;501;0;0;0;0;0;0;0;0;0;0;0
Ethiopia;530;1987;Libya;620;1;0;0;0;0;1;1;0;0;0;0
Ethiopia;530;1987;"Saudi Arabia";670;1;0;0;0;0;0;0;1;0;0;0
Ethiopia;530;1987;Somalia;520;0;0;0;0;0;0;0;0;0;0;0
Ethiopia;530;1987;Sudan;625;3;2;1;2;1;0;1;1;1;1;0
Ethiopia;530;1988;Eritrea;531;1;0;0;0;0;1;1;0;0;0;0
Ethiopia;530;1988;Kenya;501;0;0;0;0;0;0;0;0;0;0;0
Ethiopia;530;1988;Libya;620;1;0;0;0;0;1;1;0;0;0;0
Ethiopia;530;1988;Somalia;520;0;0;0;0;0;0;0;0;0;0;0
Ethiopia;530;1988;Sudan;625;2;1;0;1;1;0;1;1;1;1;0
Ethiopia;530;1989;Eritrea;531;1;0;0;0;0;1;1;0;0;0;0
Ethiopia;530;1989;Kenya;501;0;0;0;0;0;0;0;0;0;0;0
Ethiopia;530;1989;Libya;620;1;0;0;0;0;1;1;0;0;0;0
Ethiopia;530;1989;Somalia;520;0;0;0;0;0;0;0;0;0;0;0
Ethiopia;530;1989;Sudan;625;2;1;0;1;1;0;1;1;1;1;0
Ethiopia;530;1989;"United States of America";2;0;0;0;0;0;0;0;0;0;0;0
Ethiopia;530;1990;Eritrea;531;1;0;0;0;0;1;1;0;0;0;0
Ethiopia;530;1990;Kenya;501;0;0;0;0;0;0;0;0;0;0;0
Ethiopia;530;1990;Libya;620;1;0;0;0;0;1;1;0;0;0;0
Ethiopia;530;1990;Somalia;520;0;0;0;0;0;0;0;0;0;0;0
Ethiopia;530;1990;Sudan;625;2;1;0;1;1;0;1;1;1;1;0
Ethiopia;530;1990;"United States of America";2;0;0;0;0;0;0;0;0;0;0;0
Ethiopia;530;1991;Eritrea;531;1;0;0;0;0;1;1;0;0;0;0
Ethiopia;530;1991;Kenya;501;0;0;0;0;0;0;0;0;0;0;0
Ethiopia;530;1991;Libya;620;1;0;0;0;0;1;1;0;0;0;0
Ethiopia;530;1991;Somalia;520;1;0;0;0;0;0;0;0;0;0;1
Ethiopia;530;1991;Sudan;625;1;1;0;0;0;0;1;1;1;1;0
Ethiopia;530;1991;"United States of America";2;1;0;0;0;0;0;0;0;0;0;1
Ethiopia;530;1992;Eritrea;531;1;0;0;0;0;1;1;0;0;0;0
Ethiopia;530;1992;Kenya;501;0;0;0;0;0;0;0;0;0;0;0
Ethiopia;530;1992;Libya;620;1;0;0;0;0;1;1;0;0;0;0
Ethiopia;530;1992;Somalia;520;0;0;0;0;0;0;0;0;0;0;0
Ethiopia;530;1992;Sudan;625;0;0;0;0;0;0;0;0;0;0;0
Ethiopia;530;1993;Djibouti;522;0;0;0;0;0;0;0;0;0;0;0
Ethiopia;530;1993;Egypt;651;0;0;0;0;0;0;0;0;0;0;0
Ethiopia;530;1993;Eritrea;531;3;0;0;0;1;1;2;0;0;0;0
Ethiopia;530;1993;Iran;630;1;0;0;0;0;1;1;1;0;0;0
Ethiopia;530;1993;Kenya;501;0;0;0;0;0;0;0;0;0;0;0
Ethiopia;530;1993;Kuwait;690;0;0;0;0;0;0;0;0;0;0;0
Ethiopia;530;1993;Lebanon;660;0;0;0;0;0;0;0;0;0;0;0
Ethiopia;530;1993;Libya;620;2;0;0;0;0;2;1;1;0;0;0
Ethiopia;530;1993;Pakistan;770;0;0;0;0;0;0;0;0;0;0;0
Ethiopia;530;1993;"Saudi Arabia";670;0;0;0;0;0;0;0;0;0;0;0
Ethiopia;530;1993;Somalia;520;0;0;0;0;0;0;0;0;0;0;0
Ethiopia;530;1993;Sudan;625;1;0;0;0;1;0;1;0;0;0;0
Ethiopia;530;1993;Syria;652;0;0;0;0;0;0;0;0;0;0;0
Ethiopia;530;1993;"United Arab Emirates";696;0;0;0;0;0;0;0;0;0;0;0
Ethiopia;530;1993;Yemen;679;0;0;0;0;0;0;0;0;0;0;0
Ethiopia;530;1994;Djibouti;522;0;0;0;0;0;0;0;0;0;0;0
Ethiopia;530;1994;Egypt;651;0;0;0;0;0;0;0;0;0;0;0
Ethiopia;530;1994;Eritrea;531;3;0;0;0;1;1;2;0;0;0;0
Ethiopia;530;1994;Iran;630;1;0;0;0;0;1;1;1;0;0;0
Ethiopia;530;1994;Kenya;501;0;0;0;0;0;0;0;0;0;0;0
Ethiopia;530;1994;Kuwait;690;0;0;0;0;0;0;0;0;0;0;0
Ethiopia;530;1994;Lebanon;660;0;0;0;0;0;0;0;0;0;0;0
Ethiopia;530;1994;Libya;620;2;0;0;0;0;2;1;1;0;0;0
Ethiopia;530;1994;Pakistan;770;0;0;0;0;0;0;0;0;0;0;0
Ethiopia;530;1994;"Saudi Arabia";670;0;0;0;0;0;0;0;0;0;0;0
Ethiopia;530;1994;Somalia;520;0;0;0;0;0;0;0;0;0;0;0
Ethiopia;530;1994;Sudan;625;1;0;0;0;1;0;1;0;0;0;0
Ethiopia;530;1994;Syria;652;0;0;0;0;0;0;0;0;0;0;0
Ethiopia;530;1994;"United Arab Emirates";696;0;0;0;0;0;0;0;0;0;0;0
Ethiopia;530;1994;Yemen;679;1;0;0;0;0;1;0;1;0;0;0
Ethiopia;530;1995;Djibouti;522;0;0;0;0;0;0;0;0;0;0;0
Ethiopia;530;1995;Egypt;651;0;0;0;0;0;0;0;0;0;0;0
Ethiopia;530;1995;Eritrea;531;3;0;0;0;1;1;2;0;0;0;0
Ethiopia;530;1995;Iran;630;1;0;0;0;0;1;1;1;0;0;0
Ethiopia;530;1995;Kenya;501;0;0;0;0;0;0;0;0;0;0;0
Ethiopia;530;1995;Kuwait;690;0;0;0;0;0;0;0;0;0;0;0
Ethiopia;530;1995;Lebanon;660;0;0;0;0;0;0;0;0;0;0;0
Ethiopia;530;1995;Libya;620;2;0;0;0;0;2;1;1;0;0;0
Ethiopia;530;1995;Pakistan;770;0;0;0;0;0;0;0;0;0;0;0
Ethiopia;530;1995;"Saudi Arabia";670;0;0;0;0;0;0;0;0;0;0;0
Ethiopia;530;1995;Somalia;520;0;0;0;0;0;0;0;0;0;0;0
Ethiopia;530;1995;Sudan;625;1;0;0;0;1;0;1;0;0;0;0
Ethiopia;530;1995;Syria;652;0;0;0;0;0;0;0;0;0;0;0
Ethiopia;530;1995;"United Arab Emirates";696;0;0;0;0;0;0;0;0;0;0;0
Ethiopia;530;1995;Yemen;679;1;0;0;0;0;1;0;1;0;0;0
Ethiopia;530;1996;Djibouti;522;0;0;0;0;0;0;0;0;0;0;0
Ethiopia;530;1996;Egypt;651;0;0;0;0;0;0;0;0;0;0;0
Ethiopia;530;1996;Eritrea;531;3;0;0;0;1;1;2;0;0;0;0
Ethiopia;530;1996;Iran;630;1;0;0;0;0;1;1;1;0;0;0
Ethiopia;530;1996;Kenya;501;0;0;0;0;0;0;0;0;0;0;0
Ethiopia;530;1996;Kuwait;690;0;0;0;0;0;0;0;0;0;0;0
Ethiopia;530;1996;Lebanon;660;0;0;0;0;0;0;0;0;0;0;0
Ethiopia;530;1996;Libya;620;2;0;0;0;0;2;1;1;0;0;0
Ethiopia;530;1996;Pakistan;770;0;0;0;0;0;0;0;0;0;0;0
Ethiopia;530;1996;"Saudi Arabia";670;0;0;0;0;0;0;0;0;0;0;0
Ethiopia;530;1996;Somalia;520;0;0;0;0;0;0;0;0;0;0;0
Ethiopia;530;1996;Sudan;625;1;0;0;0;1;0;1;0;0;0;0
Ethiopia;530;1996;Syria;652;0;0;0;0;0;0;0;0;0;0;0
Ethiopia;530;1996;"United Arab Emirates";696;0;0;0;0;0;0;0;0;0;0;0
Ethiopia;530;1996;Yemen;679;1;0;0;0;0;1;0;1;0;0;0
Ethiopia;530;1997;Djibouti;522;0;0;0;0;0;0;0;0;0;0;0
Ethiopia;530;1997;Egypt;651;0;0;0;0;0;0;0;0;0;0;0
Ethiopia;530;1997;Eritrea;531;2;0;0;0;0;1;2;0;0;0;0
Ethiopia;530;1997;Iran;630;1;0;0;0;0;1;1;1;0;0;0
Ethiopia;530;1997;Kenya;501;0;0;0;0;0;0;0;0;0;0;0
Ethiopia;530;1997;Kuwait;690;0;0;0;0;0;0;0;0;0;0;0
Ethiopia;530;1997;Lebanon;660;0;0;0;0;0;0;0;0;0;0;0
Ethiopia;530;1997;Libya;620;2;0;0;0;0;2;1;1;0;0;0
Ethiopia;530;1997;Pakistan;770;0;0;0;0;0;0;0;0;0;0;0
Ethiopia;530;1997;"Saudi Arabia";670;0;0;0;0;0;0;0;0;0;0;0
Ethiopia;530;1997;Somalia;520;0;0;0;0;0;0;0;0;0;0;0
Ethiopia;530;1997;Sudan;625;1;0;0;0;1;0;1;0;0;0;0
Ethiopia;530;1997;Syria;652;0;0;0;0;0;0;0;0;0;0;0
Ethiopia;530;1997;"United Arab Emirates";696;0;0;0;0;0;0;0;0;0;0;0
Ethiopia;530;1997;Yemen;679;1;0;0;0;0;1;0;1;0;0;0
Ethiopia;530;1998;Djibouti;522;0;0;0;0;0;0;0;0;0;0;0
Ethiopia;530;1998;Egypt;651;0;0;0;0;0;0;0;0;0;0;0
Ethiopia;530;1998;Eritrea;531;2;0;0;0;0;1;2;0;0;0;0
Ethiopia;530;1998;Iran;630;1;0;0;0;0;1;1;1;0;0;0
Ethiopia;530;1998;Kenya;501;0;0;0;0;0;0;0;0;0;0;0
Ethiopia;530;1998;Kuwait;690;0;0;0;0;0;0;0;0;0;0;0
Ethiopia;530;1998;Lebanon;660;0;0;0;0;0;0;0;0;0;0;0
Ethiopia;530;1998;Libya;620;2;0;0;0;0;2;1;1;0;0;0
Ethiopia;530;1998;Pakistan;770;0;0;0;0;0;0;0;0;0;0;0
Ethiopia;530;1998;"Saudi Arabia";670;0;0;0;0;0;0;0;0;0;0;0
Ethiopia;530;1998;Somalia;520;0;0;0;0;0;0;0;0;0;0;0
Ethiopia;530;1998;Sudan;625;1;0;0;0;1;0;1;0;0;0;0
Ethiopia;530;1998;Syria;652;0;0;0;0;0;0;0;0;0;0;0
Ethiopia;530;1998;"United Arab Emirates";696;0;0;0;0;0;0;0;0;0;0;0
Ethiopia;530;1998;Yemen;679;1;0;0;0;0;1;0;1;0;0;0
Ethiopia;530;1999;Djibouti;522;0;0;0;0;0;0;0;0;0;0;0
Ethiopia;530;1999;Egypt;651;0;0;0;0;0;0;0;0;0;0;0
Ethiopia;530;1999;Eritrea;531;2;0;0;0;0;1;2;0;0;0;0
Ethiopia;530;1999;Iran;630;1;0;0;0;0;1;1;1;0;0;0
Ethiopia;530;1999;Kenya;501;0;0;0;0;0;0;0;0;0;0;0
Ethiopia;530;1999;Kuwait;690;0;0;0;0;0;0;0;0;0;0;0
Ethiopia;530;1999;Lebanon;660;0;0;0;0;0;0;0;0;0;0;0
Ethiopia;530;1999;Libya;620;2;0;0;0;0;2;1;1;0;0;0
Ethiopia;530;1999;Pakistan;770;0;0;0;0;0;0;0;0;0;0;0
Ethiopia;530;1999;"Saudi Arabia";670;0;0;0;0;0;0;0;0;0;0;0
Ethiopia;530;1999;Somalia;520;0;0;0;0;0;0;0;0;0;0;0
Ethiopia;530;1999;Sudan;625;1;0;0;0;1;0;1;0;0;0;0
Ethiopia;530;1999;Syria;652;0;0;0;0;0;0;0;0;0;0;0
Ethiopia;530;1999;"United Arab Emirates";696;0;0;0;0;0;0;0;0;0;0;0
Ethiopia;530;1999;Yemen;679;1;0;0;0;0;1;0;1;0;0;0
Ethiopia;530;2000;Eritrea;531;1;0;0;0;0;1;1;0;0;0;0
Ethiopia;530;2000;Kenya;501;0;0;0;0;0;0;0;0;0;0;0
Ethiopia;530;2000;Libya;620;1;0;0;0;0;1;1;0;0;0;0
Ethiopia;530;2000;Somalia;520;0;0;0;0;0;0;0;0;0;0;0
Ethiopia;530;2000;Sudan;625;0;0;0;0;0;0;0;0;0;0;0
Ethiopia;530;2001;Eritrea;531;1;0;0;0;0;1;1;0;0;0;0
Ethiopia;530;2001;Kenya;501;0;0;0;0;0;0;0;0;0;0;0
Ethiopia;530;2001;Libya;620;1;0;0;0;0;1;1;0;0;0;0
Ethiopia;530;2001;Somalia;520;0;0;0;0;0;0;0;0;0;0;0
Ethiopia;530;2001;Sudan;625;0;0;0;0;0;0;0;0;0;0;0
Ethiopia;530;2002;Eritrea;531;1;0;0;0;0;1;1;0;0;0;0
Ethiopia;530;2002;Kenya;501;0;0;0;0;0;0;0;0;0;0;0
Ethiopia;530;2002;Libya;620;1;0;0;0;0;1;1;0;0;0;0
Ethiopia;530;2002;Somalia;520;0;0;0;0;0;0;0;0;0;0;0
Ethiopia;530;2002;Sudan;625;0;0;0;0;0;0;0;0;0;0;0
Ethiopia;530;2003;Eritrea;531;1;0;0;0;0;1;1;0;0;0;0
Ethiopia;530;2003;Kenya;501;0;0;0;0;0;0;0;0;0;0;0
Ethiopia;530;2003;Libya;620;1;0;0;0;0;1;1;0;0;0;0
Ethiopia;530;2003;Somalia;520;0;0;0;0;0;0;0;0;0;0;0
Ethiopia;530;2003;Sudan;625;0;0;0;0;0;0;0;0;0;0;0
Ethiopia;530;2004;Eritrea;531;1;0;0;0;0;1;1;0;0;0;0
Ethiopia;530;2004;Kenya;501;0;0;0;0;0;0;0;0;0;0;0
Ethiopia;530;2004;Libya;620;1;0;0;0;0;1;1;0;0;0;0
Ethiopia;530;2004;Somalia;520;0;0;0;0;0;0;0;0;0;0;0
Ethiopia;530;2004;Sudan;625;0;0;0;0;0;0;0;0;0;0;0
Ethiopia;530;2005;Eritrea;531;1;0;0;0;0;1;1;0;0;0;0
Ethiopia;530;2005;Kenya;501;0;0;0;0;0;0;0;0;0;0;0
Ethiopia;530;2005;Libya;620;1;0;0;0;0;1;1;0;0;0;0
Ethiopia;530;2005;Somalia;520;0;0;0;0;0;0;0;0;0;0;0
Ethiopia;530;2005;Sudan;625;0;0;0;0;0;0;0;0;0;0;0
Ethiopia;530;2006;Eritrea;531;1;0;0;0;0;1;1;0;0;0;0
Ethiopia;530;2006;Kenya;501;0;0;0;0;0;0;0;0;0;0;0
Ethiopia;530;2006;Libya;620;1;0;0;0;0;1;1;0;0;0;0
Ethiopia;530;2006;Somalia;520;0;0;0;0;0;0;0;0;0;0;0
Ethiopia;530;2006;Sudan;625;0;0;0;0;0;0;0;0;0;0;0
Ethiopia;530;2007;Eritrea;531;1;0;0;0;0;1;1;0;0;0;0
Ethiopia;530;2007;Kenya;501;0;0;0;0;0;0;0;0;0;0;0
Ethiopia;530;2007;Libya;620;1;0;0;0;0;1;1;0;0;0;0
Ethiopia;530;2007;Somalia;520;0;0;0;0;0;0;0;0;0;0;0
Ethiopia;530;2007;Sudan;625;0;0;0;0;0;0;0;0;0;0;0
Ethiopia;530;2008;Eritrea;531;1;0;0;0;0;1;1;0;0;0;0
Ethiopia;530;2008;Kenya;501;0;0;0;0;0;0;0;0;0;0;0
Ethiopia;530;2008;Libya;620;1;0;0;0;0;1;1;0;0;0;0
Ethiopia;530;2008;Somalia;520;0;0;0;0;0;0;0;0;0;0;0
Ethiopia;530;2008;Sudan;625;0;0;0;0;0;0;0;0;0;0;0
Ethiopia;530;2009;Eritrea;531;1;0;0;0;0;1;1;0;0;0;0
Ethiopia;530;2009;Kenya;501;0;0;0;0;0;0;0;0;0;0;0
Ethiopia;530;2009;Libya;620;1;0;0;0;0;1;1;0;0;0;0
Ethiopia;530;2009;Somalia;520;0;0;0;0;0;0;0;0;0;0;0
Ethiopia;530;2009;Sudan;625;0;0;0;0;0;0;0;0;0;0;0
Ethiopia;530;2010;Eritrea;531;1;0;0;0;0;1;1;0;0;0;0
Ethiopia;530;2010;Kenya;501;0;0;0;0;0;0;0;0;0;0;0
Ethiopia;530;2010;Libya;620;1;0;0;0;0;1;1;0;0;0;0
Ethiopia;530;2010;Somalia;520;0;0;0;0;0;0;0;0;0;0;0
Ethiopia;530;2010;Sudan;625;0;0;0;0;0;0;0;0;0;0;0
France;220;1940;Thailand;800;1;1;0;1;1;0;0;0;0;0;0
France;220;1941;China;710;0;0;0;0;0;0;0;0;0;0;0
France;220;1941;Japan;740;0;0;0;0;0;0;0;0;0;0;0
France;220;1941;Thailand;800;1;1;0;1;1;0;0;0;0;0;0
France;220;1941;"United States of America";2;1;0;0;0;0;1;1;0;0;0;0
France;220;1942;China;710;0;0;0;0;0;0;0;0;0;0;0
France;220;1942;Japan;740;0;0;0;0;0;0;0;0;0;0;0
France;220;1942;Thailand;800;1;1;0;1;1;0;0;0;0;0;0
France;220;1942;"United States of America";2;1;0;0;0;0;1;1;0;0;0;0
France;220;1943;China;710;0;0;0;0;0;0;0;0;0;0;0
France;220;1943;Japan;740;0;0;0;0;0;0;0;0;0;0;0
France;220;1943;Thailand;800;1;1;0;1;1;0;0;0;0;0;0
France;220;1943;"United States of America";2;1;0;0;0;0;1;1;0;0;0;0
France;220;1944;China;710;0;0;0;0;0;0;0;0;0;0;0
France;220;1944;Japan;740;0;0;0;0;0;0;0;0;0;0;0
France;220;1944;Thailand;800;1;1;0;1;1;0;0;0;0;0;0
France;220;1944;"United States of America";2;1;0;0;0;0;1;1;0;0;0;0
France;220;1945;China;710;0;0;0;0;0;0;0;0;0;0;0
France;220;1945;Japan;740;0;0;0;0;0;0;0;0;0;0;0
France;220;1945;Thailand;800;1;1;0;1;1;0;0;0;0;0;0
France;220;1945;"United States of America";2;1;0;0;0;0;1;1;0;0;0;0
France;220;1946;China;710;1;0;0;0;0;1;1;0;0;0;0
France;220;1946;Japan;740;0;0;0;0;0;0;0;0;0;0;0
France;220;1946;Thailand;800;2;2;1;2;1;0;0;0;0;0;0
France;220;1946;"United States of America";2;1;0;0;0;0;1;1;0;0;0;0
France;220;1947;China;710;1;0;0;0;0;1;1;0;0;0;0
France;220;1947;Japan;740;0;0;0;0;0;0;0;0;0;0;0
France;220;1947;Thailand;800;2;2;1;2;1;0;0;0;0;0;0
France;220;1947;"United States of America";2;1;0;0;0;0;1;1;0;0;0;0
France;220;1948;China;710;1;0;0;0;0;1;1;0;0;0;0
France;220;1948;Guinea;438;0;0;0;0;0;0;0;0;0;0;0
France;220;1948;Japan;740;0;0;0;0;0;0;0;0;0;0;0
France;220;1948;Thailand;800;1;1;1;1;0;0;0;0;0;0;0
France;220;1948;"United States of America";2;1;0;0;0;0;1;1;0;0;0;0
France;220;1949;China;710;1;0;0;0;0;1;1;0;0;0;0
France;220;1949;Guinea;438;0;0;0;0;0;0;0;0;0;0;0
France;220;1949;Japan;740;0;0;0;0;0;0;0;0;0;0;0
France;220;1949;Thailand;800;1;1;1;1;0;0;0;0;0;0;0
France;220;1949;"United States of America";2;1;0;0;0;0;1;1;0;0;0;0
France;220;1950;China;710;1;0;0;0;0;1;1;0;0;0;0
France;220;1950;Guinea;438;0;0;0;0;0;0;0;0;0;0;0
France;220;1950;Japan;740;0;0;0;0;0;0;0;0;0;0;0
France;220;1950;Thailand;800;1;1;1;1;0;0;0;0;0;0;0
France;220;1950;"United States of America";2;0;0;0;0;0;0;0;0;0;0;0
France;220;1951;China;710;1;0;0;0;0;1;1;0;0;0;0
France;220;1951;Guinea;438;0;0;0;0;0;0;0;0;0;0;0
France;220;1951;Japan;740;0;0;0;0;0;0;0;0;0;0;0
France;220;1951;Thailand;800;1;1;1;1;0;0;0;0;0;0;0
France;220;1951;"United States of America";2;0;0;0;0;0;0;0;0;0;0;0
France;220;1952;China;710;1;0;0;0;0;1;1;0;0;0;0
France;220;1952;Guinea;438;0;0;0;0;0;0;0;0;0;0;0
France;220;1952;Japan;740;0;0;0;0;0;0;0;0;0;0;0
France;220;1952;Thailand;800;1;1;1;1;0;0;0;0;0;0;0
France;220;1952;"United States of America";2;0;0;0;0;0;0;0;0;0;0;0
France;220;1953;China;710;1;0;0;0;0;1;1;0;0;0;0
France;220;1953;Guinea;438;0;0;0;0;0;0;0;0;0;0;0
France;220;1953;Japan;740;0;0;0;0;0;0;0;0;0;0;0
France;220;1953;Thailand;800;1;1;1;1;0;0;0;0;0;0;0
France;220;1953;"United States of America";2;0;0;0;0;0;0;0;0;0;0;0
France;220;1954;Belgium;211;0;0;0;0;0;0;0;0;0;0;0
France;220;1954;China;710;2;0;0;0;0;1;2;0;0;0;0
France;220;1954;Guinea;438;0;0;0;0;0;0;0;0;0;0;0
France;220;1954;Japan;740;0;0;0;0;0;0;0;0;0;0;0
France;220;1954;Morocco;600;1;1;0;0;1;0;0;0;1;0;0
France;220;1954;Tunisia;616;1;1;0;0;1;0;0;0;1;0;0
France;220;1954;"United States of America";2;1;0;0;0;0;0;1;0;0;0;0
France;220;1955;Belgium;211;0;0;0;0;0;0;0;0;0;0;0
France;220;1955;China;710;1;0;0;0;0;0;1;0;0;0;0
France;220;1955;Guinea;438;1;0;1;0;0;0;0;0;0;0;0
France;220;1955;Morocco;600;1;1;0;0;1;0;0;0;1;0;0
France;220;1955;Tunisia;616;1;1;0;0;1;0;0;0;1;0;0
France;220;1955;"United States of America";2;1;0;0;0;0;0;1;0;0;0;0
France;220;1956;Belgium;211;0;0;0;0;0;0;0;0;0;0;0
France;220;1956;China;710;1;0;0;0;0;0;1;0;0;0;0
France;220;1956;Guinea;438;1;0;1;0;0;0;0;0;0;0;0
France;220;1956;Morocco;600;2;1;1;0;1;0;0;0;1;0;0
France;220;1956;Tunisia;616;1;1;0;0;1;0;0;0;1;0;0
France;220;1956;"United States of America";2;1;0;0;0;0;0;1;0;0;0;0
France;220;1957;Belgium;211;0;0;0;0;0;0;0;0;0;0;0
France;220;1957;China;710;1;0;0;0;0;0;1;0;0;0;0
France;220;1957;Guinea;438;1;0;1;0;0;0;0;0;0;0;0
France;220;1957;Morocco;600;2;1;1;0;1;0;0;0;1;0;0
France;220;1957;Tunisia;616;1;1;0;0;1;0;0;0;1;0;0
France;220;1957;"United States of America";2;1;0;0;0;0;0;1;0;0;0;0
France;220;1958;China;710;1;0;0;0;0;0;1;0;0;0;0
France;220;1958;Guinea;438;1;0;1;0;0;0;0;0;0;0;0
France;220;1958;Morocco;600;2;1;1;0;1;0;0;0;1;0;0
France;220;1958;Tunisia;616;1;1;0;0;1;0;0;0;1;0;0
France;220;1958;"United States of America";2;1;0;0;0;0;0;1;0;0;0;0
France;220;1959;China;710;1;0;0;0;0;0;1;0;0;0;0
France;220;1959;Guinea;438;1;0;1;0;0;0;0;0;0;0;0
France;220;1959;Morocco;600;1;1;0;0;1;0;0;0;1;0;0
France;220;1959;Tunisia;616;1;1;0;0;1;0;0;0;1;0;0
France;220;1959;"United States of America";2;1;0;0;0;0;0;1;0;0;0;0
France;220;1960;China;710;1;0;0;0;0;0;1;0;0;0;0
France;220;1960;Morocco;600;1;1;0;0;1;0;0;0;1;0;0
France;220;1960;Tunisia;616;1;1;0;0;1;0;0;0;1;0;0
France;220;1960;"United States of America";2;1;0;0;0;0;0;1;0;0;0;0
France;220;1961;China;710;1;0;0;0;0;0;1;0;0;0;0
France;220;1961;Israel;666;1;0;0;0;0;1;0;0;0;0;0
France;220;1961;Morocco;600;1;1;0;0;1;0;0;0;1;0;0
France;220;1961;Tunisia;616;1;1;0;0;1;0;0;0;1;0;0
France;220;1961;"United States of America";2;1;0;0;0;0;0;1;0;0;0;0
France;220;1962;China;710;1;0;0;0;0;0;1;0;0;0;0
France;220;1962;Israel;666;1;0;0;0;0;1;0;0;0;0;0
France;220;1962;Morocco;600;1;1;0;0;1;0;0;0;1;0;0
France;220;1962;Tunisia;616;1;1;0;0;1;0;0;0;1;0;0
France;220;1962;"United States of America";2;1;0;0;0;0;0;1;0;0;0;0
Georgia;372;1991;"Soviet Union/Russia";365;1;1;1;0;0;0;1;1;1;1;0
Georgia;372;1992;"Soviet Union/Russia";365;2;1;1;0;0;1;2;1;1;2;0
Georgia;372;1992;Turkey;640;0;0;0;0;0;0;0;0;0;0;0
Georgia;372;1993;"Soviet Union/Russia";365;2;1;1;0;0;1;2;1;1;2;0
Georgia;372;1993;Turkey;640;0;0;0;0;0;0;0;0;0;0;0
Georgia;372;1994;"Soviet Union/Russia";365;1;1;1;0;0;0;1;1;1;1;0
Georgia;372;1995;"Soviet Union/Russia";365;1;1;1;0;0;0;1;1;1;1;0
Georgia;372;1996;"Soviet Union/Russia";365;1;1;1;0;0;0;1;1;1;1;0
Georgia;372;1997;"Soviet Union/Russia";365;1;1;1;0;0;0;1;1;1;1;0
Georgia;372;1998;"Soviet Union/Russia";365;1;1;1;0;0;0;1;1;1;1;0
Georgia;372;1999;"Soviet Union/Russia";365;1;1;1;0;0;0;1;1;1;1;0
Georgia;372;2000;"Soviet Union/Russia";365;1;1;1;0;0;0;1;1;1;1;0
Georgia;372;2001;"Soviet Union/Russia";365;1;1;1;0;0;0;1;1;1;1;0
Georgia;372;2002;"Soviet Union/Russia";365;1;1;1;0;0;0;1;1;1;1;0
Georgia;372;2003;"Soviet Union/Russia";365;1;1;1;0;0;0;1;1;1;1;0
Georgia;372;2004;"Soviet Union/Russia";365;1;1;1;0;0;0;1;1;1;1;0
Georgia;372;2005;"Soviet Union/Russia";365;1;1;1;0;0;0;1;1;1;1;0
Georgia;372;2006;"Soviet Union/Russia";365;1;1;1;0;0;0;1;1;1;1;0
Georgia;372;2007;"Soviet Union/Russia";365;1;1;1;0;0;0;1;1;1;1;0
Georgia;372;2008;"Soviet Union/Russia";365;1;1;1;0;0;0;1;1;1;1;0
Greece;350;1946;Bulgaria;355;1;0;0;0;0;0;1;0;0;0;0
Greece;350;1946;Yugoslavia/Serbia;345;1;0;0;0;0;0;1;0;0;0;0
Greece;350;1947;Bulgaria;355;1;0;0;0;0;0;1;0;0;0;0
Greece;350;1947;Yugoslavia/Serbia;345;1;0;0;0;0;0;1;0;0;0;0
Greece;350;1948;Bulgaria;355;1;0;0;0;0;0;1;0;0;0;0
Greece;350;1948;Yugoslavia/Serbia;345;1;0;0;0;0;0;1;0;0;0;0
Greece;350;1949;Bulgaria;355;1;0;0;0;0;0;1;0;0;0;0
Greece;350;1949;Yugoslavia/Serbia;345;1;0;0;0;0;0;1;0;0;0;0
Guatemala;90;1954;Honduras;91;1;0;0;0;0;0;0;0;1;0;0
Guatemala;90;1954;"United States of America";2;1;0;0;0;0;0;1;0;0;1;0
Guatemala;90;1962;Cuba;40;0;0;0;0;0;0;0;0;0;0;0
Guatemala;90;1962;Mexico;70;0;0;0;0;0;0;0;0;0;0;0
Guatemala;90;1962;Nicaragua;93;0;0;0;0;0;0;0;0;0;0;0
Guatemala;90;1963;Cuba;40;0;0;0;0;0;0;0;0;0;0;0
Guatemala;90;1963;Mexico;70;0;0;0;0;0;0;0;0;0;0;0
Guatemala;90;1963;Nicaragua;93;0;0;0;0;0;0;0;0;0;0;0
Guatemala;90;1964;Cuba;40;0;0;0;0;0;0;0;0;0;0;0
Guatemala;90;1964;Mexico;70;0;0;0;0;0;0;0;0;0;0;0
Guatemala;90;1964;Nicaragua;93;0;0;0;0;0;0;0;0;0;0;0
Guatemala;90;1965;Cuba;40;0;0;0;0;0;0;0;0;0;0;0
Guatemala;90;1965;Mexico;70;0;0;0;0;0;0;0;0;0;0;0
Guatemala;90;1965;Nicaragua;93;0;0;0;0;0;0;0;0;0;0;0
Guatemala;90;1966;Cuba;40;0;0;0;0;0;0;0;0;0;0;0
Guatemala;90;1966;Mexico;70;0;0;0;0;0;0;0;0;0;0;0
Guatemala;90;1966;Nicaragua;93;0;0;0;0;0;0;0;0;0;0;0
Guatemala;90;1967;Cuba;40;1;0;0;0;0;1;0;0;0;0;0
Guatemala;90;1967;Mexico;70;0;0;0;0;0;0;0;0;0;0;0
Guatemala;90;1967;Nicaragua;93;0;0;0;0;0;0;0;0;0;0;0
Guatemala;90;1968;Cuba;40;1;0;0;0;0;1;0;0;0;0;0
Guatemala;90;1968;Mexico;70;0;0;0;0;0;0;0;0;0;0;0
Guatemala;90;1968;Nicaragua;93;0;0;0;0;0;0;0;0;0;0;0
Guatemala;90;1969;Cuba;40;1;0;0;0;0;1;0;0;0;0;0
Guatemala;90;1969;Mexico;70;0;0;0;0;0;0;0;0;0;0;0
Guatemala;90;1969;Nicaragua;93;0;0;0;0;0;0;0;0;0;0;0
Guatemala;90;1970;Cuba;40;1;0;0;0;0;1;0;0;0;0;0
Guatemala;90;1970;Mexico;70;0;0;0;0;0;0;0;0;0;0;0
Guatemala;90;1970;Nicaragua;93;0;0;0;0;0;0;0;0;0;0;0
Guatemala;90;1971;Cuba;40;1;0;0;0;0;1;0;0;0;0;0
Guatemala;90;1971;"El Salvador";92;0;0;0;0;0;0;0;0;0;0;0
Guatemala;90;1971;Mexico;70;0;0;0;0;0;0;0;0;0;0;0
Guatemala;90;1971;Nicaragua;93;0;0;0;0;0;0;0;0;0;0;0
Guatemala;90;1971;"United States of America";2;0;0;0;0;0;0;0;0;0;0;0
Guatemala;90;1972;Cuba;40;1;0;0;0;0;1;0;0;0;0;0
Guatemala;90;1972;"El Salvador";92;0;0;0;0;0;0;0;0;0;0;0
Guatemala;90;1972;Mexico;70;1;1;1;1;0;0;0;0;1;0;0
Guatemala;90;1972;Nicaragua;93;0;0;0;0;0;0;0;0;0;0;0
Guatemala;90;1972;"United States of America";2;0;0;0;0;0;0;0;0;0;0;0
Guatemala;90;1973;Cuba;40;1;0;0;0;0;1;0;0;0;0;0
Guatemala;90;1973;"El Salvador";92;0;0;0;0;0;0;0;0;0;0;0
Guatemala;90;1973;Mexico;70;1;1;1;1;0;0;0;0;1;0;0
Guatemala;90;1973;Nicaragua;93;0;0;0;0;0;0;0;0;0;0;0
Guatemala;90;1973;"United States of America";2;0;0;0;0;0;0;0;0;0;0;0
Guatemala;90;1974;Cuba;40;1;0;0;0;0;1;0;0;0;0;0
Guatemala;90;1974;"El Salvador";92;0;0;0;0;0;0;0;0;0;0;0
Guatemala;90;1974;Mexico;70;1;1;1;1;0;0;0;0;1;0;0
Guatemala;90;1974;Nicaragua;93;0;0;0;0;0;0;0;0;0;0;0
Guatemala;90;1974;"United States of America";2;0;0;0;0;0;0;0;0;0;0;0
Guatemala;90;1975;Cuba;40;1;0;0;0;0;1;0;0;0;0;0
Guatemala;90;1975;"El Salvador";92;0;0;0;0;0;0;0;0;0;0;0
Guatemala;90;1975;Mexico;70;1;1;1;1;0;0;0;0;1;0;0
Guatemala;90;1975;Nicaragua;93;0;0;0;0;0;0;0;0;0;0;0
Guatemala;90;1975;"United States of America";2;0;0;0;0;0;0;0;0;0;0;0
Guatemala;90;1976;Cuba;40;1;0;0;0;0;1;0;0;0;0;0
Guatemala;90;1976;"El Salvador";92;0;0;0;0;0;0;0;0;0;0;0
Guatemala;90;1976;Mexico;70;1;1;1;1;0;0;0;0;1;0;0
Guatemala;90;1976;Nicaragua;93;0;0;0;0;0;0;0;0;0;0;0
Guatemala;90;1976;"United States of America";2;0;0;0;0;0;0;0;0;0;0;0
Guatemala;90;1977;Cuba;40;1;0;0;0;0;1;0;0;0;0;0
Guatemala;90;1977;"El Salvador";92;0;0;0;0;0;0;0;0;0;0;0
Guatemala;90;1977;Mexico;70;1;1;1;1;0;0;0;0;1;0;0
Guatemala;90;1977;Nicaragua;93;0;0;0;0;0;0;0;0;0;0;0
Guatemala;90;1977;"United States of America";2;0;0;0;0;0;0;0;0;0;0;0
Guatemala;90;1978;Cuba;40;2;0;0;0;0;1;0;0;0;0;1
Guatemala;90;1978;"El Salvador";92;0;0;0;0;0;0;0;0;0;0;0
Guatemala;90;1978;Mexico;70;2;2;2;1;0;0;1;1;2;0;0
Guatemala;90;1978;Nicaragua;93;0;0;0;0;0;0;0;0;0;0;0
Guatemala;90;1978;"United States of America";2;0;0;0;0;0;0;0;0;0;0;0
Guatemala;90;1979;Cuba;40;3;0;0;0;0;3;3;0;1;0;2
Guatemala;90;1979;"El Salvador";92;0;0;0;0;0;0;0;0;0;0;0
Guatemala;90;1979;Mexico;70;3;3;3;2;0;0;2;3;2;0;0
Guatemala;90;1979;Nicaragua;93;3;0;0;0;0;2;1;0;1;0;2
Guatemala;90;1979;"United States of America";2;0;0;0;0;0;0;0;0;0;0;0
Guatemala;90;1980;Cuba;40;3;0;0;1;0;3;3;0;1;0;2
Guatemala;90;1980;"El Salvador";92;0;0;0;0;0;0;0;0;0;0;0
Guatemala;90;1980;Mexico;70;3;3;3;3;0;0;2;3;2;0;0
Guatemala;90;1980;Nicaragua;93;3;0;0;1;0;2;1;0;1;0;2
Guatemala;90;1980;"United States of America";2;0;0;0;0;0;0;0;0;0;0;0
Guatemala;90;1981;Cuba;40;3;0;0;1;0;3;3;0;1;0;2
Guatemala;90;1981;"El Salvador";92;0;0;0;0;0;0;0;0;0;0;0
Guatemala;90;1981;Mexico;70;3;3;3;3;0;0;2;3;2;0;0
Guatemala;90;1981;Nicaragua;93;3;0;0;1;0;2;1;0;1;0;2
Guatemala;90;1981;"United States of America";2;0;0;0;0;0;0;0;0;0;0;0
Guatemala;90;1982;Cuba;40;1;0;0;0;0;1;1;0;1;0;1
Guatemala;90;1982;Mexico;70;1;0;1;0;0;0;0;0;0;0;0
Guatemala;90;1982;Nicaragua;93;1;0;0;0;0;0;1;0;0;0;1
Guatemala;90;1983;Cuba;40;1;0;0;0;0;1;1;0;1;0;1
Guatemala;90;1983;Mexico;70;1;0;1;0;0;0;0;0;0;0;0
Guatemala;90;1983;Nicaragua;93;1;0;0;0;0;0;1;0;0;0;1
Guatemala;90;1984;Cuba;40;1;0;0;0;0;1;1;0;1;0;1
Guatemala;90;1984;Mexico;70;1;0;1;0;0;0;0;0;0;0;0
Guatemala;90;1984;Nicaragua;93;1;0;0;0;0;0;1;0;0;0;1
Guatemala;90;1985;Cuba;40;1;0;0;0;0;1;1;0;1;0;1
Guatemala;90;1985;Mexico;70;1;0;1;0;0;0;0;0;0;0;0
Guatemala;90;1985;Nicaragua;93;1;0;0;0;0;0;1;0;0;0;1
Guatemala;90;1986;Cuba;40;1;0;0;0;0;1;1;0;1;0;1
Guatemala;90;1986;Mexico;70;1;0;1;0;0;0;0;0;0;0;0
Guatemala;90;1986;Nicaragua;93;1;0;0;0;0;0;1;0;0;0;1
Guatemala;90;1987;Cuba;40;1;0;0;0;0;1;1;0;1;0;1
Guatemala;90;1987;Mexico;70;1;0;1;0;0;0;0;0;0;0;0
Guatemala;90;1987;Nicaragua;93;1;0;0;0;0;0;1;0;0;0;1
Guatemala;90;1988;Cuba;40;1;0;0;0;0;1;1;0;1;0;1
Guatemala;90;1988;Mexico;70;1;0;1;0;0;0;0;0;0;0;0
Guatemala;90;1988;Nicaragua;93;1;0;0;0;0;0;1;0;0;0;1
Guatemala;90;1989;Cuba;40;1;0;0;0;0;1;1;0;1;0;1
Guatemala;90;1989;Mexico;70;1;0;1;0;0;0;0;0;0;0;0
Guatemala;90;1989;Nicaragua;93;1;0;0;0;0;0;1;0;0;0;1
Guatemala;90;1990;Cuba;40;1;0;0;0;0;1;1;0;1;0;1
Guatemala;90;1990;Mexico;70;1;0;1;0;0;0;0;0;0;0;0
Guatemala;90;1990;Nicaragua;93;1;0;0;0;0;0;1;0;0;0;1
Guatemala;90;1991;Cuba;40;1;0;0;0;0;1;1;0;1;0;1
Guatemala;90;1991;Mexico;70;1;0;1;0;0;0;0;0;0;0;0
Guatemala;90;1991;Nicaragua;93;0;0;0;0;0;0;0;0;0;0;0
Guatemala;90;1992;Cuba;40;1;0;0;0;0;1;1;0;1;0;1
Guatemala;90;1992;Mexico;70;1;0;1;0;0;0;0;0;0;0;0
Guatemala;90;1992;Nicaragua;93;0;0;0;0;0;0;0;0;0;0;0
Guatemala;90;1993;Cuba;40;1;0;0;0;0;1;1;0;1;0;1
Guatemala;90;1993;Mexico;70;1;0;1;0;0;0;0;0;0;0;0
Guatemala;90;1993;Nicaragua;93;0;0;0;0;0;0;0;0;0;0;0
Guatemala;90;1994;Cuba;40;1;0;0;0;0;1;1;0;1;0;1
Guatemala;90;1994;Mexico;70;1;0;1;0;0;0;0;0;0;0;0
Guatemala;90;1994;Nicaragua;93;0;0;0;0;0;0;0;0;0;0;0
Guatemala;90;1995;Cuba;40;1;0;0;0;0;1;1;0;1;0;1
Guatemala;90;1995;Mexico;70;1;0;1;0;0;0;0;0;0;0;0
Guatemala;90;1995;Nicaragua;93;0;0;0;0;0;0;0;0;0;0;0
Guinea;438;2000;Liberia;450;0;0;0;0;0;0;0;0;0;0;0
Guinea;438;2000;"Sierra Leone";451;1;1;0;0;0;0;0;0;0;0;0
Guinea;438;2001;Liberia;450;0;0;0;0;0;0;0;0;0;0;0
Guinea;438;2001;"Sierra Leone";451;1;1;0;0;0;0;0;0;0;0;0
Haiti;41;2004;"Central African Republic";482;1;0;1;0;0;0;0;0;0;0;0
Haiti;41;2004;"Dominican Republic";42;0;0;0;0;0;0;0;0;0;0;0
Haiti;41;2004;Jamaica;51;1;0;1;0;0;0;0;0;1;0;0
Haiti;41;2004;"South Africa";560;1;0;1;0;0;0;1;0;0;0;0
India;750;1947;China;710;0;0;0;0;0;0;0;0;0;0;0
India;750;1947;Pakistan;770;0;0;0;0;0;0;0;0;0;0;0
India;750;1947;"United Kingdom";200;0;0;0;0;0;0;0;0;0;0;0
India;750;1948;China;710;0;0;0;0;0;0;0;0;0;0;0
India;750;1948;Pakistan;770;0;0;0;0;0;0;0;0;0;0;0
India;750;1948;"United Kingdom";200;0;0;0;0;0;0;0;0;0;0;0
India;750;1949;China;710;0;0;0;0;0;0;0;0;0;0;0
India;750;1949;Pakistan;770;0;0;0;0;0;0;0;0;0;0;0
India;750;1949;"United Kingdom";200;0;0;0;0;0;0;0;0;0;0;0
India;750;1950;China;710;0;0;0;0;0;0;0;0;0;0;0
India;750;1950;Pakistan;770;0;0;0;0;0;0;0;0;0;0;0
India;750;1950;"United Kingdom";200;0;0;0;0;0;0;0;0;0;0;0
India;750;1951;China;710;0;0;0;0;0;0;0;0;0;0;0
India;750;1951;Pakistan;770;0;0;0;0;0;0;0;0;0;0;0
India;750;1951;"United Kingdom";200;0;0;0;0;0;0;0;0;0;0;0
India;750;1952;China;710;0;0;0;0;0;0;0;0;0;0;0
India;750;1952;Pakistan;770;0;0;0;0;0;0;0;0;0;0;0
India;750;1952;"United Kingdom";200;0;0;0;0;0;0;0;0;0;0;0
India;750;1953;China;710;0;0;0;0;0;0;0;0;0;0;0
India;750;1953;Pakistan;770;0;0;0;0;0;0;0;0;0;0;0
India;750;1953;"United Kingdom";200;0;0;0;0;0;0;0;0;0;0;0
India;750;1954;China;710;0;0;0;0;0;0;0;0;0;0;0
India;750;1954;Pakistan;770;0;0;0;0;0;0;0;0;0;0;0
India;750;1954;"United Kingdom";200;0;0;0;0;0;0;0;0;0;0;0
India;750;1955;China;710;0;0;0;0;0;0;0;0;0;0;0
India;750;1955;Pakistan;770;0;0;0;0;0;0;0;0;0;0;0
India;750;1955;"United Kingdom";200;0;0;0;0;0;0;0;0;0;0;0
India;750;1956;China;710;0;0;0;0;0;0;0;0;0;0;0
India;750;1956;Pakistan;770;1;0;1;0;0;0;0;0;0;0;0
India;750;1956;"United Kingdom";200;0;0;0;0;0;0;0;0;0;0;0
India;750;1957;China;710;0;0;0;0;0;0;0;0;0;0;0
India;750;1957;Pakistan;770;1;0;1;0;1;1;1;0;0;0;0
India;750;1957;"United Kingdom";200;0;0;0;0;0;0;0;0;0;0;0
India;750;1958;China;710;0;0;0;0;0;0;0;0;0;0;0
India;750;1958;Pakistan;770;1;0;1;0;1;1;1;0;0;0;0
India;750;1958;"United Kingdom";200;0;0;0;0;0;0;0;0;0;0;0
India;750;1959;China;710;0;0;0;0;0;0;0;0;0;0;0
India;750;1959;Pakistan;770;1;0;1;0;1;1;1;0;0;0;0
India;750;1959;"United Kingdom";200;0;0;0;0;0;0;0;0;0;0;0
India;750;1960;China;710;0;0;0;0;0;0;0;0;0;0;0
India;750;1960;Pakistan;770;1;0;1;0;1;1;1;0;0;0;0
India;750;1960;"United Kingdom";200;0;0;0;0;0;0;0;0;0;0;0
India;750;1961;China;710;0;0;0;0;0;0;0;0;0;0;0
India;750;1961;Myanmar;775;0;0;0;0;0;0;0;0;0;0;0
India;750;1961;Pakistan;770;1;0;0;0;1;1;1;0;0;0;0
India;750;1961;"United Kingdom";200;0;0;0;0;0;0;0;0;0;0;0
India;750;1962;China;710;0;0;0;0;0;0;0;0;0;0;0
India;750;1962;Myanmar;775;0;0;0;0;0;0;0;0;0;0;0
India;750;1962;Pakistan;770;1;0;0;0;1;1;1;0;0;0;0
India;750;1962;"United Kingdom";200;0;0;0;0;0;0;0;0;0;0;0
India;750;1963;China;710;0;0;0;0;0;0;0;0;0;0;0
India;750;1963;Myanmar;775;0;0;0;0;0;0;0;0;0;0;0
India;750;1963;Pakistan;770;1;0;0;0;1;1;1;0;0;0;0
India;750;1963;"United Kingdom";200;0;0;0;0;0;0;0;0;0;0;0
India;750;1964;Bangladesh;771;0;0;0;0;0;0;0;0;0;0;0
India;750;1964;China;710;0;0;0;0;0;0;0;0;0;0;0
India;750;1964;Myanmar;775;0;0;0;0;0;0;0;0;0;0;0
India;750;1964;Pakistan;770;2;0;0;0;2;2;2;0;0;0;0
India;750;1964;Thailand;800;0;0;0;0;0;0;0;0;0;0;0
India;750;1964;"United Kingdom";200;0;0;0;0;0;0;0;0;0;0;0
India;750;1965;Bangladesh;771;0;0;0;0;0;0;0;0;0;0;0
India;750;1965;China;710;0;0;0;0;0;0;0;0;0;0;0
India;750;1965;Myanmar;775;0;0;0;0;0;0;0;0;0;0;0
India;750;1965;Pakistan;770;2;0;0;0;2;2;2;0;0;0;0
India;750;1965;Thailand;800;0;0;0;0;0;0;0;0;0;0;0
India;750;1965;"United Kingdom";200;0;0;0;0;0;0;0;0;0;0;0
India;750;1966;Bangladesh;771;0;0;0;0;0;0;0;0;0;0;0
India;750;1966;China;710;0;0;0;0;0;0;0;0;0;0;0
India;750;1966;Myanmar;775;0;0;0;0;0;0;0;0;0;0;0
India;750;1966;Pakistan;770;2;1;1;0;2;2;2;0;0;0;0
India;750;1966;Thailand;800;0;0;0;0;0;0;0;0;0;0;0
India;750;1966;"United Kingdom";200;0;0;0;0;0;0;0;0;0;0;0
India;750;1967;Bangladesh;771;0;0;0;0;0;0;0;0;0;0;0
India;750;1967;China;710;1;0;0;0;0;1;1;0;0;0;0
India;750;1967;Myanmar;775;0;0;0;0;0;0;0;0;0;0;0
India;750;1967;Pakistan;770;2;1;1;0;2;2;2;0;0;0;0
India;750;1967;Thailand;800;0;0;0;0;0;0;0;0;0;0;0
India;750;1967;"United Kingdom";200;0;0;0;0;0;0;0;0;0;0;0
India;750;1968;Bangladesh;771;0;0;0;0;0;0;0;0;0;0;0
India;750;1968;China;710;1;0;0;0;0;1;1;0;0;0;0
India;750;1968;Myanmar;775;0;0;0;0;0;0;0;0;0;0;0
India;750;1968;Pakistan;770;2;1;1;0;2;2;2;0;0;0;0
India;750;1968;Thailand;800;0;0;0;0;0;0;0;0;0;0;0
India;750;1968;"United Kingdom";200;0;0;0;0;0;0;0;0;0;0;0
India;750;1969;Bangladesh;771;0;0;0;0;0;0;0;0;0;0;0
India;750;1969;China;710;1;0;0;0;0;1;1;0;0;0;0
India;750;1969;Myanmar;775;0;0;0;0;0;0;0;0;0;0;0
India;750;1969;Nepal;790;0;0;0;0;0;0;0;0;0;0;0
India;750;1969;Pakistan;770;3;1;1;0;2;3;2;0;0;0;0
India;750;1969;Thailand;800;0;0;0;0;0;0;0;0;0;0;0
India;750;1969;"United Kingdom";200;0;0;0;0;0;0;0;0;0;0;0
India;750;1970;Bangladesh;771;0;0;0;0;0;0;0;0;0;0;0
India;750;1970;China;710;1;0;0;0;0;1;1;0;0;0;0
India;750;1970;Myanmar;775;0;0;0;0;0;0;0;0;0;0;0
India;750;1970;Nepal;790;0;0;0;0;0;0;0;0;0;0;0
India;750;1970;Pakistan;770;3;1;1;0;2;3;2;0;0;0;0
India;750;1970;Thailand;800;0;0;0;0;0;0;0;0;0;0;0
India;750;1970;"United Kingdom";200;0;0;0;0;0;0;0;0;0;0;0
India;750;1971;Bangladesh;771;0;0;0;0;0;0;0;0;0;0;0
India;750;1971;China;710;1;0;0;0;0;1;1;0;0;0;0
India;750;1971;Myanmar;775;0;0;0;0;0;0;0;0;0;0;0
India;750;1971;Nepal;790;0;0;0;0;0;0;0;0;0;0;0
India;750;1971;Pakistan;770;3;1;1;0;2;3;2;0;0;0;0
India;750;1971;Thailand;800;0;0;0;0;0;0;0;0;0;0;0
India;750;1971;"United Kingdom";200;0;0;0;0;0;0;0;0;0;0;0
India;750;1972;Bangladesh;771;0;0;0;0;0;0;0;0;0;0;0
India;750;1972;China;710;1;0;0;0;0;1;1;0;0;0;0
India;750;1972;Myanmar;775;0;0;0;0;0;0;0;0;0;0;0
India;750;1972;Nepal;790;0;0;0;0;0;0;0;0;0;0;0
India;750;1972;Pakistan;770;1;0;1;0;0;0;0;0;0;0;0
India;750;1972;Thailand;800;0;0;0;0;0;0;0;0;0;0;0
India;750;1972;"United Kingdom";200;0;0;0;0;0;0;0;0;0;0;0
India;750;1973;Bangladesh;771;0;0;0;0;0;0;0;0;0;0;0
India;750;1973;China;710;1;0;0;0;0;1;1;0;0;0;0
India;750;1973;Myanmar;775;0;0;0;0;0;0;0;0;0;0;0
India;750;1973;Nepal;790;0;0;0;0;0;0;0;0;0;0;0
India;750;1973;Pakistan;770;0;0;0;0;0;0;0;0;0;0;0
India;750;1973;Thailand;800;0;0;0;0;0;0;0;0;0;0;0
India;750;1973;"United Kingdom";200;0;0;0;0;0;0;0;0;0;0;0
India;750;1974;Bangladesh;771;0;0;0;0;0;0;0;0;0;0;0
India;750;1974;China;710;1;0;0;0;0;1;1;0;0;0;0
India;750;1974;Myanmar;775;0;0;0;0;0;0;0;0;0;0;0
India;750;1974;Nepal;790;0;0;0;0;0;0;0;0;0;0;0
India;750;1974;Pakistan;770;0;0;0;0;0;0;0;0;0;0;0
India;750;1974;Thailand;800;0;0;0;0;0;0;0;0;0;0;0
India;750;1974;"United Kingdom";200;0;0;0;0;0;0;0;0;0;0;0
India;750;1975;Bangladesh;771;0;0;0;0;0;0;0;0;0;0;0
India;750;1975;China;710;1;0;0;0;0;1;1;0;0;0;0
India;750;1975;Myanmar;775;0;0;0;0;0;0;0;0;0;0;0
India;750;1975;Nepal;790;0;0;0;0;0;0;0;0;0;0;0
India;750;1975;Pakistan;770;0;0;0;0;0;0;0;0;0;0;0
India;750;1975;Thailand;800;0;0;0;0;0;0;0;0;0;0;0
India;750;1975;"United Kingdom";200;0;0;0;0;0;0;0;0;0;0;0
India;750;1976;Bangladesh;771;0;0;0;0;0;0;0;0;0;0;0
India;750;1976;Myanmar;775;0;0;0;0;0;0;0;0;0;0;0
India;750;1976;Nepal;790;0;0;0;0;0;0;0;0;0;0;0
India;750;1976;Pakistan;770;0;0;0;0;0;0;0;0;0;0;0
India;750;1976;Thailand;800;0;0;0;0;0;0;0;0;0;0;0
India;750;1976;"United Kingdom";200;0;0;0;0;0;0;0;0;0;0;0
India;750;1977;Bangladesh;771;0;0;0;0;0;0;0;0;0;0;0
India;750;1977;Myanmar;775;0;0;0;0;0;0;0;0;0;0;0
India;750;1977;Nepal;790;0;0;0;0;0;0;0;0;0;0;0
India;750;1977;Pakistan;770;0;0;0;0;0;0;0;0;0;0;0
India;750;1977;Thailand;800;0;0;0;0;0;0;0;0;0;0;0
India;750;1977;"United Kingdom";200;0;0;0;0;0;0;0;0;0;0;0
India;750;1978;Bangladesh;771;0;0;0;0;0;0;0;0;0;0;0
India;750;1978;China;710;0;0;0;0;0;0;0;0;0;0;0
India;750;1978;Myanmar;775;0;0;0;0;0;0;0;0;0;0;0
India;750;1978;Nepal;790;0;0;0;0;0;0;0;0;0;0;0
India;750;1978;Pakistan;770;0;0;0;0;0;0;0;0;0;0;0
India;750;1978;Thailand;800;0;0;0;0;0;0;0;0;0;0;0
India;750;1978;"United Kingdom";200;0;0;0;0;0;0;0;0;0;0;0
India;750;1979;Afghanistan;700;0;0;0;0;0;0;0;0;0;0;0
India;750;1979;Bangladesh;771;0;0;0;0;0;0;0;0;0;0;0
India;750;1979;Bhutan;760;0;0;0;0;0;0;0;0;0;0;0
India;750;1979;Cambodia;811;0;0;0;0;0;0;0;0;0;0;0
India;750;1979;China;710;0;0;0;0;0;0;0;0;0;0;0
India;750;1979;Myanmar;775;0;0;0;0;0;0;0;0;0;0;0
India;750;1979;Nepal;790;0;0;0;0;0;0;0;0;0;0;0
India;750;1979;Pakistan;770;0;0;0;0;0;0;0;0;0;0;0
India;750;1979;Thailand;800;0;0;0;0;0;0;0;0;0;0;0
India;750;1979;"United Kingdom";200;0;0;0;0;0;0;0;0;0;0;0
India;750;1980;Afghanistan;700;0;0;0;0;0;0;0;0;0;0;0
India;750;1980;Bangladesh;771;0;0;0;0;0;0;0;0;0;0;0
India;750;1980;Bhutan;760;0;0;0;0;0;0;0;0;0;0;0
India;750;1980;Cambodia;811;0;0;0;0;0;0;0;0;0;0;0
India;750;1980;Canada;20;0;0;0;0;0;0;0;0;0;0;0
India;750;1980;China;710;0;0;0;0;0;0;0;0;0;0;0
India;750;1980;Myanmar;775;0;0;0;0;0;0;0;0;0;0;0
India;750;1980;Nepal;790;0;0;0;0;0;0;0;0;0;0;0
India;750;1980;Pakistan;770;0;0;0;0;0;0;0;0;0;0;0
India;750;1980;"Sri Lanka";780;0;0;0;0;0;0;0;0;0;0;0
India;750;1980;Thailand;800;0;0;0;0;0;0;0;0;0;0;0
India;750;1980;"United Kingdom";200;0;0;0;0;0;0;0;0;0;0;0
India;750;1980;"United States of America";2;0;0;0;0;0;0;0;0;0;0;0
India;750;1981;Afghanistan;700;0;0;0;0;0;0;0;0;0;0;0
India;750;1981;Bangladesh;771;0;0;0;0;0;0;0;0;0;0;0
India;750;1981;Bhutan;760;0;0;0;0;0;0;0;0;0;0;0
India;750;1981;Cambodia;811;0;0;0;0;0;0;0;0;0;0;0
India;750;1981;Canada;20;0;0;0;0;0;0;0;0;0;0;0
India;750;1981;China;710;0;0;0;0;0;0;0;0;0;0;0
India;750;1981;Myanmar;775;0;0;0;0;0;0;0;0;0;0;0
India;750;1981;Nepal;790;0;0;0;0;0;0;0;0;0;0;0
India;750;1981;Pakistan;770;0;0;0;0;0;0;0;0;0;0;0
India;750;1981;"Sri Lanka";780;0;0;0;0;0;0;0;0;0;0;0
India;750;1981;Thailand;800;0;0;0;0;0;0;0;0;0;0;0
India;750;1981;"United Kingdom";200;0;0;0;0;0;0;0;0;0;0;0
India;750;1981;"United States of America";2;0;0;0;0;0;0;0;0;0;0;0
India;750;1982;Afghanistan;700;0;0;0;0;0;0;0;0;0;0;0
India;750;1982;Bangladesh;771;0;0;0;0;0;0;0;0;0;0;0
India;750;1982;Bhutan;760;0;0;0;0;0;0;0;0;0;0;0
India;750;1982;Cambodia;811;0;0;0;0;0;0;0;0;0;0;0
India;750;1982;Canada;20;0;0;0;0;0;0;0;0;0;0;0
India;750;1982;China;710;0;0;0;0;0;0;0;0;0;0;0
India;750;1982;Myanmar;775;0;0;0;0;0;0;0;0;0;0;0
India;750;1982;Nepal;790;0;0;0;0;0;0;0;0;0;0;0
India;750;1982;Pakistan;770;0;0;0;0;0;0;0;0;0;0;0
India;750;1982;"Sri Lanka";780;0;0;0;0;0;0;0;0;0;0;0
India;750;1982;Thailand;800;0;0;0;0;0;0;0;0;0;0;0
India;750;1982;"United Kingdom";200;0;0;0;0;0;0;0;0;0;0;0
India;750;1982;"United States of America";2;0;0;0;0;0;0;0;0;0;0;0
India;750;1983;Afghanistan;700;0;0;0;0;0;0;0;0;0;0;0
India;750;1983;Bangladesh;771;0;0;0;0;0;0;0;0;0;0;0
India;750;1983;Bhutan;760;0;0;0;0;0;0;0;0;0;0;0
India;750;1983;Cambodia;811;0;0;0;0;0;0;0;0;0;0;0
India;750;1983;Canada;20;0;0;0;0;0;0;0;0;0;0;0
India;750;1983;China;710;0;0;0;0;0;0;0;0;0;0;0
India;750;1983;Myanmar;775;0;0;0;0;0;0;0;0;0;0;0
India;750;1983;Nepal;790;0;0;0;0;0;0;0;0;0;0;0
India;750;1983;Pakistan;770;0;0;0;0;0;0;0;0;0;0;0
India;750;1983;"Sri Lanka";780;0;0;0;0;0;0;0;0;0;0;0
India;750;1983;Thailand;800;0;0;0;0;0;0;0;0;0;0;0
India;750;1983;"United Kingdom";200;0;0;0;0;0;0;0;0;0;0;0
India;750;1983;"United States of America";2;0;0;0;0;0;0;0;0;0;0;0
India;750;1984;Afghanistan;700;0;0;0;0;0;0;0;0;0;0;0
India;750;1984;Bangladesh;771;0;0;0;0;0;0;0;0;0;0;0
India;750;1984;Bhutan;760;0;0;0;0;0;0;0;0;0;0;0
India;750;1984;Cambodia;811;0;0;0;0;0;0;0;0;0;0;0
India;750;1984;Canada;20;0;0;0;0;0;0;0;0;0;0;0
India;750;1984;China;710;0;0;0;0;0;0;0;0;0;0;0
India;750;1984;Myanmar;775;0;0;0;0;0;0;0;0;0;0;0
India;750;1984;Nepal;790;0;0;0;0;0;0;0;0;0;0;0
India;750;1984;Pakistan;770;1;0;0;0;1;1;0;0;0;0;0
India;750;1984;"Sri Lanka";780;0;0;0;0;0;0;0;0;0;0;0
India;750;1984;Thailand;800;0;0;0;0;0;0;0;0;0;0;0
India;750;1984;"United Kingdom";200;0;0;0;0;0;0;0;0;0;0;0
India;750;1984;"United States of America";2;0;0;0;0;0;0;0;0;0;0;0
India;750;1985;Afghanistan;700;0;0;0;0;0;0;0;0;0;0;0
India;750;1985;Bangladesh;771;0;0;0;0;0;0;0;0;0;0;0
India;750;1985;Bhutan;760;0;0;0;0;0;0;0;0;0;0;0
India;750;1985;Cambodia;811;0;0;0;0;0;0;0;0;0;0;0
India;750;1985;Canada;20;0;0;0;0;0;0;0;0;0;0;0
India;750;1985;China;710;0;0;0;0;0;0;0;0;0;0;0
India;750;1985;Myanmar;775;0;0;0;0;0;0;0;0;0;0;0
India;750;1985;Nepal;790;0;0;0;0;0;0;0;0;0;0;0
India;750;1985;Pakistan;770;1;0;0;0;1;1;0;0;0;0;0
India;750;1985;"Sri Lanka";780;0;0;0;0;0;0;0;0;0;0;0
India;750;1985;Thailand;800;0;0;0;0;0;0;0;0;0;0;0
India;750;1985;"United Kingdom";200;0;0;0;0;0;0;0;0;0;0;0
India;750;1985;"United States of America";2;0;0;0;0;0;0;0;0;0;0;0
India;750;1986;Afghanistan;700;0;0;0;0;0;0;0;0;0;0;0
India;750;1986;Bangladesh;771;0;0;0;0;0;0;0;0;0;0;0
India;750;1986;Bhutan;760;0;0;0;0;0;0;0;0;0;0;0
India;750;1986;Cambodia;811;0;0;0;0;0;0;0;0;0;0;0
India;750;1986;Canada;20;0;0;0;0;0;0;0;0;0;0;0
India;750;1986;China;710;0;0;0;0;0;0;0;0;0;0;0
India;750;1986;Myanmar;775;0;0;0;0;0;0;0;0;0;0;0
India;750;1986;Nepal;790;0;0;0;0;0;0;0;0;0;0;0
India;750;1986;Pakistan;770;1;0;0;0;1;1;0;0;0;0;0
India;750;1986;"Sri Lanka";780;0;0;0;0;0;0;0;0;0;0;0
India;750;1986;Thailand;800;0;0;0;0;0;0;0;0;0;0;0
India;750;1986;"United Kingdom";200;0;0;0;0;0;0;0;0;0;0;0
India;750;1986;"United States of America";2;0;0;0;0;0;0;0;0;0;0;0
India;750;1987;Afghanistan;700;0;0;0;0;0;0;0;0;0;0;0
India;750;1987;Bangladesh;771;0;0;0;0;0;0;0;0;0;0;0
India;750;1987;Bhutan;760;0;0;0;0;0;0;0;0;0;0;0
India;750;1987;Cambodia;811;0;0;0;0;0;0;0;0;0;0;0
India;750;1987;Canada;20;0;0;0;0;0;0;0;0;0;0;0
India;750;1987;China;710;0;0;0;0;0;0;0;0;0;0;0
India;750;1987;Myanmar;775;0;0;0;0;0;0;0;0;0;0;0
India;750;1987;Nepal;790;0;0;0;0;0;0;0;0;0;0;0
India;750;1987;Pakistan;770;1;1;0;0;1;1;1;0;0;0;0
India;750;1987;"Sri Lanka";780;0;0;0;0;0;0;0;0;0;0;0
India;750;1987;Thailand;800;0;0;0;0;0;0;0;0;0;0;0
India;750;1987;"United States of America";2;0;0;0;0;0;0;0;0;0;0;0
India;750;1988;Afghanistan;700;0;0;0;0;0;0;0;0;0;0;0
India;750;1988;Bangladesh;771;0;0;0;0;0;0;0;0;0;0;0
India;750;1988;Bhutan;760;0;0;0;0;0;0;0;0;0;0;0
India;750;1988;Cambodia;811;0;0;0;0;0;0;0;0;0;0;0
India;750;1988;Canada;20;0;0;0;0;0;0;0;0;0;0;0
India;750;1988;China;710;0;0;0;0;0;0;0;0;0;0;0
India;750;1988;Myanmar;775;0;0;0;0;0;0;0;0;0;0;0
India;750;1988;Nepal;790;0;0;0;0;0;0;0;0;0;0;0
India;750;1988;Pakistan;770;1;1;0;0;1;1;1;0;0;0;0
India;750;1988;"Sri Lanka";780;0;0;0;0;0;0;0;0;0;0;0
India;750;1988;Thailand;800;0;0;0;0;0;0;0;0;0;0;0
India;750;1988;"United States of America";2;0;0;0;0;0;0;0;0;0;0;0
India;750;1989;Afghanistan;700;0;0;0;0;0;0;0;0;0;0;0
India;750;1989;Bangladesh;771;1;1;0;0;1;0;0;0;1;0;0
India;750;1989;Bhutan;760;0;0;0;0;0;0;0;0;0;0;0
India;750;1989;Cambodia;811;0;0;0;0;0;0;0;0;0;0;0
India;750;1989;Canada;20;0;0;0;0;0;0;0;0;0;0;0
India;750;1989;China;710;0;0;0;0;0;0;0;0;0;0;0
India;750;1989;Myanmar;775;0;0;0;0;0;0;0;0;0;0;0
India;750;1989;Nepal;790;0;0;0;0;0;0;0;0;0;0;0
India;750;1989;Pakistan;770;2;2;0;0;2;2;2;1;0;0;0
India;750;1989;"Sri Lanka";780;0;0;0;0;0;0;0;0;0;0;0
India;750;1989;Thailand;800;0;0;0;0;0;0;0;0;0;0;0
India;750;1989;"United States of America";2;0;0;0;0;0;0;0;0;0;0;0
India;750;1990;Afghanistan;700;0;0;0;0;0;0;0;0;0;0;0
India;750;1990;Bangladesh;771;1;1;0;0;1;0;0;0;1;0;0
India;750;1990;Bhutan;760;1;1;1;1;1;0;1;0;0;0;0
India;750;1990;Cambodia;811;0;0;0;0;0;0;0;0;0;0;0
India;750;1990;Canada;20;0;0;0;0;0;0;0;0;0;0;0
India;750;1990;China;710;1;0;0;0;0;1;0;0;0;0;0
India;750;1990;Myanmar;775;0;0;0;0;0;0;0;0;0;0;0
India;750;1990;Nepal;790;0;0;0;0;0;0;0;0;0;0;0
India;750;1990;Pakistan;770;2;2;0;0;2;2;2;1;0;0;0
India;750;1990;"Sri Lanka";780;0;0;0;0;0;0;0;0;0;0;0
India;750;1990;Thailand;800;0;0;0;0;0;0;0;0;0;0;0
India;750;1990;"United States of America";2;0;0;0;0;0;0;0;0;0;0;0
India;750;1991;Afghanistan;700;0;0;0;0;0;0;0;0;0;0;0
India;750;1991;Bangladesh;771;2;2;1;1;2;0;0;0;1;0;0
India;750;1991;Bhutan;760;1;1;1;1;1;0;1;0;0;0;0
India;750;1991;Cambodia;811;0;0;0;0;0;0;0;0;0;0;0
India;750;1991;Canada;20;0;0;0;0;0;0;0;0;0;0;0
India;750;1991;China;710;1;0;0;0;0;1;0;0;0;0;0
India;750;1991;Myanmar;775;0;0;0;0;0;0;0;0;0;0;0
India;750;1991;Nepal;790;0;0;0;0;0;0;0;0;0;0;0
India;750;1991;Pakistan;770;2;2;0;0;2;2;2;1;0;0;0
India;750;1991;"Sri Lanka";780;0;0;0;0;0;0;0;0;0;0;0
India;750;1991;Thailand;800;0;0;0;0;0;0;0;0;0;0;0
India;750;1991;"United States of America";2;0;0;0;0;0;0;0;0;0;0;0
India;750;1992;Afghanistan;700;0;0;0;0;0;0;0;0;0;0;0
India;750;1992;Bangladesh;771;2;2;1;1;2;0;0;0;1;0;0
India;750;1992;Bhutan;760;1;1;1;1;1;0;1;0;0;0;0
India;750;1992;Cambodia;811;0;0;0;0;0;0;0;0;0;0;0
India;750;1992;Canada;20;0;0;0;0;0;0;0;0;0;0;0
India;750;1992;China;710;1;0;0;0;0;1;0;0;0;0;0
India;750;1992;Myanmar;775;0;0;0;0;0;0;0;0;0;0;0
India;750;1992;Nepal;790;0;0;0;0;0;0;0;0;0;0;0
India;750;1992;Pakistan;770;2;2;0;0;1;1;1;1;0;0;0
India;750;1992;"Sri Lanka";780;0;0;0;0;0;0;0;0;0;0;0
India;750;1992;Thailand;800;0;0;0;0;0;0;0;0;0;0;0
India;750;1992;"United States of America";2;0;0;0;0;0;0;0;0;0;0;0
India;750;1993;Afghanistan;700;0;0;0;0;0;0;0;0;0;0;0
India;750;1993;Bangladesh;771;2;2;1;1;2;0;0;0;1;0;0
India;750;1993;Bhutan;760;1;1;1;1;1;0;1;0;0;0;0
India;750;1993;Cambodia;811;0;0;0;0;0;0;0;0;0;0;0
India;750;1993;Canada;20;0;0;0;0;0;0;0;0;0;0;0
India;750;1993;China;710;1;0;0;0;0;1;0;0;0;0;0
India;750;1993;Myanmar;775;0;0;0;0;0;0;0;0;0;0;0
India;750;1993;Nepal;790;0;0;0;0;0;0;0;0;0;0;0
India;750;1993;Pakistan;770;3;2;0;0;2;1;2;2;0;0;0
India;750;1993;"Sri Lanka";780;0;0;0;0;0;0;0;0;0;0;0
India;750;1993;Thailand;800;0;0;0;0;0;0;0;0;0;0;0
India;750;1993;"United States of America";2;0;0;0;0;0;0;0;0;0;0;0
India;750;1994;Afghanistan;700;0;0;0;0;0;0;0;0;0;0;0
India;750;1994;Bangladesh;771;2;2;1;1;2;0;0;0;1;0;0
India;750;1994;Bhutan;760;1;1;1;1;1;0;1;0;0;0;0
India;750;1994;Cambodia;811;0;0;0;0;0;0;0;0;0;0;0
India;750;1994;China;710;1;0;0;0;0;1;0;0;0;0;0
India;750;1994;Myanmar;775;0;0;0;0;0;0;0;0;0;0;0
India;750;1994;Nepal;790;0;0;0;0;0;0;0;0;0;0;0
India;750;1994;Pakistan;770;2;1;0;0;2;1;2;2;0;0;0
India;750;1994;"Sri Lanka";780;0;0;0;0;0;0;0;0;0;0;0
India;750;1994;Thailand;800;0;0;0;0;0;0;0;0;0;0;0
India;750;1995;Afghanistan;700;0;0;0;0;0;0;0;0;0;0;0
India;750;1995;Bangladesh;771;2;2;1;1;2;0;0;0;1;0;0
India;750;1995;Bhutan;760;1;1;1;1;1;0;1;0;0;0;0
India;750;1995;Cambodia;811;0;0;0;0;0;0;0;0;0;0;0
India;750;1995;China;710;2;0;0;0;0;1;1;0;0;0;0
India;750;1995;Myanmar;775;0;0;0;0;0;0;0;0;0;0;0
India;750;1995;Nepal;790;0;0;0;0;0;0;0;0;0;0;0
India;750;1995;Pakistan;770;2;1;0;0;2;1;2;2;0;0;0
India;750;1995;"Sri Lanka";780;0;0;0;0;0;0;0;0;0;0;0
India;750;1995;Thailand;800;0;0;0;0;0;0;0;0;0;0;0
India;750;1996;Afghanistan;700;0;0;0;0;0;0;0;0;0;0;0
India;750;1996;Bangladesh;771;2;2;1;1;2;0;0;0;1;0;0
India;750;1996;Bhutan;760;1;1;1;1;1;0;1;0;0;0;0
India;750;1996;Cambodia;811;0;0;0;0;0;0;0;0;0;0;0
India;750;1996;China;710;1;0;0;0;0;1;0;0;0;0;0
India;750;1996;Myanmar;775;0;0;0;0;0;0;0;0;0;0;0
India;750;1996;Nepal;790;0;0;0;0;0;0;0;0;0;0;0
India;750;1996;Pakistan;770;3;1;0;0;3;2;3;2;1;0;0
India;750;1996;"Sri Lanka";780;0;0;0;0;0;0;0;0;0;0;0
India;750;1996;Thailand;800;0;0;0;0;0;0;0;0;0;0;0
India;750;1997;Afghanistan;700;0;0;0;0;0;0;0;0;0;0;0
India;750;1997;Bangladesh;771;2;2;2;1;2;0;0;0;1;0;0
India;750;1997;Bhutan;760;1;1;1;1;1;0;1;0;1;0;0
India;750;1997;Cambodia;811;0;0;0;0;0;0;0;0;0;0;0
India;750;1997;China;710;1;0;0;0;0;1;0;0;0;0;0
India;750;1997;Myanmar;775;0;0;0;0;0;0;0;0;0;0;0
India;750;1997;Nepal;790;0;0;0;0;0;0;0;0;0;0;0
India;750;1997;Pakistan;770;4;1;0;0;2;3;3;2;0;0;0
India;750;1997;"Sri Lanka";780;0;0;0;0;0;0;0;0;0;0;0
India;750;1997;Thailand;800;0;0;0;0;0;0;0;0;0;0;0
India;750;1998;Afghanistan;700;0;0;0;0;0;0;0;0;0;0;0
India;750;1998;Bangladesh;771;2;2;2;1;2;0;0;0;1;0;0
India;750;1998;Bhutan;760;1;1;1;1;1;0;1;0;1;0;0
India;750;1998;Cambodia;811;0;0;0;0;0;0;0;0;0;0;0
India;750;1998;China;710;1;0;0;0;0;1;0;0;0;0;0
India;750;1998;Myanmar;775;0;0;0;0;0;0;0;0;0;0;0
India;750;1998;Nepal;790;0;0;0;0;0;0;0;0;0;0;0
India;750;1998;Pakistan;770;3;1;0;0;2;2;3;2;0;0;0
India;750;1998;"Sri Lanka";780;0;0;0;0;0;0;0;0;0;0;0
India;750;1998;Thailand;800;0;0;0;0;0;0;0;0;0;0;0
India;750;1999;Afghanistan;700;0;0;0;0;0;0;0;0;0;0;0
India;750;1999;Bangladesh;771;2;2;2;1;2;0;0;0;1;0;0
India;750;1999;Bhutan;760;1;1;1;1;1;0;1;0;1;0;0
India;750;1999;Cambodia;811;0;0;0;0;0;0;0;0;0;0;0
India;750;1999;China;710;1;0;0;0;0;1;0;0;0;0;0
India;750;1999;Myanmar;775;0;0;0;0;0;0;0;0;0;0;0
India;750;1999;Nepal;790;0;0;0;0;0;0;0;0;0;0;0
India;750;1999;Pakistan;770;2;1;0;0;2;1;2;2;0;0;0
India;750;1999;"Sri Lanka";780;0;0;0;0;0;0;0;0;0;0;0
India;750;1999;Thailand;800;0;0;0;0;0;0;0;0;0;0;0
India;750;2000;Afghanistan;700;0;0;0;0;0;0;0;0;0;0;0
India;750;2000;Bangladesh;771;2;2;2;1;2;0;0;0;1;0;0
India;750;2000;Bhutan;760;1;1;1;1;1;0;1;0;0;0;0
India;750;2000;Cambodia;811;0;0;0;0;0;0;0;0;0;0;0
India;750;2000;China;710;1;0;0;0;0;1;0;0;0;0;0
India;750;2000;Myanmar;775;0;0;0;0;0;0;0;0;0;0;0
India;750;2000;Nepal;790;0;0;0;0;0;0;0;0;0;0;0
India;750;2000;Pakistan;770;4;1;0;0;1;3;4;4;0;0;0
India;750;2000;"Sri Lanka";780;0;0;0;0;0;0;0;0;0;0;0
India;750;2000;Thailand;800;0;0;0;0;0;0;0;0;0;0;0
India;750;2001;Afghanistan;700;0;0;0;0;0;0;0;0;0;0;0
India;750;2001;Bangladesh;771;2;2;2;1;2;0;0;0;1;0;0
India;750;2001;Bhutan;760;1;1;1;1;1;0;1;0;0;0;0
India;750;2001;Cambodia;811;0;0;0;0;0;0;0;0;0;0;0
India;750;2001;China;710;1;0;0;0;0;1;0;0;0;0;0
India;750;2001;Myanmar;775;0;0;0;0;0;0;0;0;0;0;0
India;750;2001;Nepal;790;0;0;0;0;0;0;0;0;0;0;0
India;750;2001;Pakistan;770;4;1;0;0;1;3;4;4;0;0;0
India;750;2001;"Sri Lanka";780;0;0;0;0;0;0;0;0;0;0;0
India;750;2001;Thailand;800;0;0;0;0;0;0;0;0;0;0;0
India;750;2002;Afghanistan;700;0;0;0;0;0;0;0;0;0;0;0
India;750;2002;Bangladesh;771;2;2;2;1;2;0;0;0;1;0;0
India;750;2002;Bhutan;760;1;1;1;1;1;0;1;0;0;0;0
India;750;2002;Cambodia;811;0;0;0;0;0;0;0;0;0;0;0
India;750;2002;China;710;1;0;0;0;0;1;0;0;0;0;0
India;750;2002;Myanmar;775;0;0;0;0;0;0;0;0;0;0;0
India;750;2002;Nepal;790;0;0;0;0;0;0;0;0;0;0;0
India;750;2002;Pakistan;770;4;1;0;0;1;3;4;4;0;0;0
India;750;2002;"Sri Lanka";780;0;0;0;0;0;0;0;0;0;0;0
India;750;2002;Thailand;800;0;0;0;0;0;0;0;0;0;0;0
India;750;2003;Afghanistan;700;0;0;0;0;0;0;0;0;0;0;0
India;750;2003;Bangladesh;771;2;2;2;1;2;0;0;0;1;0;0
India;750;2003;Bhutan;760;1;1;1;1;1;0;1;0;0;0;0
India;750;2003;Cambodia;811;0;0;0;0;0;0;0;0;0;0;0
India;750;2003;China;710;1;0;0;0;0;1;0;0;0;0;0
India;750;2003;Myanmar;775;0;0;0;0;0;0;0;0;0;0;0
India;750;2003;Nepal;790;0;0;0;0;0;0;0;0;0;0;0
India;750;2003;Pakistan;770;4;1;0;0;1;3;4;4;0;0;0
India;750;2003;"Sri Lanka";780;0;0;0;0;0;0;0;0;0;0;0
India;750;2003;Thailand;800;0;0;0;0;0;0;0;0;0;0;0
India;750;2004;Afghanistan;700;0;0;0;0;0;0;0;0;0;0;0
India;750;2004;Bangladesh;771;2;2;2;1;2;0;0;0;1;0;0
India;750;2004;Bhutan;760;0;0;0;0;0;0;0;0;0;0;0
India;750;2004;Cambodia;811;0;0;0;0;0;0;0;0;0;0;0
India;750;2004;China;710;1;0;0;0;0;1;0;0;0;0;0
India;750;2004;Myanmar;775;0;0;0;0;0;0;0;0;0;0;0
India;750;2004;Nepal;790;0;0;0;0;0;0;0;0;0;0;0
India;750;2004;Pakistan;770;4;1;0;0;1;3;4;4;0;0;0
India;750;2004;"Sri Lanka";780;0;0;0;0;0;0;0;0;0;0;0
India;750;2004;Thailand;800;0;0;0;0;0;0;0;0;0;0;0
India;750;2005;Afghanistan;700;0;0;0;0;0;0;0;0;0;0;0
India;750;2005;Bangladesh;771;2;2;2;1;2;0;0;0;1;0;0
India;750;2005;Bhutan;760;0;0;0;0;0;0;0;0;0;0;0
India;750;2005;Cambodia;811;0;0;0;0;0;0;0;0;0;0;0
India;750;2005;China;710;1;0;0;0;0;1;0;0;0;0;0
India;750;2005;Myanmar;775;0;0;0;0;0;0;0;0;0;0;0
India;750;2005;Nepal;790;0;0;0;0;0;0;0;0;0;0;0
India;750;2005;Pakistan;770;2;1;0;0;1;1;2;2;0;0;0
India;750;2005;Thailand;800;0;0;0;0;0;0;0;0;0;0;0
India;750;2006;Afghanistan;700;0;0;0;0;0;0;0;0;0;0;0
India;750;2006;Bangladesh;771;2;2;2;1;2;0;0;0;1;0;0
India;750;2006;Bhutan;760;0;0;0;0;0;0;0;0;0;0;0
India;750;2006;Cambodia;811;0;0;0;0;0;0;0;0;0;0;0
India;750;2006;China;710;1;0;0;0;0;1;0;0;0;0;0
India;750;2006;Myanmar;775;0;0;0;0;0;0;0;0;0;0;0
India;750;2006;Nepal;790;0;0;0;0;0;0;0;0;0;0;0
India;750;2006;Pakistan;770;2;1;0;0;1;1;2;2;0;0;0
India;750;2006;Thailand;800;0;0;0;0;0;0;0;0;0;0;0
India;750;2007;Afghanistan;700;0;0;0;0;0;0;0;0;0;0;0
India;750;2007;Bangladesh;771;2;2;2;1;2;0;0;0;1;0;0
India;750;2007;Bhutan;760;0;0;0;0;0;0;0;0;0;0;0
India;750;2007;Cambodia;811;0;0;0;0;0;0;0;0;0;0;0
India;750;2007;China;710;1;0;0;0;0;1;0;0;0;0;0
India;750;2007;Myanmar;775;0;0;0;0;0;0;0;0;0;0;0
India;750;2007;Nepal;790;0;0;0;0;0;0;0;0;0;0;0
India;750;2007;Pakistan;770;2;1;0;0;1;1;2;2;0;0;0
India;750;2007;Thailand;800;0;0;0;0;0;0;0;0;0;0;0
India;750;2008;Afghanistan;700;0;0;0;0;0;0;0;0;0;0;0
India;750;2008;Bangladesh;771;2;2;2;1;2;0;0;0;1;0;0
India;750;2008;Bhutan;760;0;0;0;0;0;0;0;0;0;0;0
India;750;2008;Cambodia;811;0;0;0;0;0;0;0;0;0;0;0
India;750;2008;China;710;2;0;0;0;0;1;1;0;0;0;0
India;750;2008;Myanmar;775;0;0;0;0;0;0;0;0;0;0;0
India;750;2008;Nepal;790;0;0;0;0;0;0;0;0;0;0;0
India;750;2008;Pakistan;770;5;1;0;0;1;1;4;3;0;0;0
India;750;2008;Thailand;800;0;0;0;0;0;0;0;0;0;0;0
India;750;2009;Afghanistan;700;0;0;0;0;0;0;0;0;0;0;0
India;750;2009;Bangladesh;771;2;2;2;1;2;0;0;0;1;0;0
India;750;2009;Bhutan;760;0;0;0;0;0;0;0;0;0;0;0
India;750;2009;Cambodia;811;0;0;0;0;0;0;0;0;0;0;0
India;750;2009;China;710;1;0;0;0;0;1;0;0;0;0;0
India;750;2009;Myanmar;775;0;0;0;0;0;0;0;0;0;0;0
India;750;2009;Nepal;790;0;0;0;0;0;0;0;0;0;0;0
India;750;2009;Pakistan;770;4;1;0;0;1;1;3;4;0;0;0
India;750;2009;Thailand;800;0;0;0;0;0;0;0;0;0;0;0
India;750;2010;Afghanistan;700;0;0;0;0;0;0;0;0;0;0;0
India;750;2010;Bangladesh;771;1;1;1;1;1;0;0;0;0;0;0
India;750;2010;Bhutan;760;0;0;0;0;0;0;0;0;0;0;0
India;750;2010;Cambodia;811;0;0;0;0;0;0;0;0;0;0;0
India;750;2010;China;710;1;0;0;1;0;1;1;0;0;0;0
India;750;2010;Myanmar;775;0;0;0;0;0;0;0;0;0;0;0
India;750;2010;Nepal;790;0;0;0;0;0;0;0;0;0;0;0
India;750;2010;Pakistan;770;6;1;0;0;1;2;5;5;0;0;0
India;750;2010;Thailand;800;0;0;0;0;0;0;0;0;0;0;0
Indonesia;850;1950;Netherlands;210;0;0;0;0;0;0;0;0;0;0;0
Indonesia;850;1951;Netherlands;210;0;0;0;0;0;0;0;0;0;0;0
Indonesia;850;1952;Netherlands;210;0;0;0;0;0;0;0;0;0;0;0
Indonesia;850;1953;Netherlands;210;0;0;0;0;0;0;0;0;0;0;0
Indonesia;850;1954;Netherlands;210;0;0;0;0;0;0;0;0;0;0;0
Indonesia;850;1955;Netherlands;210;0;0;0;0;0;0;0;0;0;0;0
Indonesia;850;1956;Netherlands;210;0;0;0;0;0;0;0;0;0;0;0
Indonesia;850;1957;Australia;900;0;0;0;0;0;0;0;0;0;0;0
Indonesia;850;1957;Netherlands;210;0;0;0;0;0;0;0;0;0;0;0
Indonesia;850;1957;Singapore;830;0;0;0;0;0;0;0;0;0;0;0
Indonesia;850;1957;"United States of America";2;0;0;0;0;0;0;0;0;0;0;0
Indonesia;850;1958;Australia;900;2;0;0;0;0;0;2;0;0;0;0
Indonesia;850;1958;Netherlands;210;0;0;0;0;0;0;0;0;0;0;0
Indonesia;850;1958;Philippines;840;0;0;0;0;0;0;0;0;0;0;0
Indonesia;850;1958;Singapore;830;0;0;0;0;0;0;0;0;0;0;0
Indonesia;850;1958;Taiwan;713;1;0;0;0;0;0;1;1;1;1;0
Indonesia;850;1958;"United States of America";2;2;0;0;0;0;0;2;2;2;2;0
Indonesia;850;1959;Australia;900;2;0;0;0;0;0;2;0;0;0;0
Indonesia;850;1959;Netherlands;210;0;0;0;0;0;0;0;0;0;0;0
Indonesia;850;1959;Philippines;840;0;0;0;0;0;0;0;0;0;0;0
Indonesia;850;1959;Singapore;830;0;0;0;0;0;0;0;0;0;0;0
Indonesia;850;1959;Taiwan;713;1;0;0;0;0;0;1;1;1;1;0
Indonesia;850;1959;"United States of America";2;2;0;0;0;0;0;2;2;2;2;0
Indonesia;850;1960;Australia;900;2;0;0;0;0;0;2;0;0;0;0
Indonesia;850;1960;Netherlands;210;0;0;0;0;0;0;0;0;0;0;0
Indonesia;850;1960;Philippines;840;0;0;0;0;0;0;0;0;0;0;0
Indonesia;850;1960;Singapore;830;0;0;0;0;0;0;0;0;0;0;0
Indonesia;850;1960;Taiwan;713;1;0;0;0;0;0;1;1;1;1;0
Indonesia;850;1960;"United States of America";2;2;0;0;0;0;0;2;2;2;2;0
Indonesia;850;1961;Australia;900;2;0;0;0;0;0;2;0;0;0;0
Indonesia;850;1961;Netherlands;210;0;0;0;0;0;0;0;0;0;0;0
Indonesia;850;1961;Philippines;840;0;0;0;0;0;0;0;0;0;0;0
Indonesia;850;1961;Singapore;830;0;0;0;0;0;0;0;0;0;0;0
Indonesia;850;1961;Taiwan;713;1;0;0;0;0;0;1;1;1;1;0
Indonesia;850;1961;"United States of America";2;2;0;0;0;0;0;2;2;2;2;0
Indonesia;850;1962;Netherlands;210;0;0;0;0;0;0;0;0;0;0;0
Indonesia;850;1963;Netherlands;210;0;0;0;0;0;0;0;0;0;0;0
Indonesia;850;1964;Netherlands;210;0;0;0;0;0;0;0;0;0;0;0
Indonesia;850;1965;Netherlands;210;0;0;0;0;0;0;0;0;0;0;0
Indonesia;850;1965;Sweden;380;0;0;0;0;0;0;0;0;0;0;0
Indonesia;850;1966;Netherlands;210;0;0;0;0;0;0;0;0;0;0;0
Indonesia;850;1966;Sweden;380;0;0;0;0;0;0;0;0;0;0;0
Indonesia;850;1967;Sweden;380;0;0;0;0;0;0;0;0;0;0;0
Indonesia;850;1968;Sweden;380;0;0;0;0;0;0;0;0;0;0;0
Indonesia;850;1969;Sweden;380;0;0;0;0;0;0;0;0;0;0;0
Indonesia;850;1970;Sweden;380;0;0;0;0;0;0;0;0;0;0;0
Indonesia;850;1971;Sweden;380;0;0;0;0;0;0;0;0;0;0;0
Indonesia;850;1972;Sweden;380;0;0;0;0;0;0;0;0;0;0;0
Indonesia;850;1973;Sweden;380;0;0;0;0;0;0;0;0;0;0;0
Indonesia;850;1974;Australia;900;0;0;0;0;0;0;0;0;0;0;0
Indonesia;850;1974;Sweden;380;0;0;0;0;0;0;0;0;0;0;0
Indonesia;850;1975;Australia;900;0;0;0;0;0;0;0;0;0;0;0
Indonesia;850;1975;Sweden;380;0;0;0;0;0;0;0;0;0;0;0
Indonesia;850;1976;Australia;900;0;0;0;0;0;0;0;0;0;0;0
Indonesia;850;1976;Denmark;390;0;0;0;0;0;0;0;0;0;0;0
Indonesia;850;1976;Libya;620;0;0;0;0;0;0;0;0;0;0;0
Indonesia;850;1976;Malaysia;820;0;0;0;0;0;0;0;0;0;0;0
Indonesia;850;1976;Norway;385;0;0;0;0;0;0;0;0;0;0;0
Indonesia;850;1976;Singapore;830;0;0;0;0;0;0;0;0;0;0;0
Indonesia;850;1976;Sweden;380;0;0;0;0;0;0;0;0;0;0;0
Indonesia;850;1976;Thailand;800;0;0;0;0;0;0;0;0;0;0;0
Indonesia;850;1976;"United States of America";2;0;0;0;0;0;0;0;0;0;0;0
Indonesia;850;1977;Australia;900;0;0;0;0;0;0;0;0;0;0;0
Indonesia;850;1977;Denmark;390;0;0;0;0;0;0;0;0;0;0;0
Indonesia;850;1977;Libya;620;0;0;0;0;0;0;0;0;0;0;0
Indonesia;850;1977;Malaysia;820;0;0;0;0;0;0;0;0;0;0;0
Indonesia;850;1977;Norway;385;0;0;0;0;0;0;0;0;0;0;0
Indonesia;850;1977;Singapore;830;0;0;0;0;0;0;0;0;0;0;0
Indonesia;850;1977;Sweden;380;0;0;0;0;0;0;0;0;0;0;0
Indonesia;850;1977;Thailand;800;0;0;0;0;0;0;0;0;0;0;0
Indonesia;850;1977;"United States of America";2;0;0;0;0;0;0;0;0;0;0;0
Indonesia;850;1978;Australia;900;0;0;0;0;0;0;0;0;0;0;0
Indonesia;850;1978;Denmark;390;0;0;0;0;0;0;0;0;0;0;0
Indonesia;850;1978;Libya;620;0;0;0;0;0;0;0;0;0;0;0
Indonesia;850;1978;Malaysia;820;0;0;0;0;0;0;0;0;0;0;0
Indonesia;850;1978;Norway;385;0;0;0;0;0;0;0;0;0;0;0
Indonesia;850;1978;Singapore;830;0;0;0;0;0;0;0;0;0;0;0
Indonesia;850;1978;Sweden;380;0;0;0;0;0;0;0;0;0;0;0
Indonesia;850;1978;Thailand;800;0;0;0;0;0;0;0;0;0;0;0
Indonesia;850;1978;"United States of America";2;0;0;0;0;0;0;0;0;0;0;0
Indonesia;850;1979;Australia;900;0;0;0;0;0;0;0;0;0;0;0
Indonesia;850;1979;Denmark;390;0;0;0;0;0;0;0;0;0;0;0
Indonesia;850;1979;Libya;620;0;0;0;0;0;0;0;0;0;0;0
Indonesia;850;1979;Malaysia;820;0;0;0;0;0;0;0;0;0;0;0
Indonesia;850;1979;Norway;385;0;0;0;0;0;0;0;0;0;0;0
Indonesia;850;1979;Singapore;830;0;0;0;0;0;0;0;0;0;0;0
Indonesia;850;1979;Sweden;380;1;1;1;1;0;0;0;0;0;0;0
Indonesia;850;1979;Thailand;800;0;0;0;0;0;0;0;0;0;0;0
Indonesia;850;1979;"United States of America";2;0;0;0;0;0;0;0;0;0;0;0
Indonesia;850;1980;Australia;900;0;0;0;0;0;0;0;0;0;0;0
Indonesia;850;1980;Denmark;390;0;0;0;0;0;0;0;0;0;0;0
Indonesia;850;1980;Libya;620;0;0;0;0;0;0;0;0;0;0;0
Indonesia;850;1980;Malaysia;820;0;0;0;0;0;0;0;0;0;0;0
Indonesia;850;1980;Norway;385;0;0;0;0;0;0;0;0;0;0;0
Indonesia;850;1980;Singapore;830;0;0;0;0;0;0;0;0;0;0;0
Indonesia;850;1980;Sweden;380;1;1;1;1;0;0;0;0;0;0;0
Indonesia;850;1980;Thailand;800;0;0;0;0;0;0;0;0;0;0;0
Indonesia;850;1980;"United States of America";2;0;0;0;0;0;0;0;0;0;0;0
Indonesia;850;1981;Australia;900;0;0;0;0;0;0;0;0;0;0;0
Indonesia;850;1981;Denmark;390;0;0;0;0;0;0;0;0;0;0;0
Indonesia;850;1981;Libya;620;0;0;0;0;0;0;0;0;0;0;0
Indonesia;850;1981;Malaysia;820;0;0;0;0;0;0;0;0;0;0;0
Indonesia;850;1981;Norway;385;0;0;0;0;0;0;0;0;0;0;0
Indonesia;850;1981;Singapore;830;0;0;0;0;0;0;0;0;0;0;0
Indonesia;850;1981;Sweden;380;1;1;1;1;0;0;0;0;0;0;0
Indonesia;850;1981;Thailand;800;0;0;0;0;0;0;0;0;0;0;0
Indonesia;850;1981;"United States of America";2;0;0;0;0;0;0;0;0;0;0;0
Indonesia;850;1982;Australia;900;0;0;0;0;0;0;0;0;0;0;0
Indonesia;850;1982;Denmark;390;0;0;0;0;0;0;0;0;0;0;0
Indonesia;850;1982;Libya;620;0;0;0;0;0;0;0;0;0;0;0
Indonesia;850;1982;Malaysia;820;0;0;0;0;0;0;0;0;0;0;0
Indonesia;850;1982;Norway;385;0;0;0;0;0;0;0;0;0;0;0
Indonesia;850;1982;Singapore;830;0;0;0;0;0;0;0;0;0;0;0
Indonesia;850;1982;Sweden;380;1;1;1;1;0;0;0;0;0;0;0
Indonesia;850;1982;Thailand;800;0;0;0;0;0;0;0;0;0;0;0
Indonesia;850;1982;"United States of America";2;0;0;0;0;0;0;0;0;0;0;0
Indonesia;850;1983;Australia;900;0;0;0;0;0;0;0;0;0;0;0
Indonesia;850;1983;Denmark;390;0;0;0;0;0;0;0;0;0;0;0
Indonesia;850;1983;Libya;620;0;0;0;0;0;0;0;0;0;0;0
Indonesia;850;1983;Malaysia;820;0;0;0;0;0;0;0;0;0;0;0
Indonesia;850;1983;Norway;385;0;0;0;0;0;0;0;0;0;0;0
Indonesia;850;1983;Singapore;830;0;0;0;0;0;0;0;0;0;0;0
Indonesia;850;1983;Sweden;380;1;1;1;1;0;0;0;0;0;0;0
Indonesia;850;1983;Thailand;800;0;0;0;0;0;0;0;0;0;0;0
Indonesia;850;1983;"United States of America";2;0;0;0;0;0;0;0;0;0;0;0
Indonesia;850;1984;Australia;900;0;0;0;0;0;0;0;0;0;0;0
Indonesia;850;1984;Denmark;390;0;0;0;0;0;0;0;0;0;0;0
Indonesia;850;1984;Libya;620;0;0;0;0;0;0;0;0;0;0;0
Indonesia;850;1984;Malaysia;820;0;0;0;0;0;0;0;0;0;0;0
Indonesia;850;1984;Norway;385;0;0;0;0;0;0;0;0;0;0;0
Indonesia;850;1984;Singapore;830;0;0;0;0;0;0;0;0;0;0;0
Indonesia;850;1984;Sweden;380;1;1;1;1;0;0;0;0;0;0;0
Indonesia;850;1984;Thailand;800;0;0;0;0;0;0;0;0;0;0;0
Indonesia;850;1984;"United States of America";2;0;0;0;0;0;0;0;0;0;0;0
Indonesia;850;1985;Australia;900;0;0;0;0;0;0;0;0;0;0;0
Indonesia;850;1985;Denmark;390;0;0;0;0;0;0;0;0;0;0;0
Indonesia;850;1985;Libya;620;0;0;0;0;0;0;0;0;0;0;0
Indonesia;850;1985;Malaysia;820;0;0;0;0;0;0;0;0;0;0;0
Indonesia;850;1985;Norway;385;0;0;0;0;0;0;0;0;0;0;0
Indonesia;850;1985;Singapore;830;0;0;0;0;0;0;0;0;0;0;0
Indonesia;850;1985;Sweden;380;1;1;1;1;0;0;0;0;0;0;0
Indonesia;850;1985;Thailand;800;0;0;0;0;0;0;0;0;0;0;0
Indonesia;850;1985;"United States of America";2;0;0;0;0;0;0;0;0;0;0;0
Indonesia;850;1986;Australia;900;0;0;0;0;0;0;0;0;0;0;0
Indonesia;850;1986;Denmark;390;0;0;0;0;0;0;0;0;0;0;0
Indonesia;850;1986;Libya;620;1;0;0;0;1;1;0;0;0;0;0
Indonesia;850;1986;Malaysia;820;0;0;0;0;0;0;0;0;0;0;0
Indonesia;850;1986;Norway;385;0;0;0;0;0;0;0;0;0;0;0
Indonesia;850;1986;Singapore;830;0;0;0;0;0;0;0;0;0;0;0
Indonesia;850;1986;Sweden;380;1;1;1;1;0;0;0;0;0;0;0
Indonesia;850;1986;Thailand;800;0;0;0;0;0;0;0;0;0;0;0
Indonesia;850;1986;"United States of America";2;0;0;0;0;0;0;0;0;0;0;0
Indonesia;850;1987;Australia;900;0;0;0;0;0;0;0;0;0;0;0
Indonesia;850;1987;Denmark;390;0;0;0;0;0;0;0;0;0;0;0
Indonesia;850;1987;Libya;620;1;0;0;0;1;1;0;0;0;0;0
Indonesia;850;1987;Malaysia;820;0;0;0;0;0;0;0;0;0;0;0
Indonesia;850;1987;Norway;385;0;0;0;0;0;0;0;0;0;0;0
Indonesia;850;1987;Singapore;830;0;0;0;0;0;0;0;0;0;0;0
Indonesia;850;1987;Sweden;380;1;1;1;1;0;0;0;0;0;0;0
Indonesia;850;1987;Thailand;800;0;0;0;0;0;0;0;0;0;0;0
Indonesia;850;1987;"United States of America";2;0;0;0;0;0;0;0;0;0;0;0
Indonesia;850;1988;Australia;900;0;0;0;0;0;0;0;0;0;0;0
Indonesia;850;1988;Denmark;390;0;0;0;0;0;0;0;0;0;0;0
Indonesia;850;1988;Libya;620;1;0;0;0;1;1;0;0;0;0;0
Indonesia;850;1988;Malaysia;820;0;0;0;0;0;0;0;0;0;0;0
Indonesia;850;1988;Norway;385;0;0;0;0;0;0;0;0;0;0;0
Indonesia;850;1988;Singapore;830;0;0;0;0;0;0;0;0;0;0;0
Indonesia;850;1988;Sweden;380;1;1;1;1;0;0;0;0;0;0;0
Indonesia;850;1988;Thailand;800;0;0;0;0;0;0;0;0;0;0;0
Indonesia;850;1988;"United States of America";2;0;0;0;0;0;0;0;0;0;0;0
Indonesia;850;1989;Australia;900;0;0;0;0;0;0;0;0;0;0;0
Indonesia;850;1989;Denmark;390;0;0;0;0;0;0;0;0;0;0;0
Indonesia;850;1989;Libya;620;1;0;0;0;1;1;0;0;0;0;0
Indonesia;850;1989;Malaysia;820;0;0;0;0;0;0;0;0;0;0;0
Indonesia;850;1989;Norway;385;0;0;0;0;0;0;0;0;0;0;0
Indonesia;850;1989;Singapore;830;0;0;0;0;0;0;0;0;0;0;0
Indonesia;850;1989;Sweden;380;1;1;1;1;0;0;0;0;0;0;0
Indonesia;850;1989;Thailand;800;0;0;0;0;0;0;0;0;0;0;0
Indonesia;850;1989;"United States of America";2;0;0;0;0;0;0;0;0;0;0;0
Indonesia;850;1990;Australia;900;0;0;0;0;0;0;0;0;0;0;0
Indonesia;850;1990;Denmark;390;0;0;0;0;0;0;0;0;0;0;0
Indonesia;850;1990;Libya;620;0;0;0;0;0;0;0;0;0;0;0
Indonesia;850;1990;Malaysia;820;0;0;0;0;0;0;0;0;0;0;0
Indonesia;850;1990;Norway;385;0;0;0;0;0;0;0;0;0;0;0
Indonesia;850;1990;Singapore;830;0;0;0;0;0;0;0;0;0;0;0
Indonesia;850;1990;Sweden;380;1;1;1;1;0;0;0;0;0;0;0
Indonesia;850;1990;Thailand;800;0;0;0;0;0;0;0;0;0;0;0
Indonesia;850;1990;"United States of America";2;0;0;0;0;0;0;0;0;0;0;0
Indonesia;850;1991;Australia;900;0;0;0;0;0;0;0;0;0;0;0
Indonesia;850;1991;Denmark;390;0;0;0;0;0;0;0;0;0;0;0
Indonesia;850;1991;Libya;620;0;0;0;0;0;0;0;0;0;0;0
Indonesia;850;1991;Malaysia;820;0;0;0;0;0;0;0;0;0;0;0
Indonesia;850;1991;Norway;385;0;0;0;0;0;0;0;0;0;0;0
Indonesia;850;1991;Singapore;830;0;0;0;0;0;0;0;0;0;0;0
Indonesia;850;1991;Sweden;380;1;1;1;1;0;0;0;0;0;0;0
Indonesia;850;1991;Thailand;800;0;0;0;0;0;0;0;0;0;0;0
Indonesia;850;1991;"United States of America";2;0;0;0;0;0;0;0;0;0;0;0
Indonesia;850;1992;Australia;900;0;0;0;0;0;0;0;0;0;0;0
Indonesia;850;1992;Denmark;390;0;0;0;0;0;0;0;0;0;0;0
Indonesia;850;1992;Libya;620;0;0;0;0;0;0;0;0;0;0;0
Indonesia;850;1992;Malaysia;820;0;0;0;0;0;0;0;0;0;0;0
Indonesia;850;1992;Norway;385;0;0;0;0;0;0;0;0;0;0;0
Indonesia;850;1992;Singapore;830;0;0;0;0;0;0;0;0;0;0;0
Indonesia;850;1992;Sweden;380;1;1;1;1;0;0;0;0;0;0;0
Indonesia;850;1992;Thailand;800;0;0;0;0;0;0;0;0;0;0;0
Indonesia;850;1992;"United States of America";2;0;0;0;0;0;0;0;0;0;0;0
Indonesia;850;1993;Australia;900;0;0;0;0;0;0;0;0;0;0;0
Indonesia;850;1993;Denmark;390;0;0;0;0;0;0;0;0;0;0;0
Indonesia;850;1993;Libya;620;0;0;0;0;0;0;0;0;0;0;0
Indonesia;850;1993;Malaysia;820;0;0;0;0;0;0;0;0;0;0;0
Indonesia;850;1993;Norway;385;0;0;0;0;0;0;0;0;0;0;0
Indonesia;850;1993;Singapore;830;0;0;0;0;0;0;0;0;0;0;0
Indonesia;850;1993;Sweden;380;1;1;1;1;0;0;0;0;0;0;0
Indonesia;850;1993;Thailand;800;0;0;0;0;0;0;0;0;0;0;0
Indonesia;850;1993;"United States of America";2;0;0;0;0;0;0;0;0;0;0;0
Indonesia;850;1994;Australia;900;0;0;0;0;0;0;0;0;0;0;0
Indonesia;850;1994;Denmark;390;0;0;0;0;0;0;0;0;0;0;0
Indonesia;850;1994;Libya;620;0;0;0;0;0;0;0;0;0;0;0
Indonesia;850;1994;Malaysia;820;0;0;0;0;0;0;0;0;0;0;0
Indonesia;850;1994;Norway;385;0;0;0;0;0;0;0;0;0;0;0
Indonesia;850;1994;Singapore;830;0;0;0;0;0;0;0;0;0;0;0
Indonesia;850;1994;Sweden;380;1;1;1;1;0;0;0;0;0;0;0
Indonesia;850;1994;Thailand;800;0;0;0;0;0;0;0;0;0;0;0
Indonesia;850;1994;"United States of America";2;0;0;0;0;0;0;0;0;0;0;0
Indonesia;850;1995;Australia;900;0;0;0;0;0;0;0;0;0;0;0
Indonesia;850;1995;Denmark;390;0;0;0;0;0;0;0;0;0;0;0
Indonesia;850;1995;Libya;620;0;0;0;0;0;0;0;0;0;0;0
Indonesia;850;1995;Malaysia;820;0;0;0;0;0;0;0;0;0;0;0
Indonesia;850;1995;Norway;385;0;0;0;0;0;0;0;0;0;0;0
Indonesia;850;1995;Singapore;830;0;0;0;0;0;0;0;0;0;0;0
Indonesia;850;1995;Sweden;380;1;1;1;1;0;0;0;0;0;0;0
Indonesia;850;1995;Thailand;800;0;0;0;0;0;0;0;0;0;0;0
Indonesia;850;1995;"United States of America";2;0;0;0;0;0;0;0;0;0;0;0
Indonesia;850;1996;Australia;900;0;0;0;0;0;0;0;0;0;0;0
Indonesia;850;1996;Denmark;390;0;0;0;0;0;0;0;0;0;0;0
Indonesia;850;1996;Libya;620;0;0;0;0;0;0;0;0;0;0;0
Indonesia;850;1996;Malaysia;820;0;0;0;0;0;0;0;0;0;0;0
Indonesia;850;1996;Norway;385;0;0;0;0;0;0;0;0;0;0;0
Indonesia;850;1996;Singapore;830;0;0;0;0;0;0;0;0;0;0;0
Indonesia;850;1996;Sweden;380;1;1;1;1;0;0;0;0;0;0;0
Indonesia;850;1996;Thailand;800;0;0;0;0;0;0;0;0;0;0;0
Indonesia;850;1996;"United States of America";2;0;0;0;0;0;0;0;0;0;0;0
Indonesia;850;1997;Australia;900;0;0;0;0;0;0;0;0;0;0;0
Indonesia;850;1997;Denmark;390;0;0;0;0;0;0;0;0;0;0;0
Indonesia;850;1997;Libya;620;0;0;0;0;0;0;0;0;0;0;0
Indonesia;850;1997;Malaysia;820;0;0;0;0;0;0;0;0;0;0;0
Indonesia;850;1997;Norway;385;0;0;0;0;0;0;0;0;0;0;0
Indonesia;850;1997;Singapore;830;0;0;0;0;0;0;0;0;0;0;0
Indonesia;850;1997;Sweden;380;1;1;1;1;0;0;0;0;0;0;0
Indonesia;850;1997;Thailand;800;0;0;0;0;0;0;0;0;0;0;0
Indonesia;850;1997;"United States of America";2;0;0;0;0;0;0;0;0;0;0;0
Indonesia;850;1998;Australia;900;0;0;0;0;0;0;0;0;0;0;0
Indonesia;850;1998;Denmark;390;0;0;0;0;0;0;0;0;0;0;0
Indonesia;850;1998;Libya;620;0;0;0;0;0;0;0;0;0;0;0
Indonesia;850;1998;Malaysia;820;0;0;0;0;0;0;0;0;0;0;0
Indonesia;850;1998;Norway;385;0;0;0;0;0;0;0;0;0;0;0
Indonesia;850;1998;Singapore;830;0;0;0;0;0;0;0;0;0;0;0
Indonesia;850;1998;Sweden;380;1;1;1;1;0;0;0;0;0;0;0
Indonesia;850;1998;Thailand;800;0;0;0;0;0;0;0;0;0;0;0
Indonesia;850;1998;"United States of America";2;0;0;0;0;0;0;0;0;0;0;0
Indonesia;850;1999;Australia;900;0;0;0;0;0;0;0;0;0;0;0
Indonesia;850;1999;Denmark;390;0;0;0;0;0;0;0;0;0;0;0
Indonesia;850;1999;Libya;620;0;0;0;0;0;0;0;0;0;0;0
Indonesia;850;1999;Malaysia;820;0;0;0;0;0;0;0;0;0;0;0
Indonesia;850;1999;Norway;385;1;1;1;1;0;0;0;0;0;0;0
Indonesia;850;1999;Singapore;830;0;0;0;0;0;0;0;0;0;0;0
Indonesia;850;1999;Sweden;380;1;1;1;1;0;0;0;0;0;0;0
Indonesia;850;1999;Thailand;800;0;0;0;0;0;0;0;0;0;0;0
Indonesia;850;1999;"United States of America";2;0;0;0;0;0;0;0;0;0;0;0
Indonesia;850;2000;Australia;900;0;0;0;0;0;0;0;0;0;0;0
Indonesia;850;2000;Denmark;390;1;1;1;0;0;0;0;0;0;0;0
Indonesia;850;2000;Libya;620;0;0;0;0;0;0;0;0;0;0;0
Indonesia;850;2000;Malaysia;820;0;0;0;0;0;0;0;0;0;0;0
Indonesia;850;2000;Norway;385;1;1;1;1;0;0;0;0;0;0;0
Indonesia;850;2000;Singapore;830;0;0;0;0;0;0;0;0;0;0;0
Indonesia;850;2000;Sweden;380;1;1;1;1;0;0;0;0;0;0;0
Indonesia;850;2000;Thailand;800;0;0;0;0;0;0;0;0;0;0;0
Indonesia;850;2000;"United States of America";2;0;0;0;0;0;0;0;0;0;0;0
Indonesia;850;2001;Australia;900;0;0;0;0;0;0;0;0;0;0;0
Indonesia;850;2001;Denmark;390;1;1;1;0;0;0;0;0;0;0;0
Indonesia;850;2001;Libya;620;0;0;0;0;0;0;0;0;0;0;0
Indonesia;850;2001;Malaysia;820;0;0;0;0;0;0;0;0;0;0;0
Indonesia;850;2001;Norway;385;1;1;1;1;0;0;0;0;0;0;0
Indonesia;850;2001;Singapore;830;0;0;0;0;0;0;0;0;0;0;0
Indonesia;850;2001;Sweden;380;1;1;1;1;0;0;0;0;0;0;0
Indonesia;850;2001;Thailand;800;0;0;0;0;0;0;0;0;0;0;0
Indonesia;850;2001;"United States of America";2;0;0;0;0;0;0;0;0;0;0;0
Indonesia;850;2002;Australia;900;0;0;0;0;0;0;0;0;0;0;0
Indonesia;850;2002;Denmark;390;1;1;1;0;0;0;0;0;0;0;0
Indonesia;850;2002;Libya;620;0;0;0;0;0;0;0;0;0;0;0
Indonesia;850;2002;Malaysia;820;0;0;0;0;0;0;0;0;0;0;0
Indonesia;850;2002;Norway;385;1;1;1;1;0;0;0;0;0;0;0
Indonesia;850;2002;Singapore;830;0;0;0;0;0;0;0;0;0;0;0
Indonesia;850;2002;Sweden;380;1;1;1;1;0;0;0;0;0;0;0
Indonesia;850;2002;Thailand;800;0;0;0;0;0;0;0;0;0;0;0
Indonesia;850;2002;"United States of America";2;0;0;0;0;0;0;0;0;0;0;0
Indonesia;850;2003;Australia;900;0;0;0;0;0;0;0;0;0;0;0
Indonesia;850;2003;Denmark;390;1;1;1;0;0;0;0;0;0;0;0
Indonesia;850;2003;Libya;620;0;0;0;0;0;0;0;0;0;0;0
Indonesia;850;2003;Malaysia;820;0;0;0;0;0;0;0;0;0;0;0
Indonesia;850;2003;Norway;385;1;1;1;1;0;0;0;0;0;0;0
Indonesia;850;2003;Singapore;830;0;0;0;0;0;0;0;0;0;0;0
Indonesia;850;2003;Sweden;380;1;1;1;1;0;0;0;0;0;0;0
Indonesia;850;2003;Thailand;800;0;0;0;0;0;0;0;0;0;0;0
Indonesia;850;2003;"United States of America";2;0;0;0;0;0;0;0;0;0;0;0
Indonesia;850;2004;Australia;900;0;0;0;0;0;0;0;0;0;0;0
Indonesia;850;2004;Denmark;390;1;1;1;0;0;0;0;0;0;0;0
Indonesia;850;2004;Libya;620;0;0;0;0;0;0;0;0;0;0;0
Indonesia;850;2004;Malaysia;820;0;0;0;0;0;0;0;0;0;0;0
Indonesia;850;2004;Norway;385;1;1;1;1;0;0;0;0;0;0;0
Indonesia;850;2004;Singapore;830;0;0;0;0;0;0;0;0;0;0;0
Indonesia;850;2004;Sweden;380;1;1;1;1;0;0;0;0;0;0;0
Indonesia;850;2004;Thailand;800;0;0;0;0;0;0;0;0;0;0;0
Indonesia;850;2004;"United States of America";2;0;0;0;0;0;0;0;0;0;0;0
Indonesia;850;2005;Australia;900;0;0;0;0;0;0;0;0;0;0;0
Indonesia;850;2005;Denmark;390;1;1;1;1;0;0;0;0;0;0;0
Indonesia;850;2005;Libya;620;0;0;0;0;0;0;0;0;0;0;0
Indonesia;850;2005;Malaysia;820;0;0;0;0;0;0;0;0;0;0;0
Indonesia;850;2005;Norway;385;1;1;1;1;0;0;0;0;0;0;0
Indonesia;850;2005;Singapore;830;0;0;0;0;0;0;0;0;0;0;0
Indonesia;850;2005;Sweden;380;1;1;1;1;0;0;0;0;0;0;0
Indonesia;850;2005;Thailand;800;0;0;0;0;0;0;0;0;0;0;0
Indonesia;850;2005;"United States of America";2;0;0;0;0;0;0;0;0;0;0;0
Indonesia;850;2006;Australia;900;0;0;0;0;0;0;0;0;0;0;0
Indonesia;850;2006;Denmark;390;1;1;1;1;0;0;0;0;0;0;0
Indonesia;850;2006;Libya;620;0;0;0;0;0;0;0;0;0;0;0
Indonesia;850;2006;Malaysia;820;0;0;0;0;0;0;0;0;0;0;0
Indonesia;850;2006;Norway;385;1;1;1;1;0;0;0;0;0;0;0
Indonesia;850;2006;Singapore;830;0;0;0;0;0;0;0;0;0;0;0
Indonesia;850;2006;Sweden;380;1;1;1;1;0;0;0;0;0;0;0
Indonesia;850;2006;Thailand;800;0;0;0;0;0;0;0;0;0;0;0
Indonesia;850;2006;"United States of America";2;0;0;0;0;0;0;0;0;0;0;0
Iran;630;1945;Iraq;645;0;0;0;0;0;0;0;0;0;0;0
Iran;630;1945;"Soviet Union/Russia";365;2;1;1;1;0;1;1;2;1;1;0
Iran;630;1945;"United Kingdom";200;0;0;0;0;0;0;0;0;0;0;0
Iran;630;1946;Iraq;645;0;0;0;0;0;0;0;0;0;0;0
Iran;630;1946;"Soviet Union/Russia";365;2;1;1;1;0;1;1;2;1;1;0
Iran;630;1946;"United Kingdom";200;0;0;0;0;0;0;0;0;0;0;0
Iran;630;1947;Iraq;645;0;0;0;0;0;0;0;0;0;0;0
Iran;630;1947;"Soviet Union/Russia";365;1;0;0;0;0;0;0;1;0;0;0
Iran;630;1947;"United Kingdom";200;0;0;0;0;0;0;0;0;0;0;0
Iran;630;1948;Iraq;645;0;0;0;0;0;0;0;0;0;0;0
Iran;630;1948;"Soviet Union/Russia";365;1;0;0;0;0;0;0;1;0;0;0
Iran;630;1948;"United Kingdom";200;0;0;0;0;0;0;0;0;0;0;0
Iran;630;1949;Iraq;645;0;0;0;0;0;0;0;0;0;0;0
Iran;630;1949;"Soviet Union/Russia";365;1;0;0;0;0;0;0;1;0;0;0
Iran;630;1949;"United Kingdom";200;0;0;0;0;0;0;0;0;0;0;0
Iran;630;1950;Iraq;645;0;0;0;0;0;0;0;0;0;0;0
Iran;630;1950;"Soviet Union/Russia";365;1;0;0;0;0;0;0;1;0;0;0
Iran;630;1950;"United Kingdom";200;0;0;0;0;0;0;0;0;0;0;0
Iran;630;1951;Iraq;645;0;0;0;0;0;0;0;0;0;0;0
Iran;630;1951;"Soviet Union/Russia";365;1;0;0;0;0;0;0;1;0;0;0
Iran;630;1951;"United Kingdom";200;0;0;0;0;0;0;0;0;0;0;0
Iran;630;1952;Iraq;645;0;0;0;0;0;0;0;0;0;0;0
Iran;630;1952;"Soviet Union/Russia";365;1;0;0;0;0;0;0;1;0;0;0
Iran;630;1952;"United Kingdom";200;0;0;0;0;0;0;0;0;0;0;0
Iran;630;1953;Iraq;645;0;0;0;0;0;0;0;0;0;0;0
Iran;630;1953;"Soviet Union/Russia";365;1;0;0;0;0;0;0;1;0;0;0
Iran;630;1953;"United Kingdom";200;0;0;0;0;0;0;0;0;0;0;0
Iran;630;1954;Iraq;645;0;0;0;0;0;0;0;0;0;0;0
Iran;630;1954;"Soviet Union/Russia";365;1;0;0;0;0;0;0;1;0;0;0
Iran;630;1954;"United Kingdom";200;0;0;0;0;0;0;0;0;0;0;0
Iran;630;1955;Iraq;645;0;0;0;0;0;0;0;0;0;0;0
Iran;630;1955;"Soviet Union/Russia";365;1;0;0;0;0;0;0;1;0;0;0
Iran;630;1955;"United Kingdom";200;0;0;0;0;0;0;0;0;0;0;0
Iran;630;1956;Iraq;645;0;0;0;0;0;0;0;0;0;0;0
Iran;630;1956;"Soviet Union/Russia";365;1;0;0;0;0;0;0;1;0;0;0
Iran;630;1956;"United Kingdom";200;0;0;0;0;0;0;0;0;0;0;0
Iran;630;1957;Iraq;645;0;0;0;0;0;0;0;0;0;0;0
Iran;630;1957;"Soviet Union/Russia";365;1;0;0;0;0;0;0;1;0;0;0
Iran;630;1957;"United Kingdom";200;0;0;0;0;0;0;0;0;0;0;0
Iran;630;1958;Iraq;645;0;0;0;0;0;0;0;0;0;0;0
Iran;630;1958;"Soviet Union/Russia";365;1;0;0;0;0;0;0;1;0;0;0
Iran;630;1958;"United Kingdom";200;0;0;0;0;0;0;0;0;0;0;0
Iran;630;1959;Iraq;645;0;0;0;0;0;0;0;0;0;0;0
Iran;630;1959;"Soviet Union/Russia";365;1;0;0;0;0;0;0;1;0;0;0
Iran;630;1959;"United Kingdom";200;0;0;0;0;0;0;0;0;0;0;0
Iran;630;1960;Iraq;645;0;0;0;0;0;0;0;0;0;0;0
Iran;630;1960;"Soviet Union/Russia";365;1;0;0;0;0;0;0;1;0;0;0
Iran;630;1960;"United Kingdom";200;0;0;0;0;0;0;0;0;0;0;0
Iran;630;1961;Iraq;645;0;0;0;0;0;0;0;0;0;0;0
Iran;630;1961;"Soviet Union/Russia";365;1;0;0;0;0;0;0;1;0;0;0
Iran;630;1961;"United Kingdom";200;0;0;0;0;0;0;0;0;0;0;0
Iran;630;1962;Iraq;645;0;0;0;0;0;0;0;0;0;0;0
Iran;630;1962;"Soviet Union/Russia";365;1;0;0;0;0;0;0;1;0;0;0
Iran;630;1962;"United Kingdom";200;0;0;0;0;0;0;0;0;0;0;0
Iran;630;1963;Iraq;645;0;0;0;0;0;0;0;0;0;0;0
Iran;630;1963;"Soviet Union/Russia";365;1;0;0;0;0;0;0;1;0;0;0
Iran;630;1963;"United Kingdom";200;0;0;0;0;0;0;0;0;0;0;0
Iran;630;1964;Iraq;645;0;0;0;0;0;0;0;0;0;0;0
Iran;630;1964;"Soviet Union/Russia";365;1;0;0;0;0;0;0;1;0;0;0
Iran;630;1964;"United Kingdom";200;0;0;0;0;0;0;0;0;0;0;0
Iran;630;1965;France;220;0;0;0;0;0;0;0;0;0;0;0
Iran;630;1965;Iraq;645;0;0;0;0;0;0;0;0;0;0;0
Iran;630;1965;"Soviet Union/Russia";365;1;0;0;0;0;0;0;1;0;0;0
Iran;630;1965;Turkey;640;0;0;0;0;0;0;0;0;0;0;0
Iran;630;1965;"United Kingdom";200;0;0;0;0;0;0;0;0;0;0;0
Iran;630;1965;"United States of America";2;0;0;0;0;0;0;0;0;0;0;0
Iran;630;1966;France;220;0;0;0;0;0;0;0;0;0;0;0
Iran;630;1966;Iraq;645;0;0;0;0;0;0;0;0;0;0;0
Iran;630;1966;"Soviet Union/Russia";365;1;0;0;0;0;0;0;1;0;0;0
Iran;630;1966;Turkey;640;0;0;0;0;0;0;0;0;0;0;0
Iran;630;1966;"United Kingdom";200;0;0;0;0;0;0;0;0;0;0;0
Iran;630;1966;"United States of America";2;0;0;0;0;0;0;0;0;0;0;0
Iran;630;1967;France;220;0;0;0;0;0;0;0;0;0;0;0
Iran;630;1967;Iraq;645;0;0;0;0;0;0;0;0;0;0;0
Iran;630;1967;"Soviet Union/Russia";365;1;0;0;0;0;0;0;1;0;0;0
Iran;630;1967;Turkey;640;0;0;0;0;0;0;0;0;0;0;0
Iran;630;1967;"United Kingdom";200;0;0;0;0;0;0;0;0;0;0;0
Iran;630;1967;"United States of America";2;0;0;0;0;0;0;0;0;0;0;0
Iran;630;1968;France;220;0;0;0;0;0;0;0;0;0;0;0
Iran;630;1968;Iraq;645;0;0;0;0;0;0;0;0;0;0;0
Iran;630;1968;"Soviet Union/Russia";365;1;0;0;0;0;0;0;1;0;0;0
Iran;630;1968;Turkey;640;0;0;0;0;0;0;0;0;0;0;0
Iran;630;1968;"United Kingdom";200;0;0;0;0;0;0;0;0;0;0;0
Iran;630;1968;"United States of America";2;0;0;0;0;0;0;0;0;0;0;0
Iran;630;1969;France;220;0;0;0;0;0;0;0;0;0;0;0
Iran;630;1969;Iraq;645;0;0;0;0;0;0;0;0;0;0;0
Iran;630;1969;"Soviet Union/Russia";365;1;0;0;0;0;0;0;1;0;0;0
Iran;630;1969;Turkey;640;0;0;0;0;0;0;0;0;0;0;0
Iran;630;1969;"United Kingdom";200;0;0;0;0;0;0;0;0;0;0;0
Iran;630;1969;"United States of America";2;0;0;0;0;0;0;0;0;0;0;0
Iran;630;1970;France;220;0;0;0;0;0;0;0;0;0;0;0
Iran;630;1970;Iraq;645;0;0;0;0;0;0;0;0;0;0;0
Iran;630;1970;"Soviet Union/Russia";365;1;0;0;0;0;0;0;1;0;0;0
Iran;630;1970;Turkey;640;0;0;0;0;0;0;0;0;0;0;0
Iran;630;1970;"United Kingdom";200;0;0;0;0;0;0;0;0;0;0;0
Iran;630;1970;"United States of America";2;0;0;0;0;0;0;0;0;0;0;0
Iran;630;1971;France;220;0;0;0;0;0;0;0;0;0;0;0
Iran;630;1971;Iraq;645;0;0;0;0;0;0;0;0;0;0;0
Iran;630;1971;"Soviet Union/Russia";365;1;0;0;0;0;0;0;1;0;0;0
Iran;630;1971;Turkey;640;0;0;0;0;0;0;0;0;0;0;0
Iran;630;1971;"United Kingdom";200;0;0;0;0;0;0;0;0;0;0;0
Iran;630;1971;"United States of America";2;0;0;0;0;0;0;0;0;0;0;0
Iran;630;1972;France;220;0;0;0;0;0;0;0;0;0;0;0
Iran;630;1972;Iraq;645;0;0;0;0;0;0;0;0;0;0;0
Iran;630;1972;"Soviet Union/Russia";365;1;0;0;0;0;0;0;1;0;0;0
Iran;630;1972;Turkey;640;0;0;0;0;0;0;0;0;0;0;0
Iran;630;1972;"United Kingdom";200;0;0;0;0;0;0;0;0;0;0;0
Iran;630;1972;"United States of America";2;0;0;0;0;0;0;0;0;0;0;0
Iran;630;1973;France;220;0;0;0;0;0;0;0;0;0;0;0
Iran;630;1973;Iraq;645;0;0;0;0;0;0;0;0;0;0;0
Iran;630;1973;"Soviet Union/Russia";365;1;0;0;0;0;0;0;1;0;0;0
Iran;630;1973;Turkey;640;0;0;0;0;0;0;0;0;0;0;0
Iran;630;1973;"United Kingdom";200;0;0;0;0;0;0;0;0;0;0;0
Iran;630;1973;"United States of America";2;0;0;0;0;0;0;0;0;0;0;0
Iran;630;1974;France;220;0;0;0;0;0;0;0;0;0;0;0
Iran;630;1974;Iraq;645;0;0;0;0;0;0;0;0;0;0;0
Iran;630;1974;"Soviet Union/Russia";365;1;0;0;0;0;0;0;1;0;0;0
Iran;630;1974;Turkey;640;0;0;0;0;0;0;0;0;0;0;0
Iran;630;1974;"United Kingdom";200;0;0;0;0;0;0;0;0;0;0;0
Iran;630;1974;"United States of America";2;0;0;0;0;0;0;0;0;0;0;0
Iran;630;1975;France;220;0;0;0;0;0;0;0;0;0;0;0
Iran;630;1975;Iraq;645;0;0;0;0;0;0;0;0;0;0;0
Iran;630;1975;"Soviet Union/Russia";365;1;0;0;0;0;0;0;1;0;0;0
Iran;630;1975;Turkey;640;0;0;0;0;0;0;0;0;0;0;0
Iran;630;1975;"United Kingdom";200;0;0;0;0;0;0;0;0;0;0;0
Iran;630;1975;"United States of America";2;0;0;0;0;0;0;0;0;0;0;0
Iran;630;1976;France;220;0;0;0;0;0;0;0;0;0;0;0
Iran;630;1976;Iraq;645;0;0;0;0;0;0;0;0;0;0;0
Iran;630;1976;"Soviet Union/Russia";365;1;0;0;0;0;0;0;1;0;0;0
Iran;630;1976;Turkey;640;0;0;0;0;0;0;0;0;0;0;0
Iran;630;1976;"United Kingdom";200;0;0;0;0;0;0;0;0;0;0;0
Iran;630;1976;"United States of America";2;0;0;0;0;0;0;0;0;0;0;0
Iran;630;1977;France;220;0;0;0;0;0;0;0;0;0;0;0
Iran;630;1977;Iraq;645;0;0;0;0;0;0;0;0;0;0;0
Iran;630;1977;"Soviet Union/Russia";365;1;0;0;0;0;0;0;1;0;0;0
Iran;630;1977;Turkey;640;0;0;0;0;0;0;0;0;0;0;0
Iran;630;1977;"United Kingdom";200;0;0;0;0;0;0;0;0;0;0;0
Iran;630;1977;"United States of America";2;0;0;0;0;0;0;0;0;0;0;0
Iran;630;1978;France;220;0;0;0;0;0;0;0;0;0;0;0
Iran;630;1978;Iraq;645;0;0;0;0;0;0;0;0;0;0;0
Iran;630;1978;"Soviet Union/Russia";365;1;0;0;0;0;0;0;1;0;0;0
Iran;630;1978;Turkey;640;0;0;0;0;0;0;0;0;0;0;0
Iran;630;1978;"United Kingdom";200;0;0;0;0;0;0;0;0;0;0;0
Iran;630;1978;"United States of America";2;0;0;0;0;0;0;0;0;0;0;0
Iran;630;1979;France;220;0;0;0;0;0;0;0;0;0;0;0
Iran;630;1979;Iraq;645;2;0;0;0;0;0;1;1;0;0;1
Iran;630;1979;"Soviet Union/Russia";365;1;0;0;0;0;0;0;1;0;0;0
Iran;630;1979;Turkey;640;0;0;0;0;0;0;0;0;0;0;0
Iran;630;1979;"United Kingdom";200;0;0;0;0;0;0;0;0;0;0;0
Iran;630;1979;"United States of America";2;0;0;0;0;0;0;0;0;0;0;0
Iran;630;1980;France;220;0;0;0;0;0;0;0;0;0;0;0
Iran;630;1980;Iraq;645;2;0;0;0;0;0;1;1;0;0;1
Iran;630;1980;"Soviet Union/Russia";365;1;0;0;0;0;0;0;1;0;0;0
Iran;630;1980;Turkey;640;0;0;0;0;0;0;0;0;0;0;0
Iran;630;1980;"United Kingdom";200;0;0;0;0;0;0;0;0;0;0;0
Iran;630;1980;"United States of America";2;0;0;0;0;0;0;0;0;0;0;0
Iran;630;1981;France;220;0;0;0;0;0;0;0;0;0;0;0
Iran;630;1981;Iraq;645;1;1;0;0;0;0;0;1;0;0;0
Iran;630;1981;"Soviet Union/Russia";365;1;0;0;0;0;0;0;1;0;0;0
Iran;630;1981;Turkey;640;0;0;0;0;0;0;0;0;0;0;0
Iran;630;1981;"United Kingdom";200;1;0;0;1;0;0;0;0;0;0;0
Iran;630;1981;"United States of America";2;0;0;0;0;0;0;0;0;0;0;0
Iran;630;1982;France;220;0;0;0;0;0;0;0;0;0;0;0
Iran;630;1982;Iraq;645;1;1;0;0;0;0;0;1;0;0;0
Iran;630;1982;"Soviet Union/Russia";365;1;0;0;0;0;0;0;1;0;0;0
Iran;630;1982;Turkey;640;0;0;0;0;0;0;0;0;0;0;0
Iran;630;1982;"United Kingdom";200;1;0;0;1;0;0;0;0;0;0;0
Iran;630;1982;"United States of America";2;0;0;0;0;0;0;0;0;0;0;0
Iran;630;1983;France;220;0;0;0;0;0;0;0;0;0;0;0
Iran;630;1983;Iraq;645;1;1;0;0;0;0;0;1;0;0;0
Iran;630;1983;"Soviet Union/Russia";365;1;0;0;0;0;0;0;1;0;0;0
Iran;630;1983;Turkey;640;0;0;0;0;0;0;0;0;0;0;0
Iran;630;1983;"United Kingdom";200;1;0;0;1;0;0;0;0;0;0;0
Iran;630;1983;"United States of America";2;0;0;0;0;0;0;0;0;0;0;0
Iran;630;1984;France;220;0;0;0;0;0;0;0;0;0;0;0
Iran;630;1984;Iraq;645;1;1;0;0;0;0;0;1;0;0;0
Iran;630;1984;"Soviet Union/Russia";365;1;0;0;0;0;0;0;1;0;0;0
Iran;630;1984;Turkey;640;0;0;0;0;0;0;0;0;0;0;0
Iran;630;1984;"United Kingdom";200;1;0;0;1;0;0;0;0;0;0;0
Iran;630;1984;"United States of America";2;0;0;0;0;0;0;0;0;0;0;0
Iran;630;1985;France;220;0;0;0;0;0;0;0;0;0;0;0
Iran;630;1985;Iraq;645;1;1;0;0;0;0;0;1;0;0;0
Iran;630;1985;"Soviet Union/Russia";365;1;0;0;0;0;0;0;1;0;0;0
Iran;630;1985;Turkey;640;0;0;0;0;0;0;0;0;0;0;0
Iran;630;1985;"United Kingdom";200;1;0;0;1;0;0;0;0;0;0;0
Iran;630;1985;"United States of America";2;0;0;0;0;0;0;0;0;0;0;0
Iran;630;1986;France;220;0;0;0;0;0;0;0;0;0;0;0
Iran;630;1986;Iraq;645;1;1;0;0;0;1;1;1;0;0;0
Iran;630;1986;"Soviet Union/Russia";365;1;0;0;0;0;0;0;1;0;0;0
Iran;630;1986;Turkey;640;0;0;0;0;0;0;0;0;0;0;0
Iran;630;1986;"United Kingdom";200;1;0;0;1;0;0;0;0;0;0;0
Iran;630;1986;"United States of America";2;0;0;0;0;0;0;0;0;0;0;0
Iran;630;1987;France;220;0;0;0;0;0;0;0;0;0;0;0
Iran;630;1987;Iraq;645;1;1;0;0;0;1;1;1;0;0;0
Iran;630;1987;"Soviet Union/Russia";365;1;0;0;0;0;0;0;1;0;0;0
Iran;630;1987;Turkey;640;0;0;0;0;0;0;0;0;0;0;0
Iran;630;1987;"United Kingdom";200;1;0;0;1;0;0;0;0;0;0;0
Iran;630;1987;"United States of America";2;0;0;0;0;0;0;0;0;0;0;0
Iran;630;1988;France;220;0;0;0;0;0;0;0;0;0;0;0
Iran;630;1988;Iraq;645;1;1;1;1;0;1;1;1;0;0;0
Iran;630;1988;"Soviet Union/Russia";365;1;0;0;0;0;0;0;1;0;0;0
Iran;630;1988;Turkey;640;0;0;0;0;0;0;0;0;0;0;0
Iran;630;1988;"United Kingdom";200;1;0;0;1;0;0;0;0;0;0;0
Iran;630;1988;"United States of America";2;0;0;0;0;0;0;0;0;0;0;0
Iran;630;1989;France;220;0;0;0;0;0;0;0;0;0;0;0
Iran;630;1989;Iraq;645;1;1;1;1;0;1;1;1;0;0;0
Iran;630;1989;"Soviet Union/Russia";365;1;0;0;0;0;0;0;1;0;0;0
Iran;630;1989;Turkey;640;0;0;0;0;0;0;0;0;0;0;0
Iran;630;1989;"United Kingdom";200;1;0;0;1;0;0;0;0;0;0;0
Iran;630;1989;"United States of America";2;0;0;0;0;0;0;0;0;0;0;0
Iran;630;1990;France;220;0;0;0;0;0;0;0;0;0;0;0
Iran;630;1990;Iraq;645;1;1;1;1;0;1;1;1;0;0;0
Iran;630;1990;"Soviet Union/Russia";365;1;0;0;0;0;0;0;1;0;0;0
Iran;630;1990;Turkey;640;0;0;0;0;0;0;0;0;0;0;0
Iran;630;1990;"United Kingdom";200;1;0;0;1;0;0;0;0;0;0;0
Iran;630;1990;"United States of America";2;0;0;0;0;0;0;0;0;0;0;0
Iran;630;1991;France;220;0;0;0;0;0;0;0;0;0;0;0
Iran;630;1991;Iraq;645;1;1;1;1;0;1;1;1;0;0;0
Iran;630;1991;"Soviet Union/Russia";365;1;0;0;0;0;0;0;1;0;0;0
Iran;630;1991;Turkey;640;0;0;0;0;0;0;0;0;0;0;0
Iran;630;1991;"United Kingdom";200;1;0;0;1;0;0;0;0;0;0;0
Iran;630;1991;"United States of America";2;0;0;0;0;0;0;0;0;0;0;0
Iran;630;1992;France;220;0;0;0;0;0;0;0;0;0;0;0
Iran;630;1992;Iraq;645;1;1;1;1;0;1;1;1;0;0;0
Iran;630;1992;"Soviet Union/Russia";365;1;0;0;0;0;0;0;1;0;0;0
Iran;630;1992;Turkey;640;0;0;0;0;0;0;0;0;0;0;0
Iran;630;1992;"United Kingdom";200;1;0;0;1;0;0;0;0;0;0;0
Iran;630;1992;"United States of America";2;0;0;0;0;0;0;0;0;0;0;0
Iran;630;1993;France;220;0;0;0;0;0;0;0;0;0;0;0
Iran;630;1993;Iraq;645;1;1;1;1;0;1;1;1;0;0;0
Iran;630;1993;"Soviet Union/Russia";365;1;0;0;0;0;0;0;1;0;0;0
Iran;630;1993;Turkey;640;0;0;0;0;0;0;0;0;0;0;0
Iran;630;1993;"United Kingdom";200;1;0;0;1;0;0;0;0;0;0;0
Iran;630;1993;"United States of America";2;0;0;0;0;0;0;0;0;0;0;0
Iran;630;1994;France;220;0;0;0;0;0;0;0;0;0;0;0
Iran;630;1994;Iraq;645;1;1;1;1;0;1;1;1;0;0;0
Iran;630;1994;"Soviet Union/Russia";365;1;0;0;0;0;0;0;1;0;0;0
Iran;630;1994;Turkey;640;0;0;0;0;0;0;0;0;0;0;0
Iran;630;1994;"United Kingdom";200;1;0;0;1;0;0;0;0;0;0;0
Iran;630;1994;"United States of America";2;0;0;0;0;0;0;0;0;0;0;0
Iran;630;1995;France;220;0;0;0;0;0;0;0;0;0;0;0
Iran;630;1995;Iraq;645;1;1;1;1;0;1;1;1;0;0;0
Iran;630;1995;"Soviet Union/Russia";365;1;0;0;0;0;0;0;1;0;0;0
Iran;630;1995;Turkey;640;0;0;0;0;0;0;0;0;0;0;0
Iran;630;1995;"United Kingdom";200;1;0;0;1;0;0;0;0;0;0;0
Iran;630;1995;"United States of America";2;0;0;0;0;0;0;0;0;0;0;0
Iran;630;1996;France;220;0;0;0;0;0;0;0;0;0;0;0
Iran;630;1996;Iraq;645;1;1;1;1;0;1;1;1;0;0;0
Iran;630;1996;"Soviet Union/Russia";365;1;0;0;0;0;0;0;1;0;0;0
Iran;630;1996;Turkey;640;0;0;0;0;0;0;0;0;0;0;0
Iran;630;1996;"United Kingdom";200;1;0;0;1;0;0;0;0;0;0;0
Iran;630;1996;"United States of America";2;0;0;0;0;0;0;0;0;0;0;0
Iran;630;1997;France;220;0;0;0;0;0;0;0;0;0;0;0
Iran;630;1997;Iraq;645;1;1;1;1;0;1;1;1;0;0;0
Iran;630;1997;Turkey;640;0;0;0;0;0;0;0;0;0;0;0
Iran;630;1997;"United Kingdom";200;1;0;0;1;0;0;0;0;0;0;0
Iran;630;1997;"United States of America";2;0;0;0;0;0;0;0;0;0;0;0
Iran;630;1998;France;220;0;0;0;0;0;0;0;0;0;0;0
Iran;630;1998;Iraq;645;1;1;1;1;0;1;1;1;0;0;0
Iran;630;1998;Turkey;640;0;0;0;0;0;0;0;0;0;0;0
Iran;630;1998;"United Kingdom";200;1;0;0;1;0;0;0;0;0;0;0
Iran;630;1998;"United States of America";2;0;0;0;0;0;0;0;0;0;0;0
Iran;630;1999;France;220;0;0;0;0;0;0;0;0;0;0;0
Iran;630;1999;Iraq;645;1;1;1;1;0;1;1;1;0;0;0
Iran;630;1999;Turkey;640;0;0;0;0;0;0;0;0;0;0;0
Iran;630;1999;"United Kingdom";200;1;0;0;1;0;0;0;0;0;0;0
Iran;630;1999;"United States of America";2;0;0;0;0;0;0;0;0;0;0;0
Iran;630;2000;France;220;0;0;0;0;0;0;0;0;0;0;0
Iran;630;2000;Iraq;645;1;1;1;1;0;1;1;1;0;0;0
Iran;630;2000;Turkey;640;0;0;0;0;0;0;0;0;0;0;0
Iran;630;2000;"United Kingdom";200;1;0;0;1;0;0;0;0;0;0;0
Iran;630;2000;"United States of America";2;0;0;0;0;0;0;0;0;0;0;0
Iran;630;2001;France;220;0;0;0;0;0;0;0;0;0;0;0
Iran;630;2001;Iraq;645;1;1;1;1;0;1;1;1;0;0;0
Iran;630;2001;Turkey;640;0;0;0;0;0;0;0;0;0;0;0
Iran;630;2001;"United Kingdom";200;1;0;0;1;0;0;0;0;0;0;0
Iran;630;2001;"United States of America";2;0;0;0;0;0;0;0;0;0;0;0
Iran;630;2002;Afghanistan;700;0;0;0;0;0;0;0;0;0;0;0
Iran;630;2002;Israel;666;0;0;0;0;0;0;0;0;0;0;0
Iran;630;2002;Pakistan;770;0;0;0;0;0;0;0;0;0;0;0
Iran;630;2002;"Saudi Arabia";670;0;0;0;0;0;0;0;0;0;0;0
Iran;630;2002;"United Arab Emirates";696;0;0;0;0;0;0;0;0;0;0;0
Iran;630;2002;"United Kingdom";200;0;0;0;0;0;0;0;0;0;0;0
Iran;630;2002;"United States of America";2;0;0;0;0;0;0;0;0;0;0;0
Iran;630;2003;Afghanistan;700;0;0;0;0;0;0;0;0;0;0;0
Iran;630;2003;Israel;666;0;0;0;0;0;0;0;0;0;0;0
Iran;630;2003;Pakistan;770;1;1;1;0;0;0;0;0;0;0;0
Iran;630;2003;"Saudi Arabia";670;1;0;0;0;0;0;0;1;0;0;0
Iran;630;2003;"United Arab Emirates";696;0;0;0;0;0;0;0;0;0;0;0
Iran;630;2003;"United Kingdom";200;0;0;0;0;0;0;0;0;0;0;0
Iran;630;2003;"United States of America";2;0;0;0;0;0;0;0;0;0;0;0
Iran;630;2004;Afghanistan;700;0;0;0;0;0;0;0;0;0;0;0
Iran;630;2004;Azerbaijan;373;0;0;0;0;0;0;0;0;0;0;0
Iran;630;2004;Germany;255;1;0;1;0;0;0;0;0;0;0;0
Iran;630;2004;Iraq;645;0;0;0;0;0;0;0;0;0;0;0
Iran;630;2004;Israel;666;1;0;0;0;0;1;1;0;0;0;0
Iran;630;2004;Pakistan;770;1;1;1;0;0;0;0;0;0;0;0
Iran;630;2004;"Saudi Arabia";670;1;0;0;0;0;0;0;1;0;0;0
Iran;630;2004;Sweden;380;1;1;0;1;0;0;0;0;0;0;0
Iran;630;2004;"United Arab Emirates";696;0;0;0;0;0;0;0;0;0;0;0
Iran;630;2004;"United Kingdom";200;0;0;0;0;0;0;0;0;0;0;0
Iran;630;2004;"United States of America";2;1;1;1;1;0;1;1;1;0;0;0
Iran;630;2005;Afghanistan;700;0;0;0;0;0;0;0;0;0;0;0
Iran;630;2005;Azerbaijan;373;0;0;0;0;0;0;0;0;0;0;0
Iran;630;2005;Germany;255;1;0;1;0;0;0;0;0;0;0;0
Iran;630;2005;Iraq;645;0;0;0;0;0;0;0;0;0;0;0
Iran;630;2005;Israel;666;2;0;0;0;0;2;1;0;0;0;0
Iran;630;2005;Pakistan;770;1;1;1;0;0;0;0;0;0;0;0
Iran;630;2005;"Saudi Arabia";670;1;0;0;0;0;0;0;1;0;0;0
Iran;630;2005;Sweden;380;1;1;0;1;0;0;0;0;0;0;0
Iran;630;2005;"United Arab Emirates";696;0;0;0;0;0;0;0;0;0;0;0
Iran;630;2005;"United Kingdom";200;1;0;0;0;0;0;1;1;0;0;0
Iran;630;2005;"United States of America";2;2;2;2;1;1;2;2;2;0;0;1
Iran;630;2006;Afghanistan;700;0;0;0;0;0;0;0;0;0;0;0
Iran;630;2006;Azerbaijan;373;0;0;0;0;0;0;0;0;0;0;0
Iran;630;2006;Germany;255;1;0;1;0;0;0;0;0;0;0;0
Iran;630;2006;Iraq;645;0;0;0;0;0;0;0;0;0;0;0
Iran;630;2006;Israel;666;2;0;0;0;0;2;1;0;0;0;0
Iran;630;2006;Pakistan;770;1;1;1;0;0;0;0;0;0;0;0
Iran;630;2006;"Saudi Arabia";670;1;0;0;0;0;0;0;1;0;0;0
Iran;630;2006;Sweden;380;1;1;0;1;0;0;0;0;0;0;0
Iran;630;2006;"United Arab Emirates";696;0;0;0;0;0;0;0;0;0;0;0
Iran;630;2006;"United Kingdom";200;1;0;0;0;0;0;1;1;0;0;0
Iran;630;2006;"United States of America";2;2;2;2;1;1;2;2;2;0;0;1
Iran;630;2007;Afghanistan;700;0;0;0;0;0;0;0;0;0;0;0
Iran;630;2007;Azerbaijan;373;0;0;0;0;0;0;0;0;0;0;0
Iran;630;2007;Germany;255;1;0;1;0;0;0;0;0;0;0;0
Iran;630;2007;Iraq;645;0;0;0;0;0;0;0;0;0;0;0
Iran;630;2007;Israel;666;2;0;0;0;0;2;1;0;0;0;0
Iran;630;2007;Pakistan;770;1;1;1;0;0;0;0;0;0;0;0
Iran;630;2007;"Saudi Arabia";670;1;0;0;0;0;0;0;1;0;0;0
Iran;630;2007;Sweden;380;1;1;0;1;0;0;0;0;0;0;0
Iran;630;2007;"United Arab Emirates";696;0;0;0;0;0;0;0;0;0;0;0
Iran;630;2007;"United Kingdom";200;1;0;0;0;0;0;1;1;0;0;0
Iran;630;2007;"United States of America";2;2;2;2;1;1;2;2;2;0;0;1
Iran;630;2008;Afghanistan;700;0;0;0;0;0;0;0;0;0;0;0
Iran;630;2008;Azerbaijan;373;0;0;0;0;0;0;0;0;0;0;0
Iran;630;2008;Germany;255;1;0;1;0;0;0;0;0;0;0;0
Iran;630;2008;Iraq;645;0;0;0;0;0;0;0;0;0;0;0
Iran;630;2008;Israel;666;2;0;0;0;0;2;1;0;0;0;0
Iran;630;2008;Pakistan;770;1;1;1;0;0;0;0;0;0;0;0
Iran;630;2008;"Saudi Arabia";670;1;0;0;0;0;0;0;1;0;0;0
Iran;630;2008;Sweden;380;1;1;0;1;0;0;0;0;0;0;0
Iran;630;2008;"United Arab Emirates";696;0;0;0;0;0;0;0;0;0;0;0
Iran;630;2008;"United Kingdom";200;1;0;0;0;0;0;1;1;0;0;0
Iran;630;2008;"United States of America";2;2;2;2;1;1;2;2;2;0;0;1
Iran;630;2009;Afghanistan;700;0;0;0;0;0;0;0;0;0;0;0
Iran;630;2009;Azerbaijan;373;0;0;0;0;0;0;0;0;0;0;0
Iran;630;2009;Germany;255;1;0;1;0;0;0;0;0;0;0;0
Iran;630;2009;Iraq;645;0;0;0;0;0;0;0;0;0;0;0
Iran;630;2009;Israel;666;2;0;0;0;0;2;1;0;0;0;0
Iran;630;2009;Pakistan;770;1;1;1;0;0;0;0;0;0;0;0
Iran;630;2009;"Saudi Arabia";670;1;0;0;0;0;0;0;1;0;0;0
Iran;630;2009;Sweden;380;1;1;0;1;0;0;0;0;0;0;0
Iran;630;2009;"United Arab Emirates";696;0;0;0;0;0;0;0;0;0;0;0
Iran;630;2009;"United Kingdom";200;1;0;0;0;0;0;1;1;0;0;0
Iran;630;2009;"United States of America";2;2;2;2;1;1;2;2;2;0;0;1
Iran;630;2010;Afghanistan;700;0;0;0;0;0;0;0;0;0;0;0
Iran;630;2010;Azerbaijan;373;0;0;0;0;0;0;0;0;0;0;0
Iran;630;2010;Germany;255;1;0;1;0;0;0;0;0;0;0;0
Iran;630;2010;Iraq;645;0;0;0;0;0;0;0;0;0;0;0
Iran;630;2010;Israel;666;2;0;0;0;0;2;1;0;0;0;0
Iran;630;2010;Pakistan;770;0;0;0;0;0;0;0;0;0;0;0
Iran;630;2010;"Saudi Arabia";670;1;0;0;0;0;0;0;1;0;0;0
Iran;630;2010;Sweden;380;1;1;0;1;0;0;0;0;0;0;0
Iran;630;2010;"United Arab Emirates";696;0;0;0;0;0;0;0;0;0;0;0
Iran;630;2010;"United Kingdom";200;1;0;0;0;0;0;1;1;0;0;0
Iran;630;2010;"United States of America";2;1;1;1;0;1;1;1;1;0;0;1
Iraq;645;1946;Iran;630;1;1;1;1;1;1;1;1;1;1;0
Iraq;645;1946;Israel;666;1;0;0;0;0;1;1;1;0;0;0
Iraq;645;1946;Turkey;640;0;0;0;0;0;0;0;0;0;0;0
Iraq;645;1946;"United Kingdom";200;0;0;0;0;0;0;0;0;0;0;0
Iraq;645;1946;"United States of America";2;1;1;1;0;0;0;0;1;0;0;0
Iraq;645;1947;Iran;630;1;1;1;1;1;1;1;1;1;1;0
Iraq;645;1947;Israel;666;1;0;0;0;0;1;1;1;0;0;0
Iraq;645;1947;Turkey;640;0;0;0;0;0;0;0;0;0;0;0
Iraq;645;1947;"United Kingdom";200;0;0;0;0;0;0;0;0;0;0;0
Iraq;645;1947;"United States of America";2;1;1;1;0;0;0;0;1;0;0;0
Iraq;645;1948;Iran;630;1;1;1;1;1;1;1;1;1;1;0
Iraq;645;1948;Israel;666;1;0;0;0;0;1;1;1;0;0;0
Iraq;645;1948;Turkey;640;0;0;0;0;0;0;0;0;0;0;0
Iraq;645;1948;"United Kingdom";200;0;0;0;0;0;0;0;0;0;0;0
Iraq;645;1948;"United States of America";2;1;1;1;0;0;0;0;1;0;0;0
Iraq;645;1949;Iran;630;1;1;1;1;1;1;1;1;1;1;0
Iraq;645;1949;Israel;666;1;0;0;0;0;1;1;1;0;0;0
Iraq;645;1949;Turkey;640;0;0;0;0;0;0;0;0;0;0;0
Iraq;645;1949;"United Kingdom";200;0;0;0;0;0;0;0;0;0;0;0
Iraq;645;1949;"United States of America";2;1;1;1;0;0;0;0;1;0;0;0
Iraq;645;1950;Iran;630;1;1;1;1;1;1;1;1;1;1;0
Iraq;645;1950;Israel;666;1;0;0;0;0;1;1;1;0;0;0
Iraq;645;1950;Turkey;640;0;0;0;0;0;0;0;0;0;0;0
Iraq;645;1950;"United Kingdom";200;0;0;0;0;0;0;0;0;0;0;0
Iraq;645;1950;"United States of America";2;1;1;1;0;0;0;0;1;0;0;0
Iraq;645;1951;Iran;630;1;1;1;1;1;1;1;1;1;1;0
Iraq;645;1951;Israel;666;1;0;0;0;0;1;1;1;0;0;0
Iraq;645;1951;Turkey;640;0;0;0;0;0;0;0;0;0;0;0
Iraq;645;1951;"United Kingdom";200;0;0;0;0;0;0;0;0;0;0;0
Iraq;645;1951;"United States of America";2;1;1;1;0;0;0;0;1;0;0;0
Iraq;645;1952;Iran;630;1;1;1;1;1;1;1;1;1;1;0
Iraq;645;1952;Israel;666;1;0;0;0;0;1;1;1;0;0;0
Iraq;645;1952;Turkey;640;0;0;0;0;0;0;0;0;0;0;0
Iraq;645;1952;"United Kingdom";200;0;0;0;0;0;0;0;0;0;0;0
Iraq;645;1952;"United States of America";2;1;1;1;0;0;0;0;1;0;0;0
Iraq;645;1953;Iran;630;1;1;1;1;1;1;1;1;1;1;0
Iraq;645;1953;Israel;666;1;0;0;0;0;1;1;1;0;0;0
Iraq;645;1953;Turkey;640;0;0;0;0;0;0;0;0;0;0;0
Iraq;645;1953;"United Kingdom";200;0;0;0;0;0;0;0;0;0;0;0
Iraq;645;1953;"United States of America";2;1;1;1;0;0;0;0;1;0;0;0
Iraq;645;1954;Iran;630;1;1;1;1;1;1;1;1;1;1;0
Iraq;645;1954;Israel;666;1;0;0;0;0;1;1;1;0;0;0
Iraq;645;1954;Turkey;640;0;0;0;0;0;0;0;0;0;0;0
Iraq;645;1954;"United Kingdom";200;0;0;0;0;0;0;0;0;0;0;0
Iraq;645;1954;"United States of America";2;1;1;1;0;0;0;0;1;0;0;0
Iraq;645;1955;Iran;630;1;1;1;1;1;1;1;1;1;1;0
Iraq;645;1955;Israel;666;1;0;0;0;0;1;1;1;0;0;0
Iraq;645;1955;Turkey;640;0;0;0;0;0;0;0;0;0;0;0
Iraq;645;1955;"United Kingdom";200;0;0;0;0;0;0;0;0;0;0;0
Iraq;645;1955;"United States of America";2;1;1;1;0;0;0;0;1;0;0;0
Iraq;645;1956;Iran;630;1;1;1;1;1;1;1;1;1;1;0
Iraq;645;1956;Israel;666;1;0;0;0;0;1;1;1;0;0;0
Iraq;645;1956;Turkey;640;0;0;0;0;0;0;0;0;0;0;0
Iraq;645;1956;"United Kingdom";200;0;0;0;0;0;0;0;0;0;0;0
Iraq;645;1956;"United States of America";2;1;1;1;0;0;0;0;1;0;0;0
Iraq;645;1957;Iran;630;1;1;1;1;1;1;1;1;1;1;0
Iraq;645;1957;Israel;666;1;0;0;0;0;1;1;1;0;0;0
Iraq;645;1957;Turkey;640;0;0;0;0;0;0;0;0;0;0;0
Iraq;645;1957;"United Kingdom";200;0;0;0;0;0;0;0;0;0;0;0
Iraq;645;1957;"United States of America";2;1;1;1;0;0;0;0;1;0;0;0
Iraq;645;1958;Iran;630;1;1;1;1;1;1;1;1;1;1;0
Iraq;645;1958;Israel;666;1;0;0;0;0;1;1;1;0;0;0
Iraq;645;1958;Turkey;640;0;0;0;0;0;0;0;0;0;0;0
Iraq;645;1958;"United Kingdom";200;0;0;0;0;0;0;0;0;0;0;0
Iraq;645;1958;"United States of America";2;1;1;1;0;0;0;0;1;0;0;0
Iraq;645;1959;Iran;630;1;1;1;1;1;1;1;1;1;1;0
Iraq;645;1959;Israel;666;1;0;0;0;0;1;1;1;0;0;0
Iraq;645;1959;Turkey;640;0;0;0;0;0;0;0;0;0;0;0
Iraq;645;1959;"United Kingdom";200;0;0;0;0;0;0;0;0;0;0;0
Iraq;645;1959;"United States of America";2;1;1;1;0;0;0;0;1;0;0;0
Iraq;645;1960;Iran;630;1;1;1;1;1;1;1;1;1;1;0
Iraq;645;1960;Israel;666;1;0;0;0;0;1;1;1;0;0;0
Iraq;645;1960;Turkey;640;0;0;0;0;0;0;0;0;0;0;0
Iraq;645;1960;"United Kingdom";200;0;0;0;0;0;0;0;0;0;0;0
Iraq;645;1960;"United States of America";2;1;1;1;0;0;0;0;1;0;0;0
Iraq;645;1961;Iran;630;1;1;1;1;1;1;1;1;1;1;0
Iraq;645;1961;Israel;666;1;0;0;0;0;1;1;1;0;0;0
Iraq;645;1961;Turkey;640;0;0;0;0;0;0;0;0;0;0;0
Iraq;645;1961;"United Kingdom";200;0;0;0;0;0;0;0;0;0;0;0
Iraq;645;1961;"United States of America";2;1;1;1;0;0;0;0;1;0;0;0
Iraq;645;1962;Iran;630;1;1;1;1;1;1;1;1;1;1;0
Iraq;645;1962;Israel;666;1;0;0;0;0;1;1;1;0;0;0
Iraq;645;1962;Turkey;640;0;0;0;0;0;0;0;0;0;0;0
Iraq;645;1962;"United Kingdom";200;0;0;0;0;0;0;0;0;0;0;0
Iraq;645;1962;"United States of America";2;1;1;1;0;0;0;0;1;0;0;0
Iraq;645;1963;Iran;630;1;1;1;1;1;1;1;1;1;1;0
Iraq;645;1963;Israel;666;1;0;0;0;0;1;1;1;0;0;0
Iraq;645;1963;Turkey;640;0;0;0;0;0;0;0;0;0;0;0
Iraq;645;1963;"United Kingdom";200;0;0;0;0;0;0;0;0;0;0;0
Iraq;645;1963;"United States of America";2;1;1;1;0;0;0;0;1;0;0;0
Iraq;645;1964;Iran;630;1;1;1;1;1;1;1;1;1;1;0
Iraq;645;1964;Israel;666;1;0;0;0;0;1;1;1;0;0;0
Iraq;645;1964;Turkey;640;0;0;0;0;0;0;0;0;0;0;0
Iraq;645;1964;"United Kingdom";200;0;0;0;0;0;0;0;0;0;0;0
Iraq;645;1964;"United States of America";2;1;1;1;0;0;0;0;1;0;0;0
Iraq;645;1965;Iran;630;1;1;1;1;1;1;1;1;1;1;0
Iraq;645;1965;Israel;666;1;0;0;0;0;1;1;1;0;0;0
Iraq;645;1965;Turkey;640;0;0;0;0;0;0;0;0;0;0;0
Iraq;645;1965;"United Kingdom";200;0;0;0;0;0;0;0;0;0;0;0
Iraq;645;1965;"United States of America";2;1;1;1;0;0;0;0;1;0;0;0
Iraq;645;1966;Iran;630;1;1;1;1;1;1;1;1;1;1;0
Iraq;645;1966;Israel;666;1;0;0;0;0;1;1;1;0;0;0
Iraq;645;1966;Turkey;640;0;0;0;0;0;0;0;0;0;0;0
Iraq;645;1966;"United Kingdom";200;0;0;0;0;0;0;0;0;0;0;0
Iraq;645;1966;"United States of America";2;1;1;1;0;0;0;0;1;0;0;0
Iraq;645;1967;Iran;630;1;1;1;1;1;1;1;1;1;1;0
Iraq;645;1967;Israel;666;1;0;0;0;0;1;1;1;0;0;0
Iraq;645;1967;Turkey;640;0;0;0;0;0;0;0;0;0;0;0
Iraq;645;1967;"United Kingdom";200;0;0;0;0;0;0;0;0;0;0;0
Iraq;645;1967;"United States of America";2;1;1;1;0;0;0;0;1;0;0;0
Iraq;645;1968;Iran;630;1;1;1;1;1;1;1;1;1;1;0
Iraq;645;1968;Israel;666;1;0;0;0;0;1;1;1;0;0;0
Iraq;645;1968;Turkey;640;0;0;0;0;0;0;0;0;0;0;0
Iraq;645;1968;"United Kingdom";200;0;0;0;0;0;0;0;0;0;0;0
Iraq;645;1968;"United States of America";2;1;1;1;0;0;0;0;1;0;0;0
Iraq;645;1969;Iran;630;1;1;1;1;1;1;1;1;1;1;0
Iraq;645;1969;Israel;666;1;0;0;0;0;1;1;1;0;0;0
Iraq;645;1969;Turkey;640;0;0;0;0;0;0;0;0;0;0;0
Iraq;645;1969;"United Kingdom";200;0;0;0;0;0;0;0;0;0;0;0
Iraq;645;1969;"United States of America";2;1;1;1;0;0;0;0;1;0;0;0
Iraq;645;1970;Iran;630;1;1;1;1;1;1;1;1;1;1;0
Iraq;645;1970;Israel;666;1;0;0;0;0;1;1;1;0;0;0
Iraq;645;1970;Turkey;640;0;0;0;0;0;0;0;0;0;0;0
Iraq;645;1970;"United Kingdom";200;0;0;0;0;0;0;0;0;0;0;0
Iraq;645;1970;"United States of America";2;1;1;1;0;0;0;0;1;0;0;0
Iraq;645;1971;Iran;630;1;1;1;1;1;1;1;1;1;1;0
Iraq;645;1971;Israel;666;1;0;0;0;0;1;1;1;0;0;0
Iraq;645;1971;Turkey;640;0;0;0;0;0;0;0;0;0;0;0
Iraq;645;1971;"United Kingdom";200;0;0;0;0;0;0;0;0;0;0;0
Iraq;645;1971;"United States of America";2;1;1;1;0;0;0;0;1;0;0;0
Iraq;645;1972;Iran;630;1;1;1;1;1;1;1;1;1;1;0
Iraq;645;1972;Israel;666;1;0;0;0;0;1;1;1;0;0;0
Iraq;645;1972;Turkey;640;0;0;0;0;0;0;0;0;0;0;0
Iraq;645;1972;"United Kingdom";200;0;0;0;0;0;0;0;0;0;0;0
Iraq;645;1972;"United States of America";2;1;1;1;0;0;0;0;1;0;0;0
Iraq;645;1973;Iran;630;1;1;1;1;1;1;1;1;1;1;0
Iraq;645;1973;Israel;666;1;0;0;0;0;1;1;1;0;0;0
Iraq;645;1973;Turkey;640;0;0;0;0;0;0;0;0;0;0;0
Iraq;645;1973;"United Kingdom";200;0;0;0;0;0;0;0;0;0;0;0
Iraq;645;1973;"United States of America";2;1;1;1;0;0;0;0;1;0;0;0
Iraq;645;1974;Iran;630;1;1;1;1;1;1;1;1;1;1;0
Iraq;645;1974;Israel;666;1;0;0;0;0;1;1;1;0;0;0
Iraq;645;1974;Turkey;640;0;0;0;0;0;0;0;0;0;0;0
Iraq;645;1974;"United Kingdom";200;0;0;0;0;0;0;0;0;0;0;0
Iraq;645;1974;"United States of America";2;1;1;1;0;0;0;0;1;0;0;0
Iraq;645;1975;Iran;630;3;2;2;2;1;1;2;2;2;2;0
Iraq;645;1975;Israel;666;1;0;0;0;0;1;1;1;0;0;0
Iraq;645;1975;Libya;620;0;0;0;0;0;0;0;0;0;0;0
Iraq;645;1975;Syria;652;1;1;1;1;0;0;0;0;0;0;0
Iraq;645;1975;Turkey;640;0;0;0;0;0;0;0;0;0;0;0
Iraq;645;1975;"United Kingdom";200;0;0;0;0;0;0;0;0;0;0;0
Iraq;645;1975;"United States of America";2;1;1;1;0;0;0;0;1;0;0;0
Iraq;645;1976;Iran;630;3;2;2;2;1;1;2;2;2;2;0
Iraq;645;1976;Israel;666;1;0;0;0;0;1;1;1;0;0;0
Iraq;645;1976;Libya;620;0;0;0;0;0;0;0;0;0;0;0
Iraq;645;1976;Syria;652;1;1;1;1;0;0;0;0;0;0;0
Iraq;645;1976;Turkey;640;0;0;0;0;0;0;0;0;0;0;0
Iraq;645;1976;"United Kingdom";200;0;0;0;0;0;0;0;0;0;0;0
Iraq;645;1976;"United States of America";2;1;1;1;0;0;0;0;1;0;0;0
Iraq;645;1977;Iran;630;3;2;2;2;1;1;2;2;2;2;0
Iraq;645;1977;Israel;666;1;0;0;0;0;1;1;1;0;0;0
Iraq;645;1977;Libya;620;0;0;0;0;0;0;0;0;0;0;0
Iraq;645;1977;Syria;652;1;1;1;1;0;0;0;0;0;0;0
Iraq;645;1977;Turkey;640;0;0;0;0;0;0;0;0;0;0;0
Iraq;645;1977;"United Kingdom";200;0;0;0;0;0;0;0;0;0;0;0
Iraq;645;1977;"United States of America";2;1;1;1;0;0;0;0;1;0;0;0
Iraq;645;1978;Iran;630;3;2;2;2;1;1;2;2;2;2;0
Iraq;645;1978;Israel;666;1;0;0;0;0;1;1;1;0;0;0
Iraq;645;1978;Libya;620;0;0;0;0;0;0;0;0;0;0;0
Iraq;645;1978;Syria;652;1;1;1;1;0;0;0;0;0;0;0
Iraq;645;1978;Turkey;640;0;0;0;0;0;0;0;0;0;0;0
Iraq;645;1978;"United Kingdom";200;0;0;0;0;0;0;0;0;0;0;0
Iraq;645;1978;"United States of America";2;1;1;1;0;0;0;0;1;0;0;0
Iraq;645;1979;Iran;630;2;2;2;2;1;1;1;1;1;2;0
Iraq;645;1979;Israel;666;1;0;0;0;0;1;1;1;0;0;0
Iraq;645;1979;Libya;620;0;0;0;0;0;0;0;0;0;0;0
Iraq;645;1979;Syria;652;1;1;1;1;0;0;0;0;0;0;0
Iraq;645;1979;Turkey;640;0;0;0;0;0;0;0;0;0;0;0
Iraq;645;1979;"United Kingdom";200;0;0;0;0;0;0;0;0;0;0;0
Iraq;645;1979;"United States of America";2;1;1;1;0;0;0;0;1;0;0;0
Iraq;645;1980;Iran;630;2;2;2;2;1;1;1;1;1;2;0
Iraq;645;1980;Israel;666;1;0;0;0;0;1;1;1;0;0;0
Iraq;645;1980;Libya;620;0;0;0;0;0;0;0;0;0;0;0
Iraq;645;1980;Syria;652;1;1;1;1;0;0;0;0;0;0;0
Iraq;645;1980;Turkey;640;0;0;0;0;0;0;0;0;0;0;0
Iraq;645;1980;"United Kingdom";200;0;0;0;0;0;0;0;0;0;0;0
Iraq;645;1980;"United States of America";2;1;1;1;0;0;0;0;1;0;0;0
Iraq;645;1981;Iran;630;2;2;2;2;1;1;1;1;1;2;0
Iraq;645;1981;Israel;666;1;0;0;0;0;1;1;1;0;0;0
Iraq;645;1981;Libya;620;0;0;0;0;0;0;0;0;0;0;0
Iraq;645;1981;Syria;652;1;1;1;1;0;0;0;0;0;0;0
Iraq;645;1981;Turkey;640;0;0;0;0;0;0;0;0;0;0;0
Iraq;645;1981;"United Kingdom";200;0;0;0;0;0;0;0;0;0;0;0
Iraq;645;1981;"United States of America";2;1;1;1;0;0;0;0;1;0;0;0
Iraq;645;1982;Austria;305;0;0;0;0;0;0;0;0;0;0;0
Iraq;645;1982;France;220;0;0;0;0;0;0;0;0;0;0;0
Iraq;645;1982;Iran;630;3;3;3;3;1;1;1;1;1;2;0
Iraq;645;1982;Israel;666;1;0;0;0;0;1;1;1;0;0;0
Iraq;645;1982;Kuwait;690;0;0;0;0;0;0;0;0;0;0;0
Iraq;645;1982;Libya;620;0;0;0;0;0;0;0;0;0;0;0
Iraq;645;1982;"Saudi Arabia";670;0;0;0;0;0;0;0;0;0;0;0
Iraq;645;1982;Switzerland;225;0;0;0;0;0;0;0;0;0;0;0
Iraq;645;1982;Syria;652;2;2;2;2;0;0;0;0;0;0;0
Iraq;645;1982;Turkey;640;0;0;0;0;0;0;0;0;0;0;0
Iraq;645;1982;"United Kingdom";200;0;0;0;0;0;0;0;0;0;0;0
Iraq;645;1982;"United States of America";2;1;1;1;0;0;0;0;1;0;0;0
Iraq;645;1983;Austria;305;0;0;0;0;0;0;0;0;0;0;0
Iraq;645;1983;France;220;0;0;0;0;0;0;0;0;0;0;0
Iraq;645;1983;Iran;630;3;3;3;3;1;1;1;1;1;2;0
Iraq;645;1983;Israel;666;1;0;0;0;0;1;1;1;0;0;0
Iraq;645;1983;Kuwait;690;0;0;0;0;0;0;0;0;0;0;0
Iraq;645;1983;Libya;620;0;0;0;0;0;0;0;0;0;0;0
Iraq;645;1983;"Saudi Arabia";670;0;0;0;0;0;0;0;0;0;0;0
Iraq;645;1983;Switzerland;225;0;0;0;0;0;0;0;0;0;0;0
Iraq;645;1983;Syria;652;2;2;2;2;0;0;0;0;0;0;0
Iraq;645;1983;Turkey;640;0;0;0;0;0;0;0;0;0;0;0
Iraq;645;1983;"United Kingdom";200;0;0;0;0;0;0;0;0;0;0;0
Iraq;645;1983;"United States of America";2;1;1;1;0;0;0;0;1;0;0;0
Iraq;645;1984;Austria;305;0;0;0;0;0;0;0;0;0;0;0
Iraq;645;1984;France;220;0;0;0;0;0;0;0;0;0;0;0
Iraq;645;1984;Iran;630;2;2;2;2;1;1;1;1;1;1;0
Iraq;645;1984;Israel;666;1;0;0;0;0;1;1;1;0;0;0
Iraq;645;1984;Kuwait;690;0;0;0;0;0;0;0;0;0;0;0
Iraq;645;1984;Libya;620;0;0;0;0;0;0;0;0;0;0;0
Iraq;645;1984;"Saudi Arabia";670;0;0;0;0;0;0;0;0;0;0;0
Iraq;645;1984;Switzerland;225;0;0;0;0;0;0;0;0;0;0;0
Iraq;645;1984;Syria;652;2;2;2;2;0;0;0;0;0;0;0
Iraq;645;1984;Turkey;640;0;0;0;0;0;0;0;0;0;0;0
Iraq;645;1984;"United Kingdom";200;0;0;0;0;0;0;0;0;0;0;0
Iraq;645;1984;"United States of America";2;1;1;1;0;0;0;0;1;0;0;0
Iraq;645;1985;Austria;305;0;0;0;0;0;0;0;0;0;0;0
Iraq;645;1985;France;220;0;0;0;0;0;0;0;0;0;0;0
Iraq;645;1985;Iran;630;2;2;2;2;1;1;1;1;1;1;0
Iraq;645;1985;Israel;666;1;0;0;0;0;1;1;1;0;0;0
Iraq;645;1985;Kuwait;690;0;0;0;0;0;0;0;0;0;0;0
Iraq;645;1985;Libya;620;0;0;0;0;0;0;0;0;0;0;0
Iraq;645;1985;"Saudi Arabia";670;0;0;0;0;0;0;0;0;0;0;0
Iraq;645;1985;Switzerland;225;0;0;0;0;0;0;0;0;0;0;0
Iraq;645;1985;Syria;652;2;2;2;2;0;0;0;0;0;0;0
Iraq;645;1985;Turkey;640;0;0;0;0;0;0;0;0;0;0;0
Iraq;645;1985;"United Kingdom";200;0;0;0;0;0;0;0;0;0;0;0
Iraq;645;1985;"United States of America";2;1;1;1;0;0;0;0;1;0;0;0
Iraq;645;1986;Austria;305;0;0;0;0;0;0;0;0;0;0;0
Iraq;645;1986;France;220;0;0;0;0;0;0;0;0;0;0;0
Iraq;645;1986;Iran;630;2;2;2;2;1;1;1;1;1;1;0
Iraq;645;1986;Israel;666;1;0;0;0;0;1;1;1;0;0;0
Iraq;645;1986;Kuwait;690;0;0;0;0;0;0;0;0;0;0;0
Iraq;645;1986;Libya;620;0;0;0;0;0;0;0;0;0;0;0
Iraq;645;1986;"Saudi Arabia";670;0;0;0;0;0;0;0;0;0;0;0
Iraq;645;1986;Switzerland;225;0;0;0;0;0;0;0;0;0;0;0
Iraq;645;1986;Syria;652;2;2;2;2;0;0;0;0;0;0;0
Iraq;645;1986;Turkey;640;0;0;0;0;0;0;0;0;0;0;0
Iraq;645;1986;"United Kingdom";200;0;0;0;0;0;0;0;0;0;0;0
Iraq;645;1986;"United States of America";2;1;1;1;0;0;0;0;1;0;0;0
Iraq;645;1987;Austria;305;0;0;0;0;0;0;0;0;0;0;0
Iraq;645;1987;France;220;0;0;0;0;0;0;0;0;0;0;0
Iraq;645;1987;Iran;630;2;2;2;2;1;1;1;1;1;1;0
Iraq;645;1987;Israel;666;1;0;0;0;0;1;1;1;0;0;0
Iraq;645;1987;Kuwait;690;0;0;0;0;0;0;0;0;0;0;0
Iraq;645;1987;Libya;620;0;0;0;0;0;0;0;0;0;0;0
Iraq;645;1987;"Saudi Arabia";670;0;0;0;0;0;0;0;0;0;0;0
Iraq;645;1987;Switzerland;225;0;0;0;0;0;0;0;0;0;0;0
Iraq;645;1987;Syria;652;2;2;2;2;0;0;0;0;0;0;0
Iraq;645;1987;Turkey;640;0;0;0;0;0;0;0;0;0;0;0
Iraq;645;1987;"United Kingdom";200;0;0;0;0;0;0;0;0;0;0;0
Iraq;645;1987;"United States of America";2;1;1;1;0;0;0;0;1;0;0;0
Iraq;645;1988;Austria;305;0;0;0;0;0;0;0;0;0;0;0
Iraq;645;1988;France;220;0;0;0;0;0;0;0;0;0;0;0
Iraq;645;1988;Iran;630;2;2;2;2;1;1;1;1;1;1;0
Iraq;645;1988;Israel;666;1;0;0;0;0;1;1;1;0;0;0
Iraq;645;1988;Kuwait;690;0;0;0;0;0;0;0;0;0;0;0
Iraq;645;1988;Libya;620;0;0;0;0;0;0;0;0;0;0;0
Iraq;645;1988;"Saudi Arabia";670;0;0;0;0;0;0;0;0;0;0;0
Iraq;645;1988;Switzerland;225;0;0;0;0;0;0;0;0;0;0;0
Iraq;645;1988;Syria;652;2;2;2;2;0;0;0;0;0;0;0
Iraq;645;1988;Turkey;640;0;0;0;0;0;0;0;0;0;0;0
Iraq;645;1988;"United Kingdom";200;0;0;0;0;0;0;0;0;0;0;0
Iraq;645;1988;"United States of America";2;1;1;1;0;0;0;0;1;0;0;0
Iraq;645;1989;Austria;305;0;0;0;0;0;0;0;0;0;0;0
Iraq;645;1989;France;220;0;0;0;0;0;0;0;0;0;0;0
Iraq;645;1989;Iran;630;2;2;2;2;1;1;1;1;1;1;0
Iraq;645;1989;Israel;666;1;0;0;0;0;1;1;1;0;0;0
Iraq;645;1989;Kuwait;690;0;0;0;0;0;0;0;0;0;0;0
Iraq;645;1989;Libya;620;0;0;0;0;0;0;0;0;0;0;0
Iraq;645;1989;"Saudi Arabia";670;0;0;0;0;0;0;0;0;0;0;0
Iraq;645;1989;Switzerland;225;0;0;0;0;0;0;0;0;0;0;0
Iraq;645;1989;Syria;652;2;2;2;2;0;0;0;0;0;0;0
Iraq;645;1989;Turkey;640;0;0;0;0;0;0;0;0;0;0;0
Iraq;645;1989;"United Kingdom";200;0;0;0;0;0;0;0;0;0;0;0
Iraq;645;1989;"United States of America";2;1;1;1;0;0;0;0;1;0;0;0
Iraq;645;1990;Austria;305;0;0;0;0;0;0;0;0;0;0;0
Iraq;645;1990;France;220;0;0;0;0;0;0;0;0;0;0;0
Iraq;645;1990;Iran;630;2;2;2;2;1;1;1;1;1;1;0
Iraq;645;1990;Israel;666;1;0;0;0;0;1;1;1;0;0;0
Iraq;645;1990;Kuwait;690;0;0;0;0;0;0;0;0;0;0;0
Iraq;645;1990;Libya;620;0;0;0;0;0;0;0;0;0;0;0
Iraq;645;1990;"Saudi Arabia";670;0;0;0;0;0;0;0;0;0;0;0
Iraq;645;1990;Switzerland;225;0;0;0;0;0;0;0;0;0;0;0
Iraq;645;1990;Syria;652;2;2;2;2;0;0;0;0;0;0;0
Iraq;645;1990;Turkey;640;0;0;0;0;0;0;0;0;0;0;0
Iraq;645;1990;"United Kingdom";200;0;0;0;0;0;0;0;0;0;0;0
Iraq;645;1990;"United States of America";2;1;1;1;0;0;0;0;1;0;0;0
Iraq;645;1991;Austria;305;0;0;0;0;0;0;0;0;0;0;0
Iraq;645;1991;France;220;0;0;0;0;0;0;0;0;0;0;0
Iraq;645;1991;Iran;630;2;2;2;2;1;1;1;1;1;1;0
Iraq;645;1991;Israel;666;1;0;0;0;0;1;1;1;0;0;0
Iraq;645;1991;Kuwait;690;0;0;0;0;0;0;0;0;0;0;0
Iraq;645;1991;Libya;620;0;0;0;0;0;0;0;0;0;0;0
Iraq;645;1991;"Saudi Arabia";670;0;0;0;0;0;0;0;0;0;0;0
Iraq;645;1991;Switzerland;225;0;0;0;0;0;0;0;0;0;0;0
Iraq;645;1991;Syria;652;2;2;2;2;0;0;0;0;0;0;0
Iraq;645;1991;Turkey;640;0;0;0;0;0;0;0;0;0;0;0
Iraq;645;1991;"United Kingdom";200;0;0;0;0;0;0;0;0;0;0;0
Iraq;645;1991;"United States of America";2;1;1;1;0;0;0;0;1;0;0;0
Iraq;645;1992;Austria;305;0;0;0;0;0;0;0;0;0;0;0
Iraq;645;1992;France;220;0;0;0;0;0;0;0;0;0;0;0
Iraq;645;1992;Iran;630;1;1;1;1;0;0;0;0;0;0;0
Iraq;645;1992;Kuwait;690;0;0;0;0;0;0;0;0;0;0;0
Iraq;645;1992;Libya;620;0;0;0;0;0;0;0;0;0;0;0
Iraq;645;1992;"Saudi Arabia";670;0;0;0;0;0;0;0;0;0;0;0
Iraq;645;1992;Switzerland;225;0;0;0;0;0;0;0;0;0;0;0
Iraq;645;1992;Syria;652;2;2;2;2;0;0;0;0;0;0;0
Iraq;645;1992;Turkey;640;0;0;0;0;0;0;0;0;0;0;0
Iraq;645;1992;"United Kingdom";200;0;0;0;0;0;0;0;0;0;0;0
Iraq;645;1993;Austria;305;0;0;0;0;0;0;0;0;0;0;0
Iraq;645;1993;France;220;0;0;0;0;0;0;0;0;0;0;0
Iraq;645;1993;Iran;630;1;1;1;1;0;0;0;0;0;0;0
Iraq;645;1993;Kuwait;690;0;0;0;0;0;0;0;0;0;0;0
Iraq;645;1993;Libya;620;0;0;0;0;0;0;0;0;0;0;0
Iraq;645;1993;"Saudi Arabia";670;0;0;0;0;0;0;0;0;0;0;0
Iraq;645;1993;Switzerland;225;0;0;0;0;0;0;0;0;0;0;0
Iraq;645;1993;Syria;652;2;2;2;2;0;0;0;0;0;0;0
Iraq;645;1993;Turkey;640;0;0;0;0;0;0;0;0;0;0;0
Iraq;645;1993;"United Kingdom";200;0;0;0;0;0;0;0;0;0;0;0
Iraq;645;1994;Austria;305;0;0;0;0;0;0;0;0;0;0;0
Iraq;645;1994;France;220;0;0;0;0;0;0;0;0;0;0;0
Iraq;645;1994;Iran;630;1;1;1;1;0;0;0;0;0;0;0
Iraq;645;1994;Kuwait;690;0;0;0;0;0;0;0;0;0;0;0
Iraq;645;1994;Libya;620;0;0;0;0;0;0;0;0;0;0;0
Iraq;645;1994;"Saudi Arabia";670;0;0;0;0;0;0;0;0;0;0;0
Iraq;645;1994;Switzerland;225;0;0;0;0;0;0;0;0;0;0;0
Iraq;645;1994;Syria;652;2;2;2;2;0;0;0;0;0;0;0
Iraq;645;1994;Turkey;640;1;0;0;0;0;0;0;0;0;1;0
Iraq;645;1994;"United Kingdom";200;0;0;0;0;0;0;0;0;0;0;0
Iraq;645;1995;Austria;305;0;0;0;0;0;0;0;0;0;0;0
Iraq;645;1995;France;220;0;0;0;0;0;0;0;0;0;0;0
Iraq;645;1995;Iran;630;1;1;1;1;0;0;0;0;0;0;0
Iraq;645;1995;Kuwait;690;0;0;0;0;0;0;0;0;0;0;0
Iraq;645;1995;Libya;620;0;0;0;0;0;0;0;0;0;0;0
Iraq;645;1995;"Saudi Arabia";670;0;0;0;0;0;0;0;0;0;0;0
Iraq;645;1995;Switzerland;225;0;0;0;0;0;0;0;0;0;0;0
Iraq;645;1995;Syria;652;2;2;2;2;0;0;0;0;0;0;0
Iraq;645;1995;Turkey;640;1;0;0;0;0;0;0;0;0;1;0
Iraq;645;1995;"United Kingdom";200;0;0;0;0;0;0;0;0;0;0;0
Iraq;645;1996;Austria;305;0;0;0;0;0;0;0;0;0;0;0
Iraq;645;1996;France;220;0;0;0;0;0;0;0;0;0;0;0
Iraq;645;1996;Iran;630;1;1;1;1;0;0;0;0;0;0;0
Iraq;645;1996;Kuwait;690;0;0;0;0;0;0;0;0;0;0;0
Iraq;645;1996;Libya;620;0;0;0;0;0;0;0;0;0;0;0
Iraq;645;1996;"Saudi Arabia";670;0;0;0;0;0;0;0;0;0;0;0
Iraq;645;1996;Switzerland;225;0;0;0;0;0;0;0;0;0;0;0
Iraq;645;1996;Syria;652;2;2;2;2;0;0;0;0;0;0;0
Iraq;645;1996;Turkey;640;0;0;0;0;0;0;0;0;0;0;0
Iraq;645;1996;"United Kingdom";200;0;0;0;0;0;0;0;0;0;0;0
Iraq;645;2001;Afghanistan;700;0;0;0;0;0;0;0;0;0;0;0
Iraq;645;2001;Germany;255;0;0;0;0;0;0;0;0;0;0;0
Iraq;645;2001;Iran;630;0;0;0;0;0;0;0;0;0;0;0
Iraq;645;2001;Jordan;663;0;0;0;0;0;0;0;0;0;0;0
Iraq;645;2001;Norway;385;0;0;0;0;0;0;0;0;0;0;0
Iraq;645;2001;"Saudi Arabia";670;0;0;0;0;0;0;0;0;0;0;0
Iraq;645;2001;Spain;230;0;0;0;0;0;0;0;0;0;0;0
Iraq;645;2002;Afghanistan;700;0;0;0;0;0;0;0;0;0;0;0
Iraq;645;2002;Germany;255;0;0;0;0;0;0;0;0;0;0;0
Iraq;645;2002;Iran;630;0;0;0;0;0;0;0;0;0;0;0
Iraq;645;2002;Jordan;663;0;0;0;0;0;0;0;0;0;0;0
Iraq;645;2002;Norway;385;0;0;0;0;0;0;0;0;0;0;0
Iraq;645;2002;"Saudi Arabia";670;0;0;0;0;0;0;0;0;0;0;0
Iraq;645;2002;Spain;230;0;0;0;0;0;0;0;0;0;0;0
Iraq;645;2003;Afghanistan;700;0;0;0;0;0;0;0;0;0;0;0
Iraq;645;2003;Germany;255;0;0;0;0;0;0;0;0;0;0;0
Iraq;645;2003;Iran;630;0;0;0;0;0;0;0;0;0;0;0
Iraq;645;2003;Jordan;663;0;0;0;0;0;0;0;0;0;0;0
Iraq;645;2003;Norway;385;0;0;0;0;0;0;0;0;0;0;0
Iraq;645;2003;"Saudi Arabia";670;0;0;0;0;0;0;0;0;0;0;0
Iraq;645;2003;Spain;230;0;0;0;0;0;0;0;0;0;0;0
Iraq;645;2004;Afghanistan;700;0;0;0;0;0;0;0;0;0;0;0
Iraq;645;2004;Germany;255;0;0;0;0;0;0;0;0;0;0;0
Iraq;645;2004;Iran;630;0;0;0;0;0;0;0;0;0;0;0
Iraq;645;2004;Jordan;663;0;0;0;0;0;0;0;0;0;0;0
Iraq;645;2004;Norway;385;0;0;0;0;0;0;0;0;0;0;0
Iraq;645;2004;"Saudi Arabia";670;0;0;0;0;0;0;0;0;0;0;0
Iraq;645;2004;Spain;230;0;0;0;0;0;0;0;0;0;0;0
Iraq;645;2005;Afghanistan;700;0;0;0;0;0;0;0;0;0;0;0
Iraq;645;2005;Germany;255;0;0;0;0;0;0;0;0;0;0;0
Iraq;645;2005;Iran;630;0;0;0;0;0;0;0;0;0;0;0
Iraq;645;2005;Jordan;663;0;0;0;0;0;0;0;0;0;0;0
Iraq;645;2005;Norway;385;0;0;0;0;0;0;0;0;0;0;0
Iraq;645;2005;"Saudi Arabia";670;0;0;0;0;0;0;0;0;0;0;0
Iraq;645;2005;Spain;230;0;0;0;0;0;0;0;0;0;0;0
Iraq;645;2006;Afghanistan;700;0;0;0;0;0;0;0;0;0;0;0
Iraq;645;2006;Germany;255;0;0;0;0;0;0;0;0;0;0;0
Iraq;645;2006;Iran;630;0;0;0;0;0;0;0;0;0;0;0
Iraq;645;2006;Jordan;663;0;0;0;0;0;0;0;0;0;0;0
Iraq;645;2006;Lebanon;660;0;0;0;0;0;0;0;0;0;0;0
Iraq;645;2006;Norway;385;0;0;0;0;0;0;0;0;0;0;0
Iraq;645;2006;Qatar;694;0;0;0;0;0;0;0;0;0;0;0
Iraq;645;2006;"Saudi Arabia";670;0;0;0;0;0;0;0;0;0;0;0
Iraq;645;2006;Spain;230;0;0;0;0;0;0;0;0;0;0;0
Iraq;645;2006;Syria;652;0;0;0;0;0;0;0;0;0;0;0
Iraq;645;2006;Turkey;640;0;0;0;0;0;0;0;0;0;0;0
Iraq;645;2007;Afghanistan;700;0;0;0;0;0;0;0;0;0;0;0
Iraq;645;2007;Germany;255;0;0;0;0;0;0;0;0;0;0;0
Iraq;645;2007;Iran;630;0;0;0;0;0;0;0;0;0;0;0
Iraq;645;2007;Jordan;663;0;0;0;0;0;0;0;0;0;0;0
Iraq;645;2007;Lebanon;660;0;0;0;0;0;0;0;0;0;0;0
Iraq;645;2007;Norway;385;0;0;0;0;0;0;0;0;0;0;0
Iraq;645;2007;Qatar;694;0;0;0;0;0;0;0;0;0;0;0
Iraq;645;2007;"Saudi Arabia";670;0;0;0;0;0;0;0;0;0;0;0
Iraq;645;2007;Spain;230;0;0;0;0;0;0;0;0;0;0;0
Iraq;645;2007;Syria;652;0;0;0;0;0;0;0;0;0;0;0
Iraq;645;2007;Turkey;640;0;0;0;0;0;0;0;0;0;0;0
Iraq;645;2008;Afghanistan;700;0;0;0;0;0;0;0;0;0;0;0
Iraq;645;2008;Germany;255;0;0;0;0;0;0;0;0;0;0;0
Iraq;645;2008;Iran;630;0;0;0;0;0;0;0;0;0;0;0
Iraq;645;2008;Jordan;663;0;0;0;0;0;0;0;0;0;0;0
Iraq;645;2008;Lebanon;660;0;0;0;0;0;0;0;0;0;0;0
Iraq;645;2008;Norway;385;0;0;0;0;0;0;0;0;0;0;0
Iraq;645;2008;Qatar;694;0;0;0;0;0;0;0;0;0;0;0
Iraq;645;2008;"Saudi Arabia";670;0;0;0;0;0;0;0;0;0;0;0
Iraq;645;2008;Spain;230;0;0;0;0;0;0;0;0;0;0;0
Iraq;645;2008;Syria;652;0;0;0;0;0;0;0;0;0;0;0
Iraq;645;2008;Turkey;640;0;0;0;0;0;0;0;0;0;0;0
Iraq;645;2009;Afghanistan;700;0;0;0;0;0;0;0;0;0;0;0
Iraq;645;2009;Germany;255;0;0;0;0;0;0;0;0;0;0;0
Iraq;645;2009;Iran;630;0;0;0;0;0;0;0;0;0;0;0
Iraq;645;2009;Jordan;663;0;0;0;0;0;0;0;0;0;0;0
Iraq;645;2009;Lebanon;660;0;0;0;0;0;0;0;0;0;0;0
Iraq;645;2009;Norway;385;0;0;0;0;0;0;0;0;0;0;0
Iraq;645;2009;Qatar;694;0;0;0;0;0;0;0;0;0;0;0
Iraq;645;2009;"Saudi Arabia";670;0;0;0;0;0;0;0;0;0;0;0
Iraq;645;2009;Spain;230;0;0;0;0;0;0;0;0;0;0;0
Iraq;645;2009;Syria;652;0;0;0;0;0;0;0;0;0;0;0
Iraq;645;2009;Turkey;640;0;0;0;0;0;0;0;0;0;0;0
Iraq;645;2010;Afghanistan;700;0;0;0;0;0;0;0;0;0;0;0
Iraq;645;2010;Germany;255;0;0;0;0;0;0;0;0;0;0;0
Iraq;645;2010;Iran;630;0;0;0;0;0;0;0;0;0;0;0
Iraq;645;2010;Jordan;663;0;0;0;0;0;0;0;0;0;0;0
Iraq;645;2010;Lebanon;660;0;0;0;0;0;0;0;0;0;0;0
Iraq;645;2010;Norway;385;0;0;0;0;0;0;0;0;0;0;0
Iraq;645;2010;Qatar;694;0;0;0;0;0;0;0;0;0;0;0
Iraq;645;2010;"Saudi Arabia";670;0;0;0;0;0;0;0;0;0;0;0
Iraq;645;2010;Spain;230;0;0;0;0;0;0;0;0;0;0;0
Iraq;645;2010;Syria;652;0;0;0;0;0;0;0;0;0;0;0
Iraq;645;2010;Turkey;640;0;0;0;0;0;0;0;0;0;0;0
Israel;666;1959;China;710;0;0;0;0;0;0;0;0;0;0;0
Israel;666;1959;Iraq;645;0;0;0;0;0;0;0;0;0;0;0
Israel;666;1959;Italy;325;0;0;0;0;0;0;0;0;0;0;0
Israel;666;1959;Jordan;663;1;1;1;0;1;0;0;0;0;0;0
Israel;666;1959;Lebanon;660;0;0;0;0;0;0;0;0;0;0;0
Israel;666;1959;"Soviet Union/Russia";365;0;0;0;0;0;0;0;0;0;0;0
Israel;666;1959;Sudan;625;0;0;0;0;0;0;0;0;0;0;0
Israel;666;1959;Syria;652;0;0;0;0;0;0;0;0;0;0;0
Israel;666;1959;Tunisia;616;0;0;0;0;0;0;0;0;0;0;0
Israel;666;1959;Turkey;640;0;0;0;0;0;0;0;0;0;0;0
Israel;666;1960;China;710;0;0;0;0;0;0;0;0;0;0;0
Israel;666;1960;Iraq;645;0;0;0;0;0;0;0;0;0;0;0
Israel;666;1960;Italy;325;0;0;0;0;0;0;0;0;0;0;0
Israel;666;1960;Jordan;663;1;1;1;0;1;0;0;0;0;0;0
Israel;666;1960;Lebanon;660;0;0;0;0;0;0;0;0;0;0;0
Israel;666;1960;"Soviet Union/Russia";365;0;0;0;0;0;0;0;0;0;0;0
Israel;666;1960;Sudan;625;0;0;0;0;0;0;0;0;0;0;0
Israel;666;1960;Syria;652;0;0;0;0;0;0;0;0;0;0;0
Israel;666;1960;Tunisia;616;0;0;0;0;0;0;0;0;0;0;0
Israel;666;1960;Turkey;640;0;0;0;0;0;0;0;0;0;0;0
Israel;666;1961;China;710;0;0;0;0;0;0;0;0;0;0;0
Israel;666;1961;Iraq;645;0;0;0;0;0;0;0;0;0;0;0
Israel;666;1961;Italy;325;0;0;0;0;0;0;0;0;0;0;0
Israel;666;1961;Jordan;663;1;1;1;0;1;0;0;0;0;0;0
Israel;666;1961;Lebanon;660;0;0;0;0;0;0;0;0;0;0;0
Israel;666;1961;"Soviet Union/Russia";365;0;0;0;0;0;0;0;0;0;0;0
Israel;666;1961;Sudan;625;0;0;0;0;0;0;0;0;0;0;0
Israel;666;1961;Syria;652;0;0;0;0;0;0;0;0;0;0;0
Israel;666;1961;Tunisia;616;0;0;0;0;0;0;0;0;0;0;0
Israel;666;1961;Turkey;640;0;0;0;0;0;0;0;0;0;0;0
Israel;666;1962;China;710;0;0;0;0;0;0;0;0;0;0;0
Israel;666;1962;Iraq;645;0;0;0;0;0;0;0;0;0;0;0
Israel;666;1962;Italy;325;0;0;0;0;0;0;0;0;0;0;0
Israel;666;1962;Jordan;663;1;1;1;0;1;0;0;0;0;0;0
Israel;666;1962;Lebanon;660;0;0;0;0;0;0;0;0;0;0;0
Israel;666;1962;"Soviet Union/Russia";365;0;0;0;0;0;0;0;0;0;0;0
Israel;666;1962;Sudan;625;0;0;0;0;0;0;0;0;0;0;0
Israel;666;1962;Syria;652;0;0;0;0;0;0;0;0;0;0;0
Israel;666;1962;Tunisia;616;0;0;0;0;0;0;0;0;0;0;0
Israel;666;1962;Turkey;640;0;0;0;0;0;0;0;0;0;0;0
Israel;666;1963;China;710;0;0;0;0;0;0;0;0;0;0;0
Israel;666;1963;Iraq;645;0;0;0;0;0;0;0;0;0;0;0
Israel;666;1963;Italy;325;0;0;0;0;0;0;0;0;0;0;0
Israel;666;1963;Jordan;663;1;1;1;0;1;0;0;0;0;0;0
Israel;666;1963;Lebanon;660;0;0;0;0;0;0;0;0;0;0;0
Israel;666;1963;"Soviet Union/Russia";365;0;0;0;0;0;0;0;0;0;0;0
Israel;666;1963;Sudan;625;0;0;0;0;0;0;0;0;0;0;0
Israel;666;1963;Syria;652;0;0;0;0;0;0;0;0;0;0;0
Israel;666;1963;Tunisia;616;0;0;0;0;0;0;0;0;0;0;0
Israel;666;1963;Turkey;640;0;0;0;0;0;0;0;0;0;0;0
Israel;666;1964;China;710;0;0;0;0;0;0;0;0;0;0;0
Israel;666;1964;Iraq;645;0;0;0;0;0;0;0;0;0;0;0
Israel;666;1964;Italy;325;0;0;0;0;0;0;0;0;0;0;0
Israel;666;1964;Jordan;663;1;1;1;0;1;0;0;0;0;0;0
Israel;666;1964;Lebanon;660;0;0;0;0;0;0;0;0;0;0;0
Israel;666;1964;"Soviet Union/Russia";365;0;0;0;0;0;0;0;0;0;0;0
Israel;666;1964;Sudan;625;0;0;0;0;0;0;0;0;0;0;0
Israel;666;1964;Syria;652;0;0;0;0;0;0;0;0;0;0;0
Israel;666;1964;Tunisia;616;0;0;0;0;0;0;0;0;0;0;0
Israel;666;1964;Turkey;640;0;0;0;0;0;0;0;0;0;0;0
Israel;666;1965;China;710;1;0;0;0;0;0;1;0;0;0;0
Israel;666;1965;Iraq;645;0;0;0;0;0;0;0;0;0;0;0
Israel;666;1965;Italy;325;0;0;0;0;0;0;0;0;0;0;0
Israel;666;1965;Jordan;663;1;1;1;0;1;0;0;0;0;0;0
Israel;666;1965;Lebanon;660;0;0;0;0;0;0;0;0;0;0;0
Israel;666;1965;"Soviet Union/Russia";365;0;0;0;0;0;0;0;0;0;0;0
Israel;666;1965;Sudan;625;0;0;0;0;0;0;0;0;0;0;0
Israel;666;1965;Syria;652;1;1;1;0;0;0;0;0;0;0;0
Israel;666;1965;Tunisia;616;0;0;0;0;0;0;0;0;0;0;0
Israel;666;1965;Turkey;640;0;0;0;0;0;0;0;0;0;0;0
Israel;666;1966;China;710;1;0;0;0;0;0;1;0;0;0;0
Israel;666;1966;Iraq;645;0;0;0;0;0;0;0;0;0;0;0
Israel;666;1966;Italy;325;0;0;0;0;0;0;0;0;0;0;0
Israel;666;1966;Jordan;663;1;1;1;0;1;0;0;0;0;0;0
Israel;666;1966;Lebanon;660;0;0;0;0;0;0;0;0;0;0;0
Israel;666;1966;"Soviet Union/Russia";365;0;0;0;0;0;0;0;0;0;0;0
Israel;666;1966;Sudan;625;0;0;0;0;0;0;0;0;0;0;0
Israel;666;1966;Syria;652;1;1;1;0;0;0;0;0;0;0;0
Israel;666;1966;Tunisia;616;0;0;0;0;0;0;0;0;0;0;0
Israel;666;1966;Turkey;640;0;0;0;0;0;0;0;0;0;0;0
Israel;666;1967;Algeria;615;0;0;0;0;0;0;0;0;0;0;0
Israel;666;1967;China;710;1;0;0;0;0;0;1;0;0;0;0
Israel;666;1967;Egypt;651;1;0;0;0;0;0;0;0;0;1;0
Israel;666;1967;Iraq;645;2;1;1;1;0;0;0;0;1;0;0
Israel;666;1967;Italy;325;0;0;0;0;0;0;0;0;0;0;0
Israel;666;1967;Jordan;663;1;1;1;0;1;0;0;0;0;0;0
Israel;666;1967;Lebanon;660;0;0;0;0;0;0;0;0;0;0;0
Israel;666;1967;Libya;620;1;0;0;0;1;0;1;0;0;0;0
Israel;666;1967;"Soviet Union/Russia";365;1;0;0;0;1;1;1;0;0;0;0
Israel;666;1967;Sudan;625;1;0;1;1;0;0;0;0;0;0;0
Israel;666;1967;Syria;652;2;2;2;2;1;1;0;0;1;0;0
Israel;666;1967;Tunisia;616;0;0;0;0;0;0;0;0;0;0;0
Israel;666;1967;Turkey;640;0;0;0;0;0;0;0;0;0;0;0
Israel;666;1967;"Yemen People's Republic";680;0;0;0;0;0;0;0;0;0;0;0
Israel;666;1968;Algeria;615;0;0;0;0;0;0;0;0;0;0;0
Israel;666;1968;China;710;1;0;0;0;0;0;1;0;0;0;0
Israel;666;1968;Egypt;651;1;0;0;0;0;0;0;0;0;1;0
Israel;666;1968;Iran;630;0;0;0;0;0;0;0;0;0;0;0
Israel;666;1968;Iraq;645;2;1;1;1;0;0;0;0;1;0;0
Israel;666;1968;Italy;325;0;0;0;0;0;0;0;0;0;0;0
Israel;666;1968;Jordan;663;1;1;1;0;1;0;0;0;0;0;0
Israel;666;1968;Lebanon;660;0;0;0;0;0;0;0;0;0;0;0
Israel;666;1968;Libya;620;1;0;0;0;1;0;1;0;0;0;0
Israel;666;1968;"Soviet Union/Russia";365;1;0;0;0;1;1;1;0;0;0;0
Israel;666;1968;Sudan;625;1;0;1;1;0;0;0;0;0;0;0
Israel;666;1968;Syria;652;3;3;2;3;1;2;1;1;1;0;0
Israel;666;1968;Tunisia;616;0;0;0;0;0;0;0;0;0;0;0
Israel;666;1968;Turkey;640;0;0;0;0;0;0;0;0;0;0;0
Israel;666;1968;"Yemen People's Republic";680;0;0;0;0;0;0;0;0;0;0;0
Israel;666;1969;Algeria;615;0;0;0;0;0;0;0;0;0;0;0
Israel;666;1969;China;710;1;0;0;0;0;0;1;0;0;0;0
Israel;666;1969;Egypt;651;1;0;0;0;0;0;0;0;0;1;0
Israel;666;1969;Iran;630;0;0;0;0;0;0;0;0;0;0;0
Israel;666;1969;Iraq;645;2;1;1;1;0;0;0;0;1;0;0
Israel;666;1969;Italy;325;0;0;0;0;0;0;0;0;0;0;0
Israel;666;1969;Jordan;663;2;1;1;0;2;0;0;0;0;0;0
Israel;666;1969;Lebanon;660;0;0;0;0;0;0;0;0;0;0;0
Israel;666;1969;Libya;620;1;0;0;0;1;0;1;0;0;0;0
Israel;666;1969;"Soviet Union/Russia";365;1;0;0;0;1;1;1;0;0;0;0
Israel;666;1969;Sudan;625;1;0;1;1;0;0;0;0;0;0;0
Israel;666;1969;Syria;652;3;3;2;3;1;2;1;1;1;0;0
Israel;666;1969;Tunisia;616;0;0;0;0;0;0;0;0;0;0;0
Israel;666;1969;Turkey;640;0;0;0;0;0;0;0;0;0;0;0
Israel;666;1969;"Yemen People's Republic";680;0;0;0;0;0;0;0;0;0;0;0
Israel;666;1970;Algeria;615;0;0;0;0;0;0;0;0;0;0;0
Israel;666;1970;China;710;1;0;0;0;0;0;1;0;0;0;0
Israel;666;1970;Egypt;651;1;0;0;0;0;0;0;0;0;1;0
Israel;666;1970;Iran;630;0;0;0;0;0;0;0;0;0;0;0
Israel;666;1970;Iraq;645;2;1;1;1;0;0;0;0;1;0;0
Israel;666;1970;Italy;325;0;0;0;0;0;0;0;0;0;0;0
Israel;666;1970;Jordan;663;2;1;1;0;2;0;0;0;0;0;0
Israel;666;1970;Lebanon;660;1;1;1;1;1;0;0;0;0;0;0
Israel;666;1970;Libya;620;1;0;0;0;1;0;1;0;0;0;0
Israel;666;1970;"Soviet Union/Russia";365;1;0;0;0;1;1;1;0;0;0;0
Israel;666;1970;Sudan;625;1;0;1;1;0;0;0;0;0;0;0
Israel;666;1970;Syria;652;3;3;2;3;1;2;1;1;1;0;0
Israel;666;1970;Tunisia;616;0;0;0;0;0;0;0;0;0;0;0
Israel;666;1970;Turkey;640;0;0;0;0;0;0;0;0;0;0;0
Israel;666;1970;"Yemen People's Republic";680;0;0;0;0;0;0;0;0;0;0;0
Israel;666;1971;Algeria;615;0;0;0;0;0;0;0;0;0;0;0
Israel;666;1971;China;710;1;0;0;0;0;0;1;0;0;0;0
Israel;666;1971;Egypt;651;1;0;0;0;0;0;0;0;0;1;0
Israel;666;1971;Iran;630;0;0;0;0;0;0;0;0;0;0;0
Israel;666;1971;Iraq;645;2;1;1;1;0;0;0;0;1;0;0
Israel;666;1971;Italy;325;0;0;0;0;0;0;0;0;0;0;0
Israel;666;1971;Jordan;663;1;0;0;0;1;0;0;0;0;0;0
Israel;666;1971;Lebanon;660;1;1;1;1;1;0;0;0;0;0;0
Israel;666;1971;Libya;620;1;0;0;0;1;0;1;0;0;0;0
Israel;666;1971;"Soviet Union/Russia";365;1;0;0;0;1;1;1;0;0;0;0
Israel;666;1971;Sudan;625;1;0;1;1;0;0;0;0;0;0;0
Israel;666;1971;Syria;652;3;3;2;3;1;2;1;1;1;0;0
Israel;666;1971;Tunisia;616;0;0;0;0;0;0;0;0;0;0;0
Israel;666;1971;Turkey;640;0;0;0;0;0;0;0;0;0;0;0
Israel;666;1971;"Yemen People's Republic";680;0;0;0;0;0;0;0;0;0;0;0
Israel;666;1972;Algeria;615;0;0;0;0;0;0;0;0;0;0;0
Israel;666;1972;China;710;1;0;0;0;0;0;1;0;0;0;0
Israel;666;1972;Egypt;651;1;0;0;0;0;0;0;0;0;1;0
Israel;666;1972;Iran;630;0;0;0;0;0;0;0;0;0;0;0
Israel;666;1972;Iraq;645;2;1;1;1;0;0;0;0;1;0;0
Israel;666;1972;Italy;325;0;0;0;0;0;0;0;0;0;0;0
Israel;666;1972;Jordan;663;1;0;0;0;1;0;0;0;0;0;0
Israel;666;1972;Lebanon;660;1;1;1;1;1;0;0;0;0;0;0
Israel;666;1972;Libya;620;1;0;0;0;1;0;1;0;0;0;0
Israel;666;1972;"Soviet Union/Russia";365;2;0;0;0;1;1;2;0;0;0;0
Israel;666;1972;Sudan;625;1;0;1;1;0;0;0;0;0;0;0
Israel;666;1972;Syria;652;3;3;2;3;1;2;1;1;1;0;0
Israel;666;1972;Tunisia;616;0;0;0;0;0;0;0;0;0;0;0
Israel;666;1972;Turkey;640;0;0;0;0;0;0;0;0;0;0;0
Israel;666;1972;"Yemen People's Republic";680;0;0;0;0;0;0;0;0;0;0;0
Israel;666;1973;Algeria;615;0;0;0;0;0;0;0;0;0;0;0
Israel;666;1973;China;710;1;0;0;0;0;0;1;0;0;0;0
Israel;666;1973;Egypt;651;1;0;0;0;0;0;0;0;0;1;0
Israel;666;1973;Iran;630;0;0;0;0;0;0;0;0;0;0;0
Israel;666;1973;Iraq;645;2;1;1;1;0;0;0;0;1;0;0
Israel;666;1973;Italy;325;0;0;0;0;0;0;0;0;0;0;0
Israel;666;1973;Jordan;663;0;0;0;0;0;0;0;0;0;0;0
Israel;666;1973;Lebanon;660;1;1;1;1;1;0;0;0;0;0;0
Israel;666;1973;Libya;620;1;0;0;0;1;0;1;0;0;0;0
Israel;666;1973;"Soviet Union/Russia";365;1;0;0;0;1;1;1;0;0;0;0
Israel;666;1973;Sudan;625;1;0;1;1;0;0;0;0;0;0;0
Israel;666;1973;Syria;652;3;3;2;3;1;2;1;1;1;0;0
Israel;666;1973;Tunisia;616;0;0;0;0;0;0;0;0;0;0;0
Israel;666;1973;Turkey;640;0;0;0;0;0;0;0;0;0;0;0
Israel;666;1973;"Yemen People's Republic";680;0;0;0;0;0;0;0;0;0;0;0
Israel;666;1974;Algeria;615;0;0;0;0;0;0;0;0;0;0;0
Israel;666;1974;China;710;1;0;0;0;0;0;1;0;0;0;0
Israel;666;1974;Egypt;651;1;0;0;0;0;0;0;0;0;1;0
Israel;666;1974;Iran;630;0;0;0;0;0;0;0;0;0;0;0
Israel;666;1974;Iraq;645;2;1;1;1;0;0;0;0;1;0;0
Israel;666;1974;Italy;325;0;0;0;0;0;0;0;0;0;0;0
Israel;666;1974;Jordan;663;0;0;0;0;0;0;0;0;0;0;0
Israel;666;1974;Lebanon;660;1;1;1;1;1;0;0;0;0;0;0
Israel;666;1974;Libya;620;1;0;0;0;1;0;1;0;0;0;0
Israel;666;1974;"Soviet Union/Russia";365;1;0;0;0;1;1;1;0;0;0;0
Israel;666;1974;Sudan;625;0;0;0;0;0;0;0;0;0;0;0
Israel;666;1974;Syria;652;2;2;1;2;0;1;1;1;0;0;0
Israel;666;1974;Tunisia;616;0;0;0;0;0;0;0;0;0;0;0
Israel;666;1974;Turkey;640;0;0;0;0;0;0;0;0;0;0;0
Israel;666;1974;"Yemen People's Republic";680;0;0;0;0;0;0;0;0;0;0;0
Israel;666;1975;Algeria;615;0;0;0;0;0;0;0;0;0;0;0
Israel;666;1975;China;710;1;0;0;0;0;0;1;0;0;0;0
Israel;666;1975;Egypt;651;1;0;0;0;0;0;0;0;0;1;0
Israel;666;1975;Iran;630;0;0;0;0;0;0;0;0;0;0;0
Israel;666;1975;Iraq;645;2;1;1;1;0;0;0;0;1;0;0
Israel;666;1975;Italy;325;0;0;0;0;0;0;0;0;0;0;0
Israel;666;1975;Jordan;663;0;0;0;0;0;0;0;0;0;0;0
Israel;666;1975;Lebanon;660;1;1;1;1;1;0;0;0;0;0;0
Israel;666;1975;Libya;620;1;0;0;0;1;0;1;0;0;0;0
Israel;666;1975;"Soviet Union/Russia";365;1;0;0;0;1;1;1;0;0;0;0
Israel;666;1975;Sudan;625;0;0;0;0;0;0;0;0;0;0;0
Israel;666;1975;Syria;652;2;2;1;2;0;1;1;1;0;0;0
Israel;666;1975;Tunisia;616;0;0;0;0;0;0;0;0;0;0;0
Israel;666;1975;Turkey;640;0;0;0;0;0;0;0;0;0;0;0
Israel;666;1975;"Yemen People's Republic";680;0;0;0;0;0;0;0;0;0;0;0
Israel;666;1976;Algeria;615;0;0;0;0;0;0;0;0;0;0;0
Israel;666;1976;China;710;1;0;0;0;0;0;1;0;0;0;0
Israel;666;1976;Egypt;651;1;0;0;0;0;0;0;0;0;1;0
Israel;666;1976;Iran;630;0;0;0;0;0;0;0;0;0;0;0
Israel;666;1976;Iraq;645;2;1;1;1;0;0;0;0;1;0;0
Israel;666;1976;Italy;325;0;0;0;0;0;0;0;0;0;0;0
Israel;666;1976;Jordan;663;0;0;0;0;0;0;0;0;0;0;0
Israel;666;1976;Lebanon;660;0;0;0;0;0;0;0;0;0;0;0
Israel;666;1976;Libya;620;1;0;0;0;1;0;1;0;0;0;0
Israel;666;1976;"Soviet Union/Russia";365;2;0;0;0;1;1;2;0;0;0;0
Israel;666;1976;Sudan;625;0;0;0;0;0;0;0;0;0;0;0
Israel;666;1976;Syria;652;2;2;1;2;0;1;1;1;0;0;0
Israel;666;1976;Tunisia;616;0;0;0;0;0;0;0;0;0;0;0
Israel;666;1976;Turkey;640;0;0;0;0;0;0;0;0;0;0;0
Israel;666;1976;"Yemen People's Republic";680;0;0;0;0;0;0;0;0;0;0;0
Israel;666;1977;Algeria;615;0;0;0;0;0;0;0;0;0;0;0
Israel;666;1977;China;710;0;0;0;0;0;0;0;0;0;0;0
Israel;666;1977;Egypt;651;1;0;0;0;0;0;0;0;0;1;0
Israel;666;1977;Iran;630;0;0;0;0;0;0;0;0;0;0;0
Israel;666;1977;Iraq;645;2;1;1;1;0;0;0;0;1;0;0
Israel;666;1977;Italy;325;0;0;0;0;0;0;0;0;0;0;0
Israel;666;1977;Jordan;663;0;0;0;0;0;0;0;0;0;0;0
Israel;666;1977;Lebanon;660;0;0;0;0;0;0;0;0;0;0;0
Israel;666;1977;Libya;620;1;0;0;0;1;0;1;0;0;0;0
Israel;666;1977;"Soviet Union/Russia";365;1;0;0;0;1;1;1;0;0;0;0
Israel;666;1977;Sudan;625;0;0;0;0;0;0;0;0;0;0;0
Israel;666;1977;Syria;652;2;2;1;2;0;1;1;1;0;0;0
Israel;666;1977;Tunisia;616;0;0;0;0;0;0;0;0;0;0;0
Israel;666;1977;Turkey;640;0;0;0;0;0;0;0;0;0;0;0
Israel;666;1977;"Yemen People's Republic";680;0;0;0;0;0;0;0;0;0;0;0
Israel;666;1978;Algeria;615;0;0;0;0;0;0;0;0;0;0;0
Israel;666;1978;China;710;0;0;0;0;0;0;0;0;0;0;0
Israel;666;1978;Egypt;651;1;0;0;0;0;0;0;0;0;1;0
Israel;666;1978;Iran;630;0;0;0;0;0;0;0;0;0;0;0
Israel;666;1978;Iraq;645;2;1;1;1;0;0;0;0;1;0;0
Israel;666;1978;Italy;325;0;0;0;0;0;0;0;0;0;0;0
Israel;666;1978;Jordan;663;0;0;0;0;0;0;0;0;0;0;0
Israel;666;1978;Lebanon;660;0;0;0;0;0;0;0;0;0;0;0
Israel;666;1978;Libya;620;1;0;0;0;1;0;1;0;0;0;0
Israel;666;1978;"Soviet Union/Russia";365;1;0;0;0;1;1;1;0;0;0;0
Israel;666;1978;Sudan;625;0;0;0;0;0;0;0;0;0;0;0
Israel;666;1978;Syria;652;2;2;1;2;0;1;1;1;0;0;0
Israel;666;1978;Tunisia;616;0;0;0;0;0;0;0;0;0;0;0
Israel;666;1978;Turkey;640;0;0;0;0;0;0;0;0;0;0;0
Israel;666;1978;"Yemen People's Republic";680;0;0;0;0;0;0;0;0;0;0;0
Israel;666;1979;Algeria;615;0;0;0;0;0;0;0;0;0;0;0
Israel;666;1979;China;710;0;0;0;0;0;0;0;0;0;0;0
Israel;666;1979;Egypt;651;1;0;0;0;0;0;0;0;0;1;0
Israel;666;1979;Iran;630;0;0;0;0;0;0;0;0;0;0;0
Israel;666;1979;Iraq;645;2;1;1;1;0;0;0;0;1;0;0
Israel;666;1979;Italy;325;0;0;0;0;0;0;0;0;0;0;0
Israel;666;1979;Jordan;663;0;0;0;0;0;0;0;0;0;0;0
Israel;666;1979;Lebanon;660;0;0;0;0;0;0;0;0;0;0;0
Israel;666;1979;Libya;620;1;0;0;0;1;0;1;0;0;0;0
Israel;666;1979;"Soviet Union/Russia";365;1;0;0;0;1;1;1;0;0;0;0
Israel;666;1979;Sudan;625;0;0;0;0;0;0;0;0;0;0;0
Israel;666;1979;Syria;652;2;2;1;2;0;1;1;1;0;0;0
Israel;666;1979;Tunisia;616;0;0;0;0;0;0;0;0;0;0;0
Israel;666;1979;Turkey;640;0;0;0;0;0;0;0;0;0;0;0
Israel;666;1979;"United States of America";2;0;0;0;0;0;0;0;0;0;0;0
Israel;666;1979;"Yemen People's Republic";680;0;0;0;0;0;0;0;0;0;0;0
Israel;666;1980;Algeria;615;0;0;0;0;0;0;0;0;0;0;0
Israel;666;1980;China;710;0;0;0;0;0;0;0;0;0;0;0
Israel;666;1980;Egypt;651;1;0;0;0;0;0;0;0;0;1;0
Israel;666;1980;Iran;630;0;0;0;0;0;0;0;0;0;0;0
Israel;666;1980;Iraq;645;2;1;1;1;0;0;0;0;1;0;0
Israel;666;1980;Italy;325;0;0;0;0;0;0;0;0;0;0;0
Israel;666;1980;Jordan;663;0;0;0;0;0;0;0;0;0;0;0
Israel;666;1980;Lebanon;660;0;0;0;0;0;0;0;0;0;0;0
Israel;666;1980;Libya;620;1;0;0;0;1;0;1;0;0;0;0
Israel;666;1980;"Soviet Union/Russia";365;1;0;0;0;1;1;1;0;0;0;0
Israel;666;1980;Sudan;625;0;0;0;0;0;0;0;0;0;0;0
Israel;666;1980;Syria;652;2;2;1;2;0;1;1;1;0;0;0
Israel;666;1980;Tunisia;616;0;0;0;0;0;0;0;0;0;0;0
Israel;666;1980;Turkey;640;0;0;0;0;0;0;0;0;0;0;0
Israel;666;1980;"United States of America";2;0;0;0;0;0;0;0;0;0;0;0
Israel;666;1980;"Yemen People's Republic";680;0;0;0;0;0;0;0;0;0;0;0
Israel;666;1981;Algeria;615;0;0;0;0;0;0;0;0;0;0;0
Israel;666;1981;China;710;0;0;0;0;0;0;0;0;0;0;0
Israel;666;1981;Egypt;651;1;0;0;0;0;0;0;0;0;1;0
Israel;666;1981;Iran;630;0;0;0;0;0;0;0;0;0;0;0
Israel;666;1981;Iraq;645;2;1;1;1;0;0;0;0;1;0;0
Israel;666;1981;Italy;325;0;0;0;0;0;0;0;0;0;0;0
Israel;666;1981;Jordan;663;0;0;0;0;0;0;0;0;0;0;0
Israel;666;1981;Lebanon;660;0;0;0;0;0;0;0;0;0;0;0
Israel;666;1981;Libya;620;1;0;0;0;1;0;1;0;0;0;0
Israel;666;1981;"Soviet Union/Russia";365;1;0;0;0;1;1;1;0;0;0;0
Israel;666;1981;Sudan;625;0;0;0;0;0;0;0;0;0;0;0
Israel;666;1981;Syria;652;2;2;1;2;0;0;1;1;0;0;0
Israel;666;1981;Tunisia;616;0;0;0;0;0;0;0;0;0;0;0
Israel;666;1981;Turkey;640;0;0;0;0;0;0;0;0;0;0;0
Israel;666;1981;"United States of America";2;0;0;0;0;0;0;0;0;0;0;0
Israel;666;1981;"Yemen People's Republic";680;0;0;0;0;0;0;0;0;0;0;0
Israel;666;1982;Algeria;615;0;0;0;0;0;0;0;0;0;0;0
Israel;666;1982;China;710;0;0;0;0;0;0;0;0;0;0;0
Israel;666;1982;Egypt;651;1;0;0;0;0;0;0;0;0;1;0
Israel;666;1982;Iran;630;1;0;0;0;0;0;1;1;0;0;0
Israel;666;1982;Iraq;645;2;1;1;1;0;0;0;0;1;0;0
Israel;666;1982;Italy;325;0;0;0;0;0;0;0;0;0;0;0
Israel;666;1982;Jordan;663;0;0;0;0;0;0;0;0;0;0;0
Israel;666;1982;Lebanon;660;0;0;0;0;0;0;0;0;0;0;0
Israel;666;1982;Libya;620;1;0;0;0;1;0;1;0;0;0;0
Israel;666;1982;"Soviet Union/Russia";365;1;0;0;0;1;1;1;0;0;0;0
Israel;666;1982;Sudan;625;0;0;0;0;0;0;0;0;0;0;0
Israel;666;1982;Syria;652;2;2;1;2;0;0;1;1;0;0;0
Israel;666;1982;Tunisia;616;1;1;1;1;1;0;0;0;0;0;0
Israel;666;1982;Turkey;640;0;0;0;0;0;0;0;0;0;0;0
Israel;666;1982;"United States of America";2;0;0;0;0;0;0;0;0;0;0;0
Israel;666;1982;"Yemen People's Republic";680;0;0;0;0;0;0;0;0;0;0;0
Israel;666;1983;Algeria;615;0;0;0;0;0;0;0;0;0;0;0
Israel;666;1983;China;710;0;0;0;0;0;0;0;0;0;0;0
Israel;666;1983;Egypt;651;1;0;0;0;0;0;0;0;0;1;0
Israel;666;1983;Iran;630;1;0;0;0;0;0;1;1;0;0;0
Israel;666;1983;Iraq;645;2;1;1;1;0;0;0;0;1;0;0
Israel;666;1983;Italy;325;0;0;0;0;0;0;0;0;0;0;0
Israel;666;1983;Jordan;663;0;0;0;0;0;0;0;0;0;0;0
Israel;666;1983;Lebanon;660;0;0;0;0;0;0;0;0;0;0;0
Israel;666;1983;Libya;620;1;0;0;0;1;0;1;0;0;0;0
Israel;666;1983;"Soviet Union/Russia";365;1;0;0;0;1;1;1;0;0;0;0
Israel;666;1983;Sudan;625;0;0;0;0;0;0;0;0;0;0;0
Israel;666;1983;Syria;652;2;2;1;2;0;0;1;1;0;0;0
Israel;666;1983;Tunisia;616;1;1;1;1;1;0;0;0;0;0;0
Israel;666;1983;Turkey;640;0;0;0;0;0;0;0;0;0;0;0
Israel;666;1983;"United States of America";2;0;0;0;0;0;0;0;0;0;0;0
Israel;666;1983;"Yemen People's Republic";680;0;0;0;0;0;0;0;0;0;0;0
Israel;666;1984;Algeria;615;0;0;0;0;0;0;0;0;0;0;0
Israel;666;1984;China;710;0;0;0;0;0;0;0;0;0;0;0
Israel;666;1984;Egypt;651;1;0;0;0;0;0;0;0;0;1;0
Israel;666;1984;Iran;630;1;0;0;0;0;0;1;1;0;0;0
Israel;666;1984;Iraq;645;2;1;1;1;0;0;0;0;1;0;0
Israel;666;1984;Italy;325;0;0;0;0;0;0;0;0;0;0;0
Israel;666;1984;Jordan;663;0;0;0;0;0;0;0;0;0;0;0
Israel;666;1984;Lebanon;660;0;0;0;0;0;0;0;0;0;0;0
Israel;666;1984;Libya;620;1;0;0;0;1;0;1;0;0;0;0
Israel;666;1984;"Soviet Union/Russia";365;1;0;0;0;1;1;1;0;0;0;0
Israel;666;1984;Sudan;625;0;0;0;0;0;0;0;0;0;0;0
Israel;666;1984;Syria;652;2;2;1;2;0;0;1;1;0;0;0
Israel;666;1984;Tunisia;616;1;1;1;1;1;0;0;0;0;0;0
Israel;666;1984;Turkey;640;0;0;0;0;0;0;0;0;0;0;0
Israel;666;1984;"United States of America";2;0;0;0;0;0;0;0;0;0;0;0
Israel;666;1984;"Yemen People's Republic";680;0;0;0;0;0;0;0;0;0;0;0
Israel;666;1985;Algeria;615;0;0;0;0;0;0;0;0;0;0;0
Israel;666;1985;China;710;0;0;0;0;0;0;0;0;0;0;0
Israel;666;1985;Egypt;651;1;0;0;0;0;0;0;0;0;1;0
Israel;666;1985;Iran;630;1;0;0;0;0;0;1;1;0;0;0
Israel;666;1985;Iraq;645;2;1;1;1;0;0;0;0;1;0;0
Israel;666;1985;Italy;325;0;0;0;0;0;0;0;0;0;0;0
Israel;666;1985;Jordan;663;0;0;0;0;0;0;0;0;0;0;0
Israel;666;1985;Lebanon;660;0;0;0;0;0;0;0;0;0;0;0
Israel;666;1985;Libya;620;1;0;0;0;1;0;1;0;0;0;0
Israel;666;1985;"Soviet Union/Russia";365;1;0;0;0;1;1;1;0;0;0;0
Israel;666;1985;Sudan;625;0;0;0;0;0;0;0;0;0;0;0
Israel;666;1985;Syria;652;2;2;1;2;0;0;1;1;0;0;0
Israel;666;1985;Tunisia;616;1;1;1;1;1;0;0;0;0;0;0
Israel;666;1985;Turkey;640;0;0;0;0;0;0;0;0;0;0;0
Israel;666;1985;"United States of America";2;0;0;0;0;0;0;0;0;0;0;0
Israel;666;1985;"Yemen People's Republic";680;0;0;0;0;0;0;0;0;0;0;0
Israel;666;1986;Algeria;615;0;0;0;0;0;0;0;0;0;0;0
Israel;666;1986;China;710;0;0;0;0;0;0;0;0;0;0;0
Israel;666;1986;Egypt;651;1;0;0;0;0;0;0;0;0;1;0
Israel;666;1986;Iran;630;1;0;0;0;0;0;1;1;0;0;0
Israel;666;1986;Iraq;645;2;1;1;1;0;0;0;0;1;0;0
Israel;666;1986;Italy;325;0;0;0;0;0;0;0;0;0;0;0
Israel;666;1986;Jordan;663;0;0;0;0;0;0;0;0;0;0;0
Israel;666;1986;Lebanon;660;0;0;0;0;0;0;0;0;0;0;0
Israel;666;1986;Libya;620;1;0;0;0;1;0;1;0;0;0;0
Israel;666;1986;"Soviet Union/Russia";365;1;0;0;0;1;1;1;0;0;0;0
Israel;666;1986;Sudan;625;0;0;0;0;0;0;0;0;0;0;0
Israel;666;1986;Syria;652;2;2;1;2;0;0;1;1;0;0;0
Israel;666;1986;Tunisia;616;1;1;1;1;1;0;0;0;0;0;0
Israel;666;1986;Turkey;640;0;0;0;0;0;0;0;0;0;0;0
Israel;666;1986;"United States of America";2;0;0;0;0;0;0;0;0;0;0;0
Israel;666;1986;"Yemen People's Republic";680;0;0;0;0;0;0;0;0;0;0;0
Israel;666;1987;Algeria;615;0;0;0;0;0;0;0;0;0;0;0
Israel;666;1987;China;710;0;0;0;0;0;0;0;0;0;0;0
Israel;666;1987;Egypt;651;1;0;0;0;0;0;0;0;0;1;0
Israel;666;1987;France;220;1;0;0;0;0;0;0;0;1;0;0
Israel;666;1987;"German Democratic Republic";265;0;0;0;0;0;0;0;0;0;0;0
Israel;666;1987;Germany;255;0;0;0;0;0;0;0;0;0;0;0
Israel;666;1987;Indonesia;850;0;0;0;0;0;0;0;0;0;0;0
Israel;666;1987;Iran;630;2;1;1;1;1;1;2;2;1;1;0
Israel;666;1987;Iraq;645;2;1;1;1;0;0;0;0;1;0;0
Israel;666;1987;Italy;325;0;0;0;0;0;0;0;0;0;0;0
Israel;666;1987;Jordan;663;0;0;0;0;0;0;0;0;0;0;0
Israel;666;1987;Kuwait;690;0;0;0;0;0;0;0;0;0;0;0
Israel;666;1987;Lebanon;660;1;1;1;1;0;0;0;0;0;0;0
Israel;666;1987;Libya;620;2;1;1;1;1;0;1;0;0;0;0
Israel;666;1987;Malaysia;820;0;0;0;0;0;0;0;0;0;0;0
Israel;666;1987;Pakistan;770;0;0;0;0;0;0;0;0;0;0;0
Israel;666;1987;Qatar;694;1;1;1;1;0;0;0;0;0;0;0
Israel;666;1987;"Saudi Arabia";670;1;1;1;1;0;0;0;1;1;0;0
Israel;666;1987;"Soviet Union/Russia";365;1;0;0;0;1;1;1;0;0;0;0
Israel;666;1987;Sudan;625;1;1;1;1;0;0;0;0;0;1;0
Israel;666;1987;Syria;652;2;2;1;2;0;0;1;1;0;0;0
Israel;666;1987;Tunisia;616;1;1;1;1;1;0;0;0;0;0;0
Israel;666;1987;Turkey;640;0;0;0;0;0;0;0;0;0;0;0
Israel;666;1987;"United Arab Emirates";696;0;0;0;0;0;0;0;0;0;0;0
Israel;666;1987;"United Kingdom";200;0;0;0;0;0;0;0;0;0;0;0
Israel;666;1987;"United States of America";2;0;0;0;0;0;0;0;0;0;0;0
Israel;666;1987;Yemen;679;0;0;0;0;0;0;0;0;0;0;0
Israel;666;1987;"Yemen Arab Republic";678;1;1;1;1;0;0;0;0;0;0;0
Israel;666;1987;"Yemen People's Republic";680;0;0;0;0;0;0;0;0;0;0;0
Israel;666;1988;Algeria;615;0;0;0;0;0;0;0;0;0;0;0
Israel;666;1988;China;710;0;0;0;0;0;0;0;0;0;0;0
Israel;666;1988;Egypt;651;1;0;0;0;0;0;0;0;0;1;0
Israel;666;1988;France;220;1;0;0;0;0;0;0;0;1;0;0
Israel;666;1988;"German Democratic Republic";265;0;0;0;0;0;0;0;0;0;0;0
Israel;666;1988;Germany;255;0;0;0;0;0;0;0;0;0;0;0
Israel;666;1988;Indonesia;850;0;0;0;0;0;0;0;0;0;0;0
Israel;666;1988;Iran;630;2;1;1;1;1;1;2;2;1;1;0
Israel;666;1988;Iraq;645;2;1;1;1;0;0;0;0;1;0;0
Israel;666;1988;Italy;325;0;0;0;0;0;0;0;0;0;0;0
Israel;666;1988;Jordan;663;0;0;0;0;0;0;0;0;0;0;0
Israel;666;1988;Kuwait;690;0;0;0;0;0;0;0;0;0;0;0
Israel;666;1988;Lebanon;660;1;1;1;1;0;0;0;0;0;0;0
Israel;666;1988;Libya;620;2;1;1;1;1;0;1;0;0;0;0
Israel;666;1988;Malaysia;820;0;0;0;0;0;0;0;0;0;0;0
Israel;666;1988;Pakistan;770;0;0;0;0;0;0;0;0;0;0;0
Israel;666;1988;Qatar;694;1;1;1;1;0;0;0;0;0;0;0
Israel;666;1988;"Saudi Arabia";670;1;1;1;1;0;0;0;1;1;0;0
Israel;666;1988;"Soviet Union/Russia";365;1;0;0;0;1;1;1;0;0;0;0
Israel;666;1988;Sudan;625;1;1;1;1;0;0;0;0;0;1;0
Israel;666;1988;Syria;652;2;2;1;2;0;0;1;1;0;0;0
Israel;666;1988;Tunisia;616;1;1;1;1;1;0;0;0;0;0;0
Israel;666;1988;Turkey;640;0;0;0;0;0;0;0;0;0;0;0
Israel;666;1988;"United Arab Emirates";696;0;0;0;0;0;0;0;0;0;0;0
Israel;666;1988;"United Kingdom";200;0;0;0;0;0;0;0;0;0;0;0
Israel;666;1988;"United States of America";2;0;0;0;0;0;0;0;0;0;0;0
Israel;666;1988;Yemen;679;0;0;0;0;0;0;0;0;0;0;0
Israel;666;1988;"Yemen Arab Republic";678;1;1;1;1;0;0;0;0;0;0;0
Israel;666;1988;"Yemen People's Republic";680;0;0;0;0;0;0;0;0;0;0;0
Israel;666;1989;Algeria;615;0;0;0;0;0;0;0;0;0;0;0
Israel;666;1989;China;710;0;0;0;0;0;0;0;0;0;0;0
Israel;666;1989;Egypt;651;1;0;0;0;0;0;0;0;0;1;0
Israel;666;1989;France;220;1;0;0;0;0;0;0;0;1;0;0
Israel;666;1989;"German Democratic Republic";265;0;0;0;0;0;0;0;0;0;0;0
Israel;666;1989;Germany;255;0;0;0;0;0;0;0;0;0;0;0
Israel;666;1989;Indonesia;850;0;0;0;0;0;0;0;0;0;0;0
Israel;666;1989;Iran;630;2;1;1;1;1;1;2;2;1;1;0
Israel;666;1989;Iraq;645;2;1;1;1;0;0;0;0;1;0;0
Israel;666;1989;Italy;325;0;0;0;0;0;0;0;0;0;0;0
Israel;666;1989;Jordan;663;0;0;0;0;0;0;0;0;0;0;0
Israel;666;1989;Kuwait;690;0;0;0;0;0;0;0;0;0;0;0
Israel;666;1989;Lebanon;660;1;1;1;1;0;0;0;0;0;0;0
Israel;666;1989;Libya;620;2;1;1;1;1;0;1;0;0;0;0
Israel;666;1989;Malaysia;820;0;0;0;0;0;0;0;0;0;0;0
Israel;666;1989;Pakistan;770;0;0;0;0;0;0;0;0;0;0;0
Israel;666;1989;Qatar;694;1;1;1;1;0;0;0;0;0;0;0
Israel;666;1989;"Saudi Arabia";670;1;1;1;1;0;0;0;1;1;0;0
Israel;666;1989;"Soviet Union/Russia";365;1;0;0;0;1;1;1;0;0;0;0
Israel;666;1989;Sudan;625;1;1;1;1;0;0;0;0;0;1;0
Israel;666;1989;Syria;652;2;2;1;2;0;0;1;1;0;0;0
Israel;666;1989;Tunisia;616;1;1;1;1;1;0;0;0;0;0;0
Israel;666;1989;Turkey;640;0;0;0;0;0;0;0;0;0;0;0
Israel;666;1989;"United Arab Emirates";696;0;0;0;0;0;0;0;0;0;0;0
Israel;666;1989;"United Kingdom";200;0;0;0;0;0;0;0;0;0;0;0
Israel;666;1989;"United States of America";2;0;0;0;0;0;0;0;0;0;0;0
Israel;666;1989;Yemen;679;0;0;0;0;0;0;0;0;0;0;0
Israel;666;1989;"Yemen Arab Republic";678;1;1;1;1;0;0;0;0;0;0;0
Israel;666;1989;"Yemen People's Republic";680;0;0;0;0;0;0;0;0;0;0;0
Israel;666;1990;Algeria;615;0;0;0;0;0;0;0;0;0;0;0
Israel;666;1990;China;710;0;0;0;0;0;0;0;0;0;0;0
Israel;666;1990;Egypt;651;1;0;0;0;0;0;0;0;0;1;0
Israel;666;1990;France;220;1;0;0;0;0;0;0;0;1;0;0
Israel;666;1990;"German Democratic Republic";265;0;0;0;0;0;0;0;0;0;0;0
Israel;666;1990;Germany;255;0;0;0;0;0;0;0;0;0;0;0
Israel;666;1990;Indonesia;850;0;0;0;0;0;0;0;0;0;0;0
Israel;666;1990;Iran;630;2;1;1;1;1;1;2;2;1;1;0
Israel;666;1990;Iraq;645;1;1;1;1;0;0;0;0;0;0;0
Israel;666;1990;Italy;325;0;0;0;0;0;0;0;0;0;0;0
Israel;666;1990;Jordan;663;0;0;0;0;0;0;0;0;0;0;0
Israel;666;1990;Kuwait;690;0;0;0;0;0;0;0;0;0;0;0
Israel;666;1990;Lebanon;660;1;1;1;1;0;0;0;0;0;0;0
Israel;666;1990;Libya;620;2;1;1;1;1;0;1;0;0;0;0
Israel;666;1990;Malaysia;820;0;0;0;0;0;0;0;0;0;0;0
Israel;666;1990;Pakistan;770;0;0;0;0;0;0;0;0;0;0;0
Israel;666;1990;Qatar;694;1;1;1;1;0;0;0;0;0;0;0
Israel;666;1990;"Saudi Arabia";670;1;1;1;1;0;0;0;1;1;0;0
Israel;666;1990;"Soviet Union/Russia";365;1;0;0;0;1;1;1;0;0;0;0
Israel;666;1990;Sudan;625;1;1;1;1;0;0;0;0;0;1;0
Israel;666;1990;Syria;652;2;2;1;2;0;0;1;1;0;0;0
Israel;666;1990;Tunisia;616;1;1;1;1;1;0;0;0;0;0;0
Israel;666;1990;Turkey;640;0;0;0;0;0;0;0;0;0;0;0
Israel;666;1990;"United Arab Emirates";696;0;0;0;0;0;0;0;0;0;0;0
Israel;666;1990;"United Kingdom";200;0;0;0;0;0;0;0;0;0;0;0
Israel;666;1990;"United States of America";2;0;0;0;0;0;0;0;0;0;0;0
Israel;666;1990;Yemen;679;0;0;0;0;0;0;0;0;0;0;0
Israel;666;1990;"Yemen Arab Republic";678;1;1;1;1;0;0;0;0;0;0;0
Israel;666;1990;"Yemen People's Republic";680;0;0;0;0;0;0;0;0;0;0;0
Israel;666;1991;Algeria;615;0;0;0;0;0;0;0;0;0;0;0
Israel;666;1991;China;710;0;0;0;0;0;0;0;0;0;0;0
Israel;666;1991;Egypt;651;1;0;0;0;0;0;0;0;0;1;0
Israel;666;1991;France;220;1;0;0;0;0;0;0;0;1;0;0
Israel;666;1991;"German Democratic Republic";265;0;0;0;0;0;0;0;0;0;0;0
Israel;666;1991;Germany;255;0;0;0;0;0;0;0;0;0;0;0
Israel;666;1991;Indonesia;850;0;0;0;0;0;0;0;0;0;0;0
Israel;666;1991;Iran;630;2;1;1;1;1;1;2;2;1;1;0
Israel;666;1991;Iraq;645;1;1;1;1;0;0;0;0;0;0;0
Israel;666;1991;Italy;325;0;0;0;0;0;0;0;0;0;0;0
Israel;666;1991;Jordan;663;0;0;0;0;0;0;0;0;0;0;0
Israel;666;1991;Kuwait;690;0;0;0;0;0;0;0;0;0;0;0
Israel;666;1991;Lebanon;660;1;1;1;1;0;0;0;0;0;0;0
Israel;666;1991;Libya;620;2;1;1;1;1;0;1;0;0;0;0
Israel;666;1991;Malaysia;820;0;0;0;0;0;0;0;0;0;0;0
Israel;666;1991;Pakistan;770;0;0;0;0;0;0;0;0;0;0;0
Israel;666;1991;Qatar;694;1;1;1;1;0;0;0;0;0;0;0
Israel;666;1991;"Saudi Arabia";670;1;1;1;1;0;0;0;1;1;0;0
Israel;666;1991;"Soviet Union/Russia";365;1;0;0;0;1;1;1;0;0;0;0
Israel;666;1991;Sudan;625;1;1;1;1;0;0;0;0;0;1;0
Israel;666;1991;Syria;652;2;2;1;2;0;0;1;1;0;0;0
Israel;666;1991;Tunisia;616;1;1;1;1;1;0;0;0;0;0;0
Israel;666;1991;Turkey;640;0;0;0;0;0;0;0;0;0;0;0
Israel;666;1991;"United Arab Emirates";696;0;0;0;0;0;0;0;0;0;0;0
Israel;666;1991;"United Kingdom";200;0;0;0;0;0;0;0;0;0;0;0
Israel;666;1991;"United States of America";2;0;0;0;0;0;0;0;0;0;0;0
Israel;666;1991;Yemen;679;0;0;0;0;0;0;0;0;0;0;0
Israel;666;1991;"Yemen Arab Republic";678;1;1;1;1;0;0;0;0;0;0;0
Israel;666;1991;"Yemen People's Republic";680;0;0;0;0;0;0;0;0;0;0;0
Israel;666;1992;Algeria;615;0;0;0;0;0;0;0;0;0;0;0
Israel;666;1992;China;710;0;0;0;0;0;0;0;0;0;0;0
Israel;666;1992;Egypt;651;1;0;0;0;0;0;0;0;0;1;0
Israel;666;1992;France;220;1;0;0;0;0;0;0;0;1;0;0
Israel;666;1992;"German Democratic Republic";265;0;0;0;0;0;0;0;0;0;0;0
Israel;666;1992;Germany;255;0;0;0;0;0;0;0;0;0;0;0
Israel;666;1992;Indonesia;850;0;0;0;0;0;0;0;0;0;0;0
Israel;666;1992;Iran;630;2;1;1;1;1;1;2;2;1;1;0
Israel;666;1992;Iraq;645;1;1;1;1;0;0;0;0;0;0;0
Israel;666;1992;Italy;325;0;0;0;0;0;0;0;0;0;0;0
Israel;666;1992;Jordan;663;0;0;0;0;0;0;0;0;0;0;0
Israel;666;1992;Kuwait;690;0;0;0;0;0;0;0;0;0;0;0
Israel;666;1992;Lebanon;660;1;1;1;1;0;0;0;0;0;0;0
Israel;666;1992;Libya;620;2;1;1;1;1;0;1;0;0;0;0
Israel;666;1992;Malaysia;820;0;0;0;0;0;0;0;0;0;0;0
Israel;666;1992;Pakistan;770;0;0;0;0;0;0;0;0;0;0;0
Israel;666;1992;Qatar;694;1;1;1;1;0;0;0;0;0;0;0
Israel;666;1992;"Saudi Arabia";670;1;1;1;1;0;0;0;1;1;0;0
Israel;666;1992;"Soviet Union/Russia";365;1;0;0;0;1;1;1;0;0;0;0
Israel;666;1992;Sudan;625;1;1;1;1;0;0;0;0;0;1;0
Israel;666;1992;Syria;652;2;2;1;2;0;0;1;1;0;0;0
Israel;666;1992;Tunisia;616;1;1;1;1;1;0;0;0;0;0;0
Israel;666;1992;Turkey;640;0;0;0;0;0;0;0;0;0;0;0
Israel;666;1992;"United Arab Emirates";696;0;0;0;0;0;0;0;0;0;0;0
Israel;666;1992;"United Kingdom";200;0;0;0;0;0;0;0;0;0;0;0
Israel;666;1992;"United States of America";2;0;0;0;0;0;0;0;0;0;0;0
Israel;666;1992;Yemen;679;0;0;0;0;0;0;0;0;0;0;0
Israel;666;1992;"Yemen Arab Republic";678;1;1;1;1;0;0;0;0;0;0;0
Israel;666;1992;"Yemen People's Republic";680;0;0;0;0;0;0;0;0;0;0;0
Israel;666;1993;Algeria;615;0;0;0;0;0;0;0;0;0;0;0
Israel;666;1993;China;710;0;0;0;0;0;0;0;0;0;0;0
Israel;666;1993;Egypt;651;1;0;0;0;0;0;0;0;0;1;0
Israel;666;1993;France;220;1;0;0;0;0;0;0;0;1;0;0
Israel;666;1993;"German Democratic Republic";265;0;0;0;0;0;0;0;0;0;0;0
Israel;666;1993;Germany;255;0;0;0;0;0;0;0;0;0;0;0
Israel;666;1993;Indonesia;850;0;0;0;0;0;0;0;0;0;0;0
Israel;666;1993;Iran;630;2;1;1;1;1;1;2;2;1;1;0
Israel;666;1993;Iraq;645;1;1;1;1;0;0;0;0;0;0;0
Israel;666;1993;Italy;325;0;0;0;0;0;0;0;0;0;0;0
Israel;666;1993;Jordan;663;0;0;0;0;0;0;0;0;0;0;0
Israel;666;1993;Kuwait;690;0;0;0;0;0;0;0;0;0;0;0
Israel;666;1993;Lebanon;660;1;1;1;1;0;0;0;0;0;0;0
Israel;666;1993;Libya;620;2;1;1;1;1;0;1;0;0;0;0
Israel;666;1993;Malaysia;820;0;0;0;0;0;0;0;0;0;0;0
Israel;666;1993;Pakistan;770;0;0;0;0;0;0;0;0;0;0;0
Israel;666;1993;Qatar;694;1;1;1;1;0;0;0;0;0;0;0
Israel;666;1993;"Saudi Arabia";670;1;1;1;1;0;0;0;1;1;0;0
Israel;666;1993;"Soviet Union/Russia";365;1;0;0;0;1;1;1;0;0;0;0
Israel;666;1993;Sudan;625;2;2;1;1;0;0;0;0;0;1;0
Israel;666;1993;Syria;652;2;2;1;2;0;0;1;1;0;0;0
Israel;666;1993;Tunisia;616;1;1;1;1;1;0;0;0;0;0;0
Israel;666;1993;Turkey;640;0;0;0;0;0;0;0;0;0;0;0
Israel;666;1993;"United Arab Emirates";696;0;0;0;0;0;0;0;0;0;0;0
Israel;666;1993;"United Kingdom";200;0;0;0;0;0;0;0;0;0;0;0
Israel;666;1993;"United States of America";2;0;0;0;0;0;0;0;0;0;0;0
Israel;666;1993;Yemen;679;1;1;1;1;0;0;0;0;0;0;0
Israel;666;1993;"Yemen Arab Republic";678;0;0;0;0;0;0;0;0;0;0;0
Israel;666;1993;"Yemen People's Republic";680;0;0;0;0;0;0;0;0;0;0;0
Israel;666;1994;Algeria;615;0;0;0;0;0;0;0;0;0;0;0
Israel;666;1994;China;710;0;0;0;0;0;0;0;0;0;0;0
Israel;666;1994;Egypt;651;1;0;0;0;0;0;0;0;0;1;0
Israel;666;1994;France;220;1;0;0;0;0;0;0;0;1;0;0
Israel;666;1994;"German Democratic Republic";265;0;0;0;0;0;0;0;0;0;0;0
Israel;666;1994;Germany;255;0;0;0;0;0;0;0;0;0;0;0
Israel;666;1994;Indonesia;850;0;0;0;0;0;0;0;0;0;0;0
Israel;666;1994;Iran;630;2;1;1;1;1;1;2;2;1;1;0
Israel;666;1994;Iraq;645;1;1;1;1;0;0;0;0;0;0;0
Israel;666;1994;Italy;325;0;0;0;0;0;0;0;0;0;0;0
Israel;666;1994;Jordan;663;0;0;0;0;0;0;0;0;0;0;0
Israel;666;1994;Kuwait;690;0;0;0;0;0;0;0;0;0;0;0
Israel;666;1994;Lebanon;660;1;1;1;1;0;0;0;0;0;0;0
Israel;666;1994;Libya;620;2;1;1;1;1;0;1;0;0;0;0
Israel;666;1994;Malaysia;820;0;0;0;0;0;0;0;0;0;0;0
Israel;666;1994;Pakistan;770;0;0;0;0;0;0;0;0;0;0;0
Israel;666;1994;Qatar;694;1;1;1;1;0;0;0;0;0;0;0
Israel;666;1994;"Saudi Arabia";670;1;1;1;1;0;0;0;1;1;0;0
Israel;666;1994;"Soviet Union/Russia";365;1;0;0;0;1;1;1;0;0;0;0
Israel;666;1994;Sudan;625;2;2;1;1;0;0;0;0;0;1;0
Israel;666;1994;Syria;652;2;2;1;2;0;0;1;1;0;0;0
Israel;666;1994;Tunisia;616;0;0;0;0;0;0;0;0;0;0;0
Israel;666;1994;Turkey;640;0;0;0;0;0;0;0;0;0;0;0
Israel;666;1994;"United Arab Emirates";696;0;0;0;0;0;0;0;0;0;0;0
Israel;666;1994;"United Kingdom";200;0;0;0;0;0;0;0;0;0;0;0
Israel;666;1994;"United States of America";2;0;0;0;0;0;0;0;0;0;0;0
Israel;666;1994;Yemen;679;1;1;1;1;0;0;0;0;0;0;0
Israel;666;1994;"Yemen Arab Republic";678;0;0;0;0;0;0;0;0;0;0;0
Israel;666;1994;"Yemen People's Republic";680;0;0;0;0;0;0;0;0;0;0;0
Israel;666;1995;Algeria;615;0;0;0;0;0;0;0;0;0;0;0
Israel;666;1995;China;710;0;0;0;0;0;0;0;0;0;0;0
Israel;666;1995;Egypt;651;1;0;0;0;0;0;0;0;0;1;0
Israel;666;1995;France;220;1;0;0;0;0;0;0;0;1;0;0
Israel;666;1995;"German Democratic Republic";265;0;0;0;0;0;0;0;0;0;0;0
Israel;666;1995;Germany;255;0;0;0;0;0;0;0;0;0;0;0
Israel;666;1995;Indonesia;850;0;0;0;0;0;0;0;0;0;0;0
Israel;666;1995;Iran;630;2;1;1;1;1;1;2;2;1;1;0
Israel;666;1995;Iraq;645;1;1;1;1;0;0;0;0;0;0;0
Israel;666;1995;Italy;325;0;0;0;0;0;0;0;0;0;0;0
Israel;666;1995;Jordan;663;0;0;0;0;0;0;0;0;0;0;0
Israel;666;1995;Kuwait;690;0;0;0;0;0;0;0;0;0;0;0
Israel;666;1995;Lebanon;660;1;1;1;1;0;0;0;0;0;0;0
Israel;666;1995;Libya;620;2;1;1;1;1;0;1;0;0;0;0
Israel;666;1995;Malaysia;820;0;0;0;0;0;0;0;0;0;0;0
Israel;666;1995;Pakistan;770;0;0;0;0;0;0;0;0;0;0;0
Israel;666;1995;Qatar;694;1;1;1;1;0;0;0;0;0;0;0
Israel;666;1995;"Saudi Arabia";670;1;1;1;1;0;0;0;1;1;0;0
Israel;666;1995;"Soviet Union/Russia";365;1;0;0;0;1;1;1;0;0;0;0
Israel;666;1995;Sudan;625;2;2;1;1;0;0;0;0;0;1;0
Israel;666;1995;Syria;652;2;2;1;2;0;0;1;1;0;0;0
Israel;666;1995;Tunisia;616;0;0;0;0;0;0;0;0;0;0;0
Israel;666;1995;Turkey;640;0;0;0;0;0;0;0;0;0;0;0
Israel;666;1995;"United Arab Emirates";696;0;0;0;0;0;0;0;0;0;0;0
Israel;666;1995;"United Kingdom";200;0;0;0;0;0;0;0;0;0;0;0
Israel;666;1995;"United States of America";2;0;0;0;0;0;0;0;0;0;0;0
Israel;666;1995;Yemen;679;1;1;1;1;0;0;0;0;0;0;0
Israel;666;1995;"Yemen Arab Republic";678;0;0;0;0;0;0;0;0;0;0;0
Israel;666;1995;"Yemen People's Republic";680;0;0;0;0;0;0;0;0;0;0;0
Israel;666;1996;Algeria;615;0;0;0;0;0;0;0;0;0;0;0
Israel;666;1996;China;710;0;0;0;0;0;0;0;0;0;0;0
Israel;666;1996;Egypt;651;1;0;0;0;0;0;0;0;0;1;0
Israel;666;1996;France;220;1;0;0;0;0;0;0;0;1;0;0
Israel;666;1996;"German Democratic Republic";265;0;0;0;0;0;0;0;0;0;0;0
Israel;666;1996;Germany;255;0;0;0;0;0;0;0;0;0;0;0
Israel;666;1996;Indonesia;850;0;0;0;0;0;0;0;0;0;0;0
Israel;666;1996;Iran;630;2;1;1;1;1;1;2;2;1;1;0
Israel;666;1996;Iraq;645;1;1;1;1;0;0;0;0;0;0;0
Israel;666;1996;Italy;325;0;0;0;0;0;0;0;0;0;0;0
Israel;666;1996;Jordan;663;0;0;0;0;0;0;0;0;0;0;0
Israel;666;1996;Kuwait;690;0;0;0;0;0;0;0;0;0;0;0
Israel;666;1996;Lebanon;660;1;1;1;1;0;0;0;0;0;0;0
Israel;666;1996;Libya;620;2;1;1;1;1;0;1;0;0;0;0
Israel;666;1996;Malaysia;820;0;0;0;0;0;0;0;0;0;0;0
Israel;666;1996;Pakistan;770;0;0;0;0;0;0;0;0;0;0;0
Israel;666;1996;Qatar;694;1;1;1;1;0;0;0;0;0;0;0
Israel;666;1996;"Saudi Arabia";670;1;1;1;1;0;0;0;1;1;0;0
Israel;666;1996;"Soviet Union/Russia";365;1;0;0;0;1;1;1;0;0;0;0
Israel;666;1996;Sudan;625;2;2;1;1;0;0;0;0;0;1;0
Israel;666;1996;Syria;652;3;2;1;2;0;0;1;1;1;0;0
Israel;666;1996;Tunisia;616;0;0;0;0;0;0;0;0;0;0;0
Israel;666;1996;Turkey;640;0;0;0;0;0;0;0;0;0;0;0
Israel;666;1996;"United Arab Emirates";696;0;0;0;0;0;0;0;0;0;0;0
Israel;666;1996;"United Kingdom";200;0;0;0;0;0;0;0;0;0;0;0
Israel;666;1996;"United States of America";2;0;0;0;0;0;0;0;0;0;0;0
Israel;666;1996;Yemen;679;1;1;1;1;0;0;0;0;0;0;0
Israel;666;1996;"Yemen Arab Republic";678;0;0;0;0;0;0;0;0;0;0;0
Israel;666;1996;"Yemen People's Republic";680;0;0;0;0;0;0;0;0;0;0;0
Israel;666;1997;Algeria;615;0;0;0;0;0;0;0;0;0;0;0
Israel;666;1997;China;710;0;0;0;0;0;0;0;0;0;0;0
Israel;666;1997;Egypt;651;1;0;0;0;0;0;0;0;0;1;0
Israel;666;1997;France;220;1;0;0;0;0;0;0;0;1;0;0
Israel;666;1997;"German Democratic Republic";265;0;0;0;0;0;0;0;0;0;0;0
Israel;666;1997;Germany;255;0;0;0;0;0;0;0;0;0;0;0
Israel;666;1997;Indonesia;850;0;0;0;0;0;0;0;0;0;0;0
Israel;666;1997;Iran;630;2;1;1;1;1;1;2;2;1;1;0
Israel;666;1997;Iraq;645;1;1;1;1;0;0;0;0;0;0;0
Israel;666;1997;Italy;325;0;0;0;0;0;0;0;0;0;0;0
Israel;666;1997;Jordan;663;0;0;0;0;0;0;0;0;0;0;0
Israel;666;1997;Kuwait;690;0;0;0;0;0;0;0;0;0;0;0
Israel;666;1997;Lebanon;660;1;1;1;1;0;0;0;0;0;0;0
Israel;666;1997;Libya;620;2;1;1;1;1;0;1;0;0;0;0
Israel;666;1997;Malaysia;820;0;0;0;0;0;0;0;0;0;0;0
Israel;666;1997;Pakistan;770;0;0;0;0;0;0;0;0;0;0;0
Israel;666;1997;Qatar;694;1;1;1;1;0;0;0;0;0;0;0
Israel;666;1997;"Saudi Arabia";670;1;1;1;1;0;0;0;1;1;0;0
Israel;666;1997;"Soviet Union/Russia";365;1;0;0;0;1;1;1;0;0;0;0
Israel;666;1997;Sudan;625;2;2;1;1;0;0;0;0;0;1;0
Israel;666;1997;Syria;652;3;2;1;2;0;0;1;1;1;0;0
Israel;666;1997;Tunisia;616;0;0;0;0;0;0;0;0;0;0;0
Israel;666;1997;Turkey;640;0;0;0;0;0;0;0;0;0;0;0
Israel;666;1997;"United Arab Emirates";696;0;0;0;0;0;0;0;0;0;0;0
Israel;666;1997;"United Kingdom";200;0;0;0;0;0;0;0;0;0;0;0
Israel;666;1997;"United States of America";2;0;0;0;0;0;0;0;0;0;0;0
Israel;666;1997;Yemen;679;1;1;1;1;0;0;0;0;0;0;0
Israel;666;1997;"Yemen Arab Republic";678;0;0;0;0;0;0;0;0;0;0;0
Israel;666;1997;"Yemen People's Republic";680;0;0;0;0;0;0;0;0;0;0;0
Israel;666;1998;Algeria;615;0;0;0;0;0;0;0;0;0;0;0
Israel;666;1998;China;710;0;0;0;0;0;0;0;0;0;0;0
Israel;666;1998;Egypt;651;1;0;0;0;0;0;0;0;0;1;0
Israel;666;1998;France;220;1;0;0;0;0;0;0;0;1;0;0
Israel;666;1998;"German Democratic Republic";265;0;0;0;0;0;0;0;0;0;0;0
Israel;666;1998;Germany;255;0;0;0;0;0;0;0;0;0;0;0
Israel;666;1998;Indonesia;850;0;0;0;0;0;0;0;0;0;0;0
Israel;666;1998;Iran;630;2;1;1;1;1;1;2;2;1;1;0
Israel;666;1998;Iraq;645;1;1;1;1;0;0;0;0;0;0;0
Israel;666;1998;Italy;325;0;0;0;0;0;0;0;0;0;0;0
Israel;666;1998;Jordan;663;0;0;0;0;0;0;0;0;0;0;0
Israel;666;1998;Kuwait;690;0;0;0;0;0;0;0;0;0;0;0
Israel;666;1998;Lebanon;660;1;1;1;1;0;0;0;0;0;0;0
Israel;666;1998;Libya;620;2;1;1;1;1;0;1;0;0;0;0
Israel;666;1998;Malaysia;820;0;0;0;0;0;0;0;0;0;0;0
Israel;666;1998;Pakistan;770;0;0;0;0;0;0;0;0;0;0;0
Israel;666;1998;Qatar;694;1;1;1;1;0;0;0;0;0;0;0
Israel;666;1998;"Saudi Arabia";670;1;1;1;1;0;0;0;1;1;0;0
Israel;666;1998;"Soviet Union/Russia";365;1;0;0;0;1;1;1;0;0;0;0
Israel;666;1998;Sudan;625;2;2;1;1;0;0;0;0;0;1;0
Israel;666;1998;Syria;652;3;2;1;2;0;0;1;1;1;0;0
Israel;666;1998;Tunisia;616;0;0;0;0;0;0;0;0;0;0;0
Israel;666;1998;Turkey;640;0;0;0;0;0;0;0;0;0;0;0
Israel;666;1998;"United Arab Emirates";696;0;0;0;0;0;0;0;0;0;0;0
Israel;666;1998;"United Kingdom";200;0;0;0;0;0;0;0;0;0;0;0
Israel;666;1998;"United States of America";2;0;0;0;0;0;0;0;0;0;0;0
Israel;666;1998;Yemen;679;1;1;1;1;0;0;0;0;0;0;0
Israel;666;1998;"Yemen Arab Republic";678;0;0;0;0;0;0;0;0;0;0;0
Israel;666;1998;"Yemen People's Republic";680;0;0;0;0;0;0;0;0;0;0;0
Israel;666;1999;Algeria;615;0;0;0;0;0;0;0;0;0;0;0
Israel;666;1999;China;710;0;0;0;0;0;0;0;0;0;0;0
Israel;666;1999;Egypt;651;1;0;0;0;0;0;0;0;0;1;0
Israel;666;1999;France;220;1;0;0;0;0;0;0;0;1;0;0
Israel;666;1999;"German Democratic Republic";265;0;0;0;0;0;0;0;0;0;0;0
Israel;666;1999;Germany;255;0;0;0;0;0;0;0;0;0;0;0
Israel;666;1999;Indonesia;850;0;0;0;0;0;0;0;0;0;0;0
Israel;666;1999;Iran;630;2;1;1;1;1;1;2;2;1;1;0
Israel;666;1999;Iraq;645;1;1;1;1;0;0;0;0;0;0;0
Israel;666;1999;Italy;325;0;0;0;0;0;0;0;0;0;0;0
Israel;666;1999;Jordan;663;0;0;0;0;0;0;0;0;0;0;0
Israel;666;1999;Kuwait;690;0;0;0;0;0;0;0;0;0;0;0
Israel;666;1999;Lebanon;660;1;1;1;1;0;0;0;0;0;0;0
Israel;666;1999;Libya;620;2;1;1;1;1;0;1;0;0;0;0
Israel;666;1999;Malaysia;820;0;0;0;0;0;0;0;0;0;0;0
Israel;666;1999;Pakistan;770;0;0;0;0;0;0;0;0;0;0;0
Israel;666;1999;Qatar;694;1;1;1;1;0;0;0;0;0;0;0
Israel;666;1999;"Saudi Arabia";670;1;1;1;1;0;0;0;1;1;0;0
Israel;666;1999;"Soviet Union/Russia";365;1;0;0;0;1;1;1;0;0;0;0
Israel;666;1999;Sudan;625;1;1;1;1;0;0;0;0;0;1;0
Israel;666;1999;Syria;652;3;2;1;2;0;0;1;1;1;0;0
Israel;666;1999;Tunisia;616;0;0;0;0;0;0;0;0;0;0;0
Israel;666;1999;Turkey;640;0;0;0;0;0;0;0;0;0;0;0
Israel;666;1999;"United Arab Emirates";696;0;0;0;0;0;0;0;0;0;0;0
Israel;666;1999;"United Kingdom";200;0;0;0;0;0;0;0;0;0;0;0
Israel;666;1999;"United States of America";2;0;0;0;0;0;0;0;0;0;0;0
Israel;666;1999;Yemen;679;1;1;1;1;0;0;0;0;0;0;0
Israel;666;1999;"Yemen Arab Republic";678;0;0;0;0;0;0;0;0;0;0;0
Israel;666;1999;"Yemen People's Republic";680;0;0;0;0;0;0;0;0;0;0;0
Israel;666;2000;Algeria;615;0;0;0;0;0;0;0;0;0;0;0
Israel;666;2000;China;710;0;0;0;0;0;0;0;0;0;0;0
Israel;666;2000;Egypt;651;1;0;0;0;0;0;0;0;0;1;0
Israel;666;2000;France;220;1;0;0;0;0;0;0;0;1;0;0
Israel;666;2000;"German Democratic Republic";265;0;0;0;0;0;0;0;0;0;0;0
Israel;666;2000;Germany;255;0;0;0;0;0;0;0;0;0;0;0
Israel;666;2000;Indonesia;850;0;0;0;0;0;0;0;0;0;0;0
Israel;666;2000;Iran;630;2;1;1;1;1;1;2;2;1;1;0
Israel;666;2000;Iraq;645;1;1;1;1;0;0;0;0;0;0;0
Israel;666;2000;Italy;325;0;0;0;0;0;0;0;0;0;0;0
Israel;666;2000;Jordan;663;0;0;0;0;0;0;0;0;0;0;0
Israel;666;2000;Kuwait;690;0;0;0;0;0;0;0;0;0;0;0
Israel;666;2000;Lebanon;660;1;1;1;1;0;0;0;0;0;0;0
Israel;666;2000;Libya;620;2;1;1;1;1;0;1;0;0;0;0
Israel;666;2000;Malaysia;820;0;0;0;0;0;0;0;0;0;0;0
Israel;666;2000;Pakistan;770;0;0;0;0;0;0;0;0;0;0;0
Israel;666;2000;Qatar;694;1;1;1;1;0;0;0;0;0;0;0
Israel;666;2000;"Saudi Arabia";670;1;1;1;1;0;0;0;1;1;0;0
Israel;666;2000;"Soviet Union/Russia";365;1;0;0;0;1;1;1;0;0;0;0
Israel;666;2000;Sudan;625;1;1;1;1;0;0;0;0;0;1;0
Israel;666;2000;Syria;652;3;2;1;2;0;0;1;1;1;0;0
Israel;666;2000;Tunisia;616;0;0;0;0;0;0;0;0;0;0;0
Israel;666;2000;Turkey;640;0;0;0;0;0;0;0;0;0;0;0
Israel;666;2000;"United Arab Emirates";696;0;0;0;0;0;0;0;0;0;0;0
Israel;666;2000;"United Kingdom";200;0;0;0;0;0;0;0;0;0;0;0
Israel;666;2000;"United States of America";2;0;0;0;0;0;0;0;0;0;0;0
Israel;666;2000;Yemen;679;1;1;1;1;0;0;0;0;0;0;0
Israel;666;2000;"Yemen Arab Republic";678;0;0;0;0;0;0;0;0;0;0;0
Israel;666;2000;"Yemen People's Republic";680;0;0;0;0;0;0;0;0;0;0;0
Israel;666;2001;Algeria;615;0;0;0;0;0;0;0;0;0;0;0
Israel;666;2001;China;710;0;0;0;0;0;0;0;0;0;0;0
Israel;666;2001;Egypt;651;1;0;0;0;0;0;0;0;0;1;0
Israel;666;2001;France;220;1;0;0;0;0;0;0;0;1;0;0
Israel;666;2001;"German Democratic Republic";265;0;0;0;0;0;0;0;0;0;0;0
Israel;666;2001;Germany;255;0;0;0;0;0;0;0;0;0;0;0
Israel;666;2001;Indonesia;850;0;0;0;0;0;0;0;0;0;0;0
Israel;666;2001;Iran;630;2;1;1;1;1;1;2;2;1;1;0
Israel;666;2001;Iraq;645;1;1;1;1;0;0;0;0;0;0;0
Israel;666;2001;Italy;325;0;0;0;0;0;0;0;0;0;0;0
Israel;666;2001;Jordan;663;0;0;0;0;0;0;0;0;0;0;0
Israel;666;2001;Kuwait;690;0;0;0;0;0;0;0;0;0;0;0
Israel;666;2001;Lebanon;660;1;1;1;1;0;0;0;0;0;0;0
Israel;666;2001;Libya;620;2;1;1;1;1;0;1;0;0;0;0
Israel;666;2001;Malaysia;820;0;0;0;0;0;0;0;0;0;0;0
Israel;666;2001;Pakistan;770;0;0;0;0;0;0;0;0;0;0;0
Israel;666;2001;Qatar;694;1;1;1;1;0;0;0;0;0;0;0
Israel;666;2001;"Saudi Arabia";670;1;1;1;1;0;0;0;1;1;0;0
Israel;666;2001;"Soviet Union/Russia";365;1;0;0;0;1;1;1;0;0;0;0
Israel;666;2001;Sudan;625;1;1;1;1;0;0;0;0;0;1;0
Israel;666;2001;Syria;652;3;2;1;2;0;0;1;1;1;0;0
Israel;666;2001;Tunisia;616;0;0;0;0;0;0;0;0;0;0;0
Israel;666;2001;Turkey;640;0;0;0;0;0;0;0;0;0;0;0
Israel;666;2001;"United Arab Emirates";696;0;0;0;0;0;0;0;0;0;0;0
Israel;666;2001;"United Kingdom";200;0;0;0;0;0;0;0;0;0;0;0
Israel;666;2001;"United States of America";2;0;0;0;0;0;0;0;0;0;0;0
Israel;666;2001;Yemen;679;1;1;1;1;0;0;0;0;0;0;0
Israel;666;2001;"Yemen Arab Republic";678;0;0;0;0;0;0;0;0;0;0;0
Israel;666;2001;"Yemen People's Republic";680;0;0;0;0;0;0;0;0;0;0;0
Israel;666;2002;China;710;0;0;0;0;0;0;0;0;0;0;0
Israel;666;2002;Egypt;651;0;0;0;0;0;0;0;0;0;0;0
Israel;666;2002;France;220;1;0;0;0;0;0;0;0;1;0;0
Israel;666;2002;"German Democratic Republic";265;0;0;0;0;0;0;0;0;0;0;0
Israel;666;2002;Germany;255;0;0;0;0;0;0;0;0;0;0;0
Israel;666;2002;Indonesia;850;0;0;0;0;0;0;0;0;0;0;0
Israel;666;2002;Iran;630;2;1;1;1;1;1;2;2;1;1;0
Israel;666;2002;Iraq;645;0;0;0;0;0;0;0;0;0;0;0
Israel;666;2002;Italy;325;0;0;0;0;0;0;0;0;0;0;0
Israel;666;2002;Jordan;663;0;0;0;0;0;0;0;0;0;0;0
Israel;666;2002;Kuwait;690;0;0;0;0;0;0;0;0;0;0;0
Israel;666;2002;Lebanon;660;1;1;1;1;0;0;0;0;0;0;0
Israel;666;2002;Libya;620;1;1;1;1;0;0;0;0;0;0;0
Israel;666;2002;Malaysia;820;0;0;0;0;0;0;0;0;0;0;0
Israel;666;2002;Pakistan;770;0;0;0;0;0;0;0;0;0;0;0
Israel;666;2002;Qatar;694;1;1;1;1;0;0;0;0;0;0;0
Israel;666;2002;"Saudi Arabia";670;1;1;1;1;0;0;0;1;1;0;0
Israel;666;2002;"Soviet Union/Russia";365;0;0;0;0;0;0;0;0;0;0;0
Israel;666;2002;Sudan;625;1;1;1;1;0;0;0;0;0;1;0
Israel;666;2002;Syria;652;2;1;0;1;0;0;1;1;1;0;0
Israel;666;2002;Tunisia;616;0;0;0;0;0;0;0;0;0;0;0
Israel;666;2002;Turkey;640;0;0;0;0;0;0;0;0;0;0;0
Israel;666;2002;"United Arab Emirates";696;0;0;0;0;0;0;0;0;0;0;0
Israel;666;2002;"United Kingdom";200;0;0;0;0;0;0;0;0;0;0;0
Israel;666;2002;"United States of America";2;0;0;0;0;0;0;0;0;0;0;0
Israel;666;2002;Yemen;679;1;1;1;1;0;0;0;0;0;0;0
Israel;666;2002;"Yemen Arab Republic";678;0;0;0;0;0;0;0;0;0;0;0
Israel;666;2003;China;710;0;0;0;0;0;0;0;0;0;0;0
Israel;666;2003;Egypt;651;0;0;0;0;0;0;0;0;0;0;0
Israel;666;2003;France;220;1;0;0;0;0;0;0;0;1;0;0
Israel;666;2003;"German Democratic Republic";265;0;0;0;0;0;0;0;0;0;0;0
Israel;666;2003;Germany;255;0;0;0;0;0;0;0;0;0;0;0
Israel;666;2003;Indonesia;850;0;0;0;0;0;0;0;0;0;0;0
Israel;666;2003;Iran;630;2;1;1;1;1;1;2;2;1;1;0
Israel;666;2003;Iraq;645;0;0;0;0;0;0;0;0;0;0;0
Israel;666;2003;Italy;325;0;0;0;0;0;0;0;0;0;0;0
Israel;666;2003;Jordan;663;0;0;0;0;0;0;0;0;0;0;0
Israel;666;2003;Kuwait;690;0;0;0;0;0;0;0;0;0;0;0
Israel;666;2003;Lebanon;660;1;1;1;1;0;0;0;0;0;0;0
Israel;666;2003;Libya;620;1;1;1;1;0;0;0;0;0;0;0
Israel;666;2003;Malaysia;820;0;0;0;0;0;0;0;0;0;0;0
Israel;666;2003;Pakistan;770;0;0;0;0;0;0;0;0;0;0;0
Israel;666;2003;Qatar;694;1;1;1;1;0;0;0;0;0;0;0
Israel;666;2003;"Saudi Arabia";670;1;1;1;1;0;0;0;1;1;0;0
Israel;666;2003;"Soviet Union/Russia";365;0;0;0;0;0;0;0;0;0;0;0
Israel;666;2003;Sudan;625;1;1;1;1;0;0;0;0;0;1;0
Israel;666;2003;Syria;652;2;1;0;1;0;0;1;1;1;0;0
Israel;666;2003;Tunisia;616;0;0;0;0;0;0;0;0;0;0;0
Israel;666;2003;Turkey;640;0;0;0;0;0;0;0;0;0;0;0
Israel;666;2003;"United Arab Emirates";696;0;0;0;0;0;0;0;0;0;0;0
Israel;666;2003;"United Kingdom";200;0;0;0;0;0;0;0;0;0;0;0
Israel;666;2003;"United States of America";2;0;0;0;0;0;0;0;0;0;0;0
Israel;666;2003;Yemen;679;1;1;1;1;0;0;0;0;0;0;0
Israel;666;2003;"Yemen Arab Republic";678;0;0;0;0;0;0;0;0;0;0;0
Israel;666;2004;China;710;0;0;0;0;0;0;0;0;0;0;0
Israel;666;2004;Egypt;651;0;0;0;0;0;0;0;0;0;0;0
Israel;666;2004;France;220;1;0;0;0;0;0;0;0;1;0;0
Israel;666;2004;"German Democratic Republic";265;0;0;0;0;0;0;0;0;0;0;0
Israel;666;2004;Germany;255;0;0;0;0;0;0;0;0;0;0;0
Israel;666;2004;Indonesia;850;0;0;0;0;0;0;0;0;0;0;0
Israel;666;2004;Iran;630;2;1;1;1;1;1;2;2;1;1;0
Israel;666;2004;Iraq;645;0;0;0;0;0;0;0;0;0;0;0
Israel;666;2004;Italy;325;0;0;0;0;0;0;0;0;0;0;0
Israel;666;2004;Jordan;663;0;0;0;0;0;0;0;0;0;0;0
Israel;666;2004;Kuwait;690;0;0;0;0;0;0;0;0;0;0;0
Israel;666;2004;Lebanon;660;1;1;1;1;0;0;0;0;0;0;0
Israel;666;2004;Libya;620;1;1;1;1;0;0;0;0;0;0;0
Israel;666;2004;Malaysia;820;0;0;0;0;0;0;0;0;0;0;0
Israel;666;2004;Pakistan;770;0;0;0;0;0;0;0;0;0;0;0
Israel;666;2004;Qatar;694;1;1;1;1;0;0;0;0;0;0;0
Israel;666;2004;"Saudi Arabia";670;1;1;1;1;0;0;0;1;1;0;0
Israel;666;2004;"Soviet Union/Russia";365;0;0;0;0;0;0;0;0;0;0;0
Israel;666;2004;Sudan;625;1;1;1;1;0;0;0;0;0;1;0
Israel;666;2004;Syria;652;2;1;0;0;0;0;1;1;1;0;0
Israel;666;2004;Tunisia;616;0;0;0;0;0;0;0;0;0;0;0
Israel;666;2004;Turkey;640;0;0;0;0;0;0;0;0;0;0;0
Israel;666;2004;"United Arab Emirates";696;0;0;0;0;0;0;0;0;0;0;0
Israel;666;2004;"United Kingdom";200;0;0;0;0;0;0;0;0;0;0;0
Israel;666;2004;"United States of America";2;0;0;0;0;0;0;0;0;0;0;0
Israel;666;2004;Yemen;679;1;1;1;1;0;0;0;0;0;0;0
Israel;666;2004;"Yemen Arab Republic";678;0;0;0;0;0;0;0;0;0;0;0
Israel;666;2005;China;710;0;0;0;0;0;0;0;0;0;0;0
Israel;666;2005;Egypt;651;0;0;0;0;0;0;0;0;0;0;0
Israel;666;2005;France;220;1;0;0;0;0;0;0;0;1;0;0
Israel;666;2005;"German Democratic Republic";265;0;0;0;0;0;0;0;0;0;0;0
Israel;666;2005;Germany;255;0;0;0;0;0;0;0;0;0;0;0
Israel;666;2005;Indonesia;850;0;0;0;0;0;0;0;0;0;0;0
Israel;666;2005;Iran;630;2;1;1;1;1;1;2;2;1;1;0
Israel;666;2005;Iraq;645;0;0;0;0;0;0;0;0;0;0;0
Israel;666;2005;Italy;325;0;0;0;0;0;0;0;0;0;0;0
Israel;666;2005;Jordan;663;0;0;0;0;0;0;0;0;0;0;0
Israel;666;2005;Kuwait;690;0;0;0;0;0;0;0;0;0;0;0
Israel;666;2005;Lebanon;660;1;1;1;1;0;0;0;0;0;0;0
Israel;666;2005;Libya;620;1;1;1;1;0;0;0;0;0;0;0
Israel;666;2005;Malaysia;820;0;0;0;0;0;0;0;0;0;0;0
Israel;666;2005;Pakistan;770;0;0;0;0;0;0;0;0;0;0;0
Israel;666;2005;Qatar;694;1;1;1;1;0;0;0;0;0;0;0
Israel;666;2005;"Saudi Arabia";670;1;1;1;1;0;0;0;1;1;0;0
Israel;666;2005;"Soviet Union/Russia";365;0;0;0;0;0;0;0;0;0;0;0
Israel;666;2005;Sudan;625;1;1;1;1;0;0;0;0;0;1;0
Israel;666;2005;Syria;652;2;1;0;0;0;0;1;1;1;0;0
Israel;666;2005;Tunisia;616;0;0;0;0;0;0;0;0;0;0;0
Israel;666;2005;Turkey;640;0;0;0;0;0;0;0;0;0;0;0
Israel;666;2005;"United Arab Emirates";696;0;0;0;0;0;0;0;0;0;0;0
Israel;666;2005;"United Kingdom";200;0;0;0;0;0;0;0;0;0;0;0
Israel;666;2005;"United States of America";2;0;0;0;0;0;0;0;0;0;0;0
Israel;666;2005;Yemen;679;1;1;1;1;0;0;0;0;0;0;0
Israel;666;2005;"Yemen Arab Republic";678;0;0;0;0;0;0;0;0;0;0;0
Israel;666;2006;China;710;0;0;0;0;0;0;0;0;0;0;0
Israel;666;2006;Egypt;651;0;0;0;0;0;0;0;0;0;0;0
Israel;666;2006;France;220;1;0;0;0;0;0;0;0;1;0;0
Israel;666;2006;"German Democratic Republic";265;0;0;0;0;0;0;0;0;0;0;0
Israel;666;2006;Germany;255;0;0;0;0;0;0;0;0;0;0;0
Israel;666;2006;Indonesia;850;0;0;0;0;0;0;0;0;0;0;0
Israel;666;2006;Iran;630;2;1;1;1;1;1;2;2;1;1;0
Israel;666;2006;Iraq;645;0;0;0;0;0;0;0;0;0;0;0
Israel;666;2006;Italy;325;0;0;0;0;0;0;0;0;0;0;0
Israel;666;2006;Jordan;663;0;0;0;0;0;0;0;0;0;0;0
Israel;666;2006;Kuwait;690;0;0;0;0;0;0;0;0;0;0;0
Israel;666;2006;Lebanon;660;2;2;2;2;0;0;0;0;0;0;0
Israel;666;2006;Libya;620;1;1;1;1;0;0;0;0;0;0;0
Israel;666;2006;Malaysia;820;0;0;0;0;0;0;0;0;0;0;0
Israel;666;2006;Pakistan;770;0;0;0;0;0;0;0;0;0;0;0
Israel;666;2006;Qatar;694;1;1;1;1;0;0;0;0;0;0;0
Israel;666;2006;"Saudi Arabia";670;1;1;1;1;0;0;0;1;1;0;0
Israel;666;2006;"Soviet Union/Russia";365;0;0;0;0;0;0;0;0;0;0;0
Israel;666;2006;Sudan;625;1;1;1;1;0;0;0;0;0;1;0
Israel;666;2006;Syria;652;2;1;0;0;0;0;1;1;1;0;0
Israel;666;2006;Tunisia;616;0;0;0;0;0;0;0;0;0;0;0
Israel;666;2006;Turkey;640;0;0;0;0;0;0;0;0;0;0;0
Israel;666;2006;"United Arab Emirates";696;0;0;0;0;0;0;0;0;0;0;0
Israel;666;2006;"United Kingdom";200;0;0;0;0;0;0;0;0;0;0;0
Israel;666;2006;"United States of America";2;0;0;0;0;0;0;0;0;0;0;0
Israel;666;2006;Yemen;679;1;1;1;1;0;0;0;0;0;0;0
Israel;666;2006;"Yemen Arab Republic";678;0;0;0;0;0;0;0;0;0;0;0
Israel;666;2007;China;710;0;0;0;0;0;0;0;0;0;0;0
Israel;666;2007;Egypt;651;0;0;0;0;0;0;0;0;0;0;0
Israel;666;2007;France;220;1;0;0;0;0;0;0;0;1;0;0
Israel;666;2007;"German Democratic Republic";265;0;0;0;0;0;0;0;0;0;0;0
Israel;666;2007;Germany;255;0;0;0;0;0;0;0;0;0;0;0
Israel;666;2007;Indonesia;850;0;0;0;0;0;0;0;0;0;0;0
Israel;666;2007;Iran;630;2;1;1;1;1;1;2;2;1;1;0
Israel;666;2007;Iraq;645;0;0;0;0;0;0;0;0;0;0;0
Israel;666;2007;Italy;325;0;0;0;0;0;0;0;0;0;0;0
Israel;666;2007;Jordan;663;0;0;0;0;0;0;0;0;0;0;0
Israel;666;2007;Kuwait;690;0;0;0;0;0;0;0;0;0;0;0
Israel;666;2007;Lebanon;660;2;2;2;2;0;0;0;0;0;0;0
Israel;666;2007;Libya;620;1;1;1;1;0;0;0;0;0;0;0
Israel;666;2007;Malaysia;820;0;0;0;0;0;0;0;0;0;0;0
Israel;666;2007;Pakistan;770;0;0;0;0;0;0;0;0;0;0;0
Israel;666;2007;Qatar;694;1;1;1;1;0;0;0;0;0;0;0
Israel;666;2007;"Saudi Arabia";670;1;1;1;1;0;0;0;1;1;0;0
Israel;666;2007;"Soviet Union/Russia";365;0;0;0;0;0;0;0;0;0;0;0
Israel;666;2007;Sudan;625;1;1;1;1;0;0;0;0;0;1;0
Israel;666;2007;Syria;652;2;1;0;0;0;0;1;1;1;0;0
Israel;666;2007;Tunisia;616;0;0;0;0;0;0;0;0;0;0;0
Israel;666;2007;Turkey;640;0;0;0;0;0;0;0;0;0;0;0
Israel;666;2007;"United Arab Emirates";696;0;0;0;0;0;0;0;0;0;0;0
Israel;666;2007;"United Kingdom";200;0;0;0;0;0;0;0;0;0;0;0
Israel;666;2007;"United States of America";2;0;0;0;0;0;0;0;0;0;0;0
Israel;666;2007;Yemen;679;1;1;1;1;0;0;0;0;0;0;0
Israel;666;2007;"Yemen Arab Republic";678;0;0;0;0;0;0;0;0;0;0;0
Israel;666;2008;China;710;0;0;0;0;0;0;0;0;0;0;0
Israel;666;2008;Egypt;651;0;0;0;0;0;0;0;0;0;0;0
Israel;666;2008;France;220;1;0;0;0;0;0;0;0;1;0;0
Israel;666;2008;"German Democratic Republic";265;0;0;0;0;0;0;0;0;0;0;0
Israel;666;2008;Germany;255;0;0;0;0;0;0;0;0;0;0;0
Israel;666;2008;Indonesia;850;0;0;0;0;0;0;0;0;0;0;0
Israel;666;2008;Iran;630;2;1;1;1;1;1;2;2;1;1;0
Israel;666;2008;Iraq;645;0;0;0;0;0;0;0;0;0;0;0
Israel;666;2008;Italy;325;0;0;0;0;0;0;0;0;0;0;0
Israel;666;2008;Jordan;663;0;0;0;0;0;0;0;0;0;0;0
Israel;666;2008;Kuwait;690;0;0;0;0;0;0;0;0;0;0;0
Israel;666;2008;Lebanon;660;2;2;2;2;0;0;0;0;0;0;0
Israel;666;2008;Libya;620;1;1;1;1;0;0;0;0;0;0;0
Israel;666;2008;Malaysia;820;0;0;0;0;0;0;0;0;0;0;0
Israel;666;2008;Pakistan;770;0;0;0;0;0;0;0;0;0;0;0
Israel;666;2008;Qatar;694;1;1;1;1;0;0;0;0;0;0;0
Israel;666;2008;"Saudi Arabia";670;1;1;1;1;0;0;0;1;1;0;0
Israel;666;2008;"Soviet Union/Russia";365;0;0;0;0;0;0;0;0;0;0;0
Israel;666;2008;Sudan;625;1;1;1;1;0;0;0;0;0;1;0
Israel;666;2008;Syria;652;2;1;0;0;0;0;1;1;1;0;0
Israel;666;2008;Tunisia;616;0;0;0;0;0;0;0;0;0;0;0
Israel;666;2008;Turkey;640;0;0;0;0;0;0;0;0;0;0;0
Israel;666;2008;"United Arab Emirates";696;0;0;0;0;0;0;0;0;0;0;0
Israel;666;2008;"United Kingdom";200;0;0;0;0;0;0;0;0;0;0;0
Israel;666;2008;"United States of America";2;0;0;0;0;0;0;0;0;0;0;0
Israel;666;2008;Yemen;679;1;1;1;1;0;0;0;0;0;0;0
Israel;666;2008;"Yemen Arab Republic";678;0;0;0;0;0;0;0;0;0;0;0
Israel;666;2009;China;710;0;0;0;0;0;0;0;0;0;0;0
Israel;666;2009;Egypt;651;0;0;0;0;0;0;0;0;0;0;0
Israel;666;2009;France;220;1;0;0;0;0;0;0;0;1;0;0
Israel;666;2009;"German Democratic Republic";265;0;0;0;0;0;0;0;0;0;0;0
Israel;666;2009;Germany;255;0;0;0;0;0;0;0;0;0;0;0
Israel;666;2009;Indonesia;850;0;0;0;0;0;0;0;0;0;0;0
Israel;666;2009;Iran;630;2;1;1;1;1;1;2;2;1;1;0
Israel;666;2009;Iraq;645;0;0;0;0;0;0;0;0;0;0;0
Israel;666;2009;Italy;325;0;0;0;0;0;0;0;0;0;0;0
Israel;666;2009;Jordan;663;0;0;0;0;0;0;0;0;0;0;0
Israel;666;2009;Kuwait;690;0;0;0;0;0;0;0;0;0;0;0
Israel;666;2009;Lebanon;660;2;2;2;2;0;0;0;0;0;0;0
Israel;666;2009;Libya;620;1;1;1;1;0;0;0;0;0;0;0
Israel;666;2009;Malaysia;820;0;0;0;0;0;0;0;0;0;0;0
Israel;666;2009;Pakistan;770;0;0;0;0;0;0;0;0;0;0;0
Israel;666;2009;Qatar;694;1;1;1;1;0;0;0;0;0;0;0
Israel;666;2009;"Saudi Arabia";670;1;1;1;1;0;0;0;1;1;0;0
Israel;666;2009;"Soviet Union/Russia";365;0;0;0;0;0;0;0;0;0;0;0
Israel;666;2009;Sudan;625;1;1;1;1;0;0;0;0;0;1;0
Israel;666;2009;Syria;652;2;1;0;0;0;0;1;1;1;0;0
Israel;666;2009;Tunisia;616;0;0;0;0;0;0;0;0;0;0;0
Israel;666;2009;Turkey;640;0;0;0;0;0;0;0;0;0;0;0
Israel;666;2009;"United Arab Emirates";696;0;0;0;0;0;0;0;0;0;0;0
Israel;666;2009;"United Kingdom";200;0;0;0;0;0;0;0;0;0;0;0
Israel;666;2009;"United States of America";2;0;0;0;0;0;0;0;0;0;0;0
Israel;666;2009;Yemen;679;1;1;1;1;0;0;0;0;0;0;0
Israel;666;2009;"Yemen Arab Republic";678;0;0;0;0;0;0;0;0;0;0;0
Israel;666;2010;China;710;0;0;0;0;0;0;0;0;0;0;0
Israel;666;2010;Egypt;651;0;0;0;0;0;0;0;0;0;0;0
Israel;666;2010;France;220;1;0;0;0;0;0;0;0;1;0;0
Israel;666;2010;"German Democratic Republic";265;0;0;0;0;0;0;0;0;0;0;0
Israel;666;2010;Germany;255;0;0;0;0;0;0;0;0;0;0;0
Israel;666;2010;Indonesia;850;0;0;0;0;0;0;0;0;0;0;0
Israel;666;2010;Iran;630;2;1;1;1;1;1;2;2;1;1;0
Israel;666;2010;Iraq;645;0;0;0;0;0;0;0;0;0;0;0
Israel;666;2010;Italy;325;0;0;0;0;0;0;0;0;0;0;0
Israel;666;2010;Jordan;663;0;0;0;0;0;0;0;0;0;0;0
Israel;666;2010;Kuwait;690;0;0;0;0;0;0;0;0;0;0;0
Israel;666;2010;Lebanon;660;2;2;2;2;0;0;0;0;0;0;0
Israel;666;2010;Libya;620;1;1;1;1;0;0;0;0;0;0;0
Israel;666;2010;Malaysia;820;0;0;0;0;0;0;0;0;0;0;0
Israel;666;2010;Pakistan;770;0;0;0;0;0;0;0;0;0;0;0
Israel;666;2010;Qatar;694;1;1;1;1;0;0;0;0;0;0;0
Israel;666;2010;"Saudi Arabia";670;1;1;1;1;0;0;0;1;1;0;0
Israel;666;2010;"Soviet Union/Russia";365;0;0;0;0;0;0;0;0;0;0;0
Israel;666;2010;Sudan;625;1;1;1;1;0;0;0;0;0;1;0
Israel;666;2010;Syria;652;2;1;0;0;0;0;1;1;1;0;0
Israel;666;2010;Tunisia;616;0;0;0;0;0;0;0;0;0;0;0
Israel;666;2010;Turkey;640;0;0;0;0;0;0;0;0;0;0;0
Israel;666;2010;"United Arab Emirates";696;0;0;0;0;0;0;0;0;0;0;0
Israel;666;2010;"United Kingdom";200;0;0;0;0;0;0;0;0;0;0;0
Israel;666;2010;"United States of America";2;0;0;0;0;0;0;0;0;0;0;0
Israel;666;2010;Yemen;679;1;1;1;1;0;0;0;0;0;0;0
Israel;666;2010;"Yemen Arab Republic";678;0;0;0;0;0;0;0;0;0;0;0
"Ivory Coast";437;2002;"Burkina Faso";439;3;0;0;0;0;0;3;2;0;0;2
"Ivory Coast";437;2002;Liberia;450;2;1;0;0;0;0;2;0;0;0;1
"Ivory Coast";437;2002;"Sierra Leone";451;0;0;0;0;0;0;0;0;0;0;0
"Ivory Coast";437;2003;"Burkina Faso";439;2;0;0;0;0;0;2;1;0;0;1
"Ivory Coast";437;2003;Liberia;450;2;1;0;0;0;0;2;0;0;0;1
"Ivory Coast";437;2003;"Sierra Leone";451;0;0;0;0;0;0;0;0;0;0;0
Kenya;501;1982;Tanzania;510;0;0;0;0;0;0;0;0;0;0;0
Laos;812;1950;China;710;0;0;0;0;0;0;0;0;0;0;0
Laos;812;1950;"Soviet Union/Russia";365;0;0;0;0;0;0;0;0;0;0;0
Laos;812;1950;Vietnam;816;1;0;0;0;1;0;0;1;0;0;0
Laos;812;1951;China;710;0;0;0;0;0;0;0;0;0;0;0
Laos;812;1951;"Soviet Union/Russia";365;0;0;0;0;0;0;0;0;0;0;0
Laos;812;1951;Vietnam;816;1;0;0;0;1;0;0;1;0;0;0
Laos;812;1952;China;710;0;0;0;0;0;0;0;0;0;0;0
Laos;812;1952;"Soviet Union/Russia";365;0;0;0;0;0;0;0;0;0;0;0
Laos;812;1952;Vietnam;816;1;0;0;0;1;0;0;1;0;0;0
Laos;812;1953;China;710;0;0;0;0;0;0;0;0;0;0;0
Laos;812;1953;"Soviet Union/Russia";365;0;0;0;0;0;0;0;0;0;0;0
Laos;812;1953;Vietnam;816;1;0;0;0;1;0;0;1;0;0;0
Laos;812;1954;China;710;0;0;0;0;0;0;0;0;0;0;0
Laos;812;1954;"Soviet Union/Russia";365;0;0;0;0;0;0;0;0;0;0;0
Laos;812;1954;Vietnam;816;1;0;0;0;1;0;0;1;0;0;0
Laos;812;1955;China;710;1;0;0;0;0;0;1;0;0;0;0
Laos;812;1955;"Soviet Union/Russia";365;1;0;0;0;0;0;1;1;0;0;0
Laos;812;1955;Vietnam;816;1;0;0;0;1;0;0;1;0;0;0
Laos;812;1956;China;710;1;0;0;0;0;0;1;0;0;0;0
Laos;812;1956;"Soviet Union/Russia";365;1;0;0;0;0;0;1;1;0;0;0
Laos;812;1956;Vietnam;816;1;0;0;0;1;0;0;1;0;0;0
Laos;812;1957;China;710;1;0;0;0;0;0;1;0;0;0;0
Laos;812;1957;"Soviet Union/Russia";365;1;0;0;0;0;0;1;1;0;0;0
Laos;812;1957;Vietnam;816;1;0;0;0;1;0;0;1;0;0;0
Laos;812;1958;China;710;1;0;0;0;0;0;1;0;0;0;0
Laos;812;1958;"Soviet Union/Russia";365;1;0;0;0;0;0;1;1;0;0;0
Laos;812;1958;Vietnam;816;1;0;0;0;1;0;0;1;0;0;0
Laos;812;1959;China;710;1;0;0;0;0;0;1;0;0;0;0
Laos;812;1959;"Soviet Union/Russia";365;1;0;0;0;0;0;1;1;0;0;0
Laos;812;1959;Vietnam;816;1;0;0;0;1;0;0;1;0;0;0
Laos;812;1960;China;710;1;0;0;0;0;0;1;0;0;0;0
Laos;812;1960;"Soviet Union/Russia";365;1;0;0;0;0;0;1;1;0;0;0
Laos;812;1960;Vietnam;816;1;0;0;0;1;0;0;1;0;0;0
Laos;812;1961;China;710;1;0;0;0;0;0;1;0;0;0;0
Laos;812;1961;"Soviet Union/Russia";365;1;0;0;0;0;0;1;1;0;0;0
Laos;812;1961;Vietnam;816;1;0;0;0;1;0;0;1;0;0;0
Laos;812;1962;China;710;0;0;0;0;0;0;0;0;0;0;0
Laos;812;1962;"Soviet Union/Russia";365;1;0;0;0;0;0;0;1;0;0;0
Laos;812;1962;Vietnam;816;1;0;0;0;1;0;0;1;0;0;0
Laos;812;1963;China;710;0;0;0;0;0;0;0;0;0;0;0
Laos;812;1963;"Soviet Union/Russia";365;1;0;0;0;0;0;0;1;0;0;0
Laos;812;1963;Vietnam;816;1;0;0;0;1;0;0;1;0;0;0
Laos;812;1964;China;710;0;0;0;0;0;0;0;0;0;0;0
Laos;812;1964;"Soviet Union/Russia";365;1;0;0;0;0;0;0;1;0;0;0
Laos;812;1964;Vietnam;816;1;0;0;0;1;0;0;1;0;0;0
Laos;812;1965;China;710;0;0;0;0;0;0;0;0;0;0;0
Laos;812;1965;"Soviet Union/Russia";365;1;0;0;0;0;0;0;1;0;0;0
Laos;812;1965;Vietnam;816;1;0;0;0;1;0;0;1;0;0;0
Laos;812;1966;China;710;0;0;0;0;0;0;0;0;0;0;0
Laos;812;1966;"Soviet Union/Russia";365;1;0;0;0;0;0;0;1;0;0;0
Laos;812;1966;Vietnam;816;1;0;0;0;1;0;0;1;0;0;0
Laos;812;1967;China;710;0;0;0;0;0;0;0;0;0;0;0
Laos;812;1967;"Soviet Union/Russia";365;1;0;0;0;0;0;0;1;0;0;0
Laos;812;1967;Vietnam;816;1;0;0;0;1;0;0;1;0;0;0
Laos;812;1968;China;710;0;0;0;0;0;0;0;0;0;0;0
Laos;812;1968;"Soviet Union/Russia";365;1;0;0;0;0;0;0;1;0;0;0
Laos;812;1968;Vietnam;816;1;0;0;0;1;0;0;1;0;0;0
Laos;812;1969;China;710;0;0;0;0;0;0;0;0;0;0;0
Laos;812;1969;"Soviet Union/Russia";365;1;0;0;0;0;0;0;1;0;0;0
Laos;812;1969;Vietnam;816;1;0;0;0;1;0;0;1;0;1;0
Laos;812;1970;China;710;0;0;0;0;0;0;0;0;0;0;0
Laos;812;1970;"Soviet Union/Russia";365;1;0;0;0;0;0;0;1;0;0;0
Laos;812;1970;Vietnam;816;1;0;0;0;1;0;0;1;0;1;0
Laos;812;1971;China;710;0;0;0;0;0;0;0;0;0;0;0
Laos;812;1971;"Soviet Union/Russia";365;1;0;0;0;0;0;0;1;0;0;0
Laos;812;1971;Vietnam;816;1;0;0;0;1;0;0;1;0;1;0
Laos;812;1972;China;710;0;0;0;0;0;0;0;0;0;0;0
Laos;812;1972;"Soviet Union/Russia";365;1;0;0;0;0;0;0;1;0;0;0
Laos;812;1972;Vietnam;816;1;0;0;0;1;0;0;1;0;1;0
Laos;812;1973;China;710;0;0;0;0;0;0;0;0;0;0;0
Laos;812;1973;"Soviet Union/Russia";365;1;0;0;0;0;0;1;1;0;0;0
Laos;812;1973;Vietnam;816;1;0;0;0;1;0;0;1;0;1;0
Laos;812;1974;China;710;0;0;0;0;0;0;0;0;0;0;0
Laos;812;1974;"Soviet Union/Russia";365;1;0;0;0;0;0;0;1;0;0;0
Laos;812;1974;Vietnam;816;1;0;0;0;1;0;0;1;0;1;0
Laos;812;1975;China;710;0;0;0;0;0;0;0;0;0;0;0
Laos;812;1975;"Soviet Union/Russia";365;1;0;0;0;0;0;0;1;0;0;0
Laos;812;1975;Vietnam;816;1;0;0;0;1;0;0;1;0;1;0
Laos;812;1976;Thailand;800;1;1;0;0;0;0;0;0;0;0;0
Laos;812;1976;"United States of America";2;1;0;0;0;0;1;0;1;0;0;0
Laos;812;1977;Thailand;800;1;1;0;0;0;0;0;0;0;0;0
Laos;812;1977;"United States of America";2;1;0;0;0;0;1;0;1;0;0;0
Laos;812;1978;Thailand;800;1;1;0;0;0;0;0;0;0;0;0
Laos;812;1978;"United States of America";2;1;0;0;0;0;1;0;1;0;0;0
Laos;812;1979;Thailand;800;1;1;0;0;0;0;0;0;0;0;0
Laos;812;1979;"United States of America";2;1;0;0;0;0;1;0;1;0;0;0
Laos;812;1980;Thailand;800;1;1;0;0;0;0;0;0;0;0;0
Laos;812;1980;"United States of America";2;0;0;0;0;0;0;0;0;0;0;0
Laos;812;1981;Thailand;800;1;1;0;0;0;0;0;0;0;0;0
Laos;812;1981;"United States of America";2;0;0;0;0;0;0;0;0;0;0;0
Laos;812;1982;Thailand;800;1;1;0;0;0;0;0;0;0;0;0
Laos;812;1982;"United States of America";2;0;0;0;0;0;0;0;0;0;0;0
Laos;812;1983;Thailand;800;1;1;0;0;0;0;0;0;0;0;0
Laos;812;1983;"United States of America";2;0;0;0;0;0;0;0;0;0;0;0
Laos;812;1984;Thailand;800;1;1;0;0;0;0;0;0;0;0;0
Laos;812;1984;"United States of America";2;0;0;0;0;0;0;0;0;0;0;0
Laos;812;1985;Thailand;800;1;1;0;0;0;0;0;0;0;0;0
Laos;812;1985;"United States of America";2;0;0;0;0;0;0;0;0;0;0;0
Laos;812;1986;Thailand;800;1;1;0;0;0;0;0;0;0;0;0
Laos;812;1986;"United States of America";2;0;0;0;0;0;0;0;0;0;0;0
Laos;812;1987;Thailand;800;0;0;0;0;0;0;0;0;0;0;0
Laos;812;1987;"United States of America";2;0;0;0;0;0;0;0;0;0;0;0
Laos;812;1988;Thailand;800;0;0;0;0;0;0;0;0;0;0;0
Laos;812;1988;"United States of America";2;0;0;0;0;0;0;0;0;0;0;0
Laos;812;1989;Thailand;800;0;0;0;0;0;0;0;0;0;0;0
Laos;812;1989;"United States of America";2;0;0;0;0;0;0;0;0;0;0;0
Laos;812;1990;Thailand;800;0;0;0;0;0;0;0;0;0;0;0
Laos;812;1990;"United States of America";2;0;0;0;0;0;0;0;0;0;0;0
Lebanon;660;1974;Iraq;645;0;0;0;0;0;0;0;0;0;0;0
Lebanon;660;1975;Iraq;645;0;0;0;0;0;0;0;0;0;0;0
Lebanon;660;1976;Iraq;645;0;0;0;0;0;0;0;0;0;0;0
Lebanon;660;1976;Israel;666;0;0;0;0;0;0;0;0;0;0;0
Lebanon;660;1976;Libya;620;0;0;0;0;0;0;0;0;0;0;0
Lebanon;660;1976;Syria;652;1;0;0;0;0;0;0;0;0;1;0
Lebanon;660;1976;"United Kingdom";200;0;0;0;0;0;0;0;0;0;0;0
Lebanon;660;1977;Iraq;645;0;0;0;0;0;0;0;0;0;0;0
Lebanon;660;1977;Israel;666;0;0;0;0;0;0;0;0;0;0;0
Lebanon;660;1977;Syria;652;0;0;0;0;0;0;0;0;0;0;0
Lebanon;660;1977;"United Kingdom";200;0;0;0;0;0;0;0;0;0;0;0
Lebanon;660;1978;Iraq;645;0;0;0;0;0;0;0;0;0;0;0
Lebanon;660;1978;Israel;666;0;0;0;0;0;0;0;0;0;0;0
Lebanon;660;1978;Syria;652;0;0;0;0;0;0;0;0;0;0;0
Lebanon;660;1978;"United Kingdom";200;0;0;0;0;0;0;0;0;0;0;0
Lebanon;660;1979;Iraq;645;0;0;0;0;0;0;0;0;0;0;0
Lebanon;660;1979;Israel;666;0;0;0;0;0;0;0;0;0;0;0
Lebanon;660;1979;Syria;652;0;0;0;0;0;0;0;0;0;0;0
Lebanon;660;1979;"United Kingdom";200;0;0;0;0;0;0;0;0;0;0;0
Lebanon;660;1980;Iraq;645;0;0;0;0;0;0;0;0;0;0;0
Lebanon;660;1980;Israel;666;0;0;0;0;0;0;0;0;0;0;0
Lebanon;660;1980;Syria;652;0;0;0;0;0;0;0;0;0;0;0
Lebanon;660;1980;"United Kingdom";200;0;0;0;0;0;0;0;0;0;0;0
Lebanon;660;1981;Iraq;645;0;0;0;0;0;0;0;0;0;0;0
Lebanon;660;1981;Israel;666;0;0;0;0;0;0;0;0;0;0;0
Lebanon;660;1981;Syria;652;0;0;0;0;0;0;0;0;0;0;0
Lebanon;660;1981;"United Kingdom";200;0;0;0;0;0;0;0;0;0;0;0
Lebanon;660;1982;Iraq;645;0;0;0;0;0;0;0;0;0;0;0
Lebanon;660;1982;Israel;666;0;0;0;0;0;0;0;0;0;0;0
Lebanon;660;1982;Syria;652;0;0;0;0;0;0;0;0;0;0;0
Lebanon;660;1982;"United Kingdom";200;0;0;0;0;0;0;0;0;0;0;0
Lebanon;660;1983;Iraq;645;0;0;0;0;0;0;0;0;0;0;0
Lebanon;660;1983;Israel;666;0;0;0;0;0;0;0;0;0;0;0
Lebanon;660;1983;Syria;652;0;0;0;0;0;0;0;0;0;0;0
Lebanon;660;1983;"United Kingdom";200;0;0;0;0;0;0;0;0;0;0;0
Lebanon;660;1984;Iraq;645;0;0;0;0;0;0;0;0;0;0;0
Lebanon;660;1984;Israel;666;0;0;0;0;0;0;0;0;0;0;0
Lebanon;660;1984;Syria;652;0;0;0;0;0;0;0;0;0;0;0
Lebanon;660;1984;"United Kingdom";200;0;0;0;0;0;0;0;0;0;0;0
Lebanon;660;1985;Iraq;645;0;0;0;0;0;0;0;0;0;0;0
Lebanon;660;1985;Israel;666;1;1;1;0;0;0;0;0;1;0;0
Lebanon;660;1985;Syria;652;0;0;0;0;0;0;0;0;0;0;0
Lebanon;660;1985;"United Kingdom";200;0;0;0;0;0;0;0;0;0;0;0
Lebanon;660;1986;Iraq;645;0;0;0;0;0;0;0;0;0;0;0
Lebanon;660;1986;Israel;666;1;1;1;0;0;0;0;0;1;0;0
Lebanon;660;1986;Syria;652;0;0;0;0;0;0;0;0;0;0;0
Lebanon;660;1986;"United Kingdom";200;0;0;0;0;0;0;0;0;0;0;0
Lebanon;660;1987;Iraq;645;0;0;0;0;0;0;0;0;0;0;0
Lebanon;660;1987;Israel;666;0;0;0;0;0;0;0;0;0;0;0
Lebanon;660;1987;Syria;652;0;0;0;0;0;0;0;0;0;0;0
Lebanon;660;1987;"United Kingdom";200;0;0;0;0;0;0;0;0;0;0;0
Lebanon;660;1988;Iraq;645;0;0;0;0;0;0;0;0;0;0;0
Lebanon;660;1988;Israel;666;0;0;0;0;0;0;0;0;0;0;0
Lebanon;660;1988;Syria;652;0;0;0;0;0;0;0;0;0;0;0
Lebanon;660;1988;"United Kingdom";200;0;0;0;0;0;0;0;0;0;0;0
Lebanon;660;1989;Iraq;645;1;0;0;0;0;0;1;0;0;0;0
Lebanon;660;1989;Israel;666;0;0;0;0;0;0;0;0;0;0;0
Lebanon;660;1989;Syria;652;0;0;0;0;0;0;0;0;0;0;0
Lebanon;660;1989;"United Kingdom";200;0;0;0;0;0;0;0;0;0;0;0
Lebanon;660;1990;Iraq;645;1;0;0;0;0;0;1;0;0;0;0
Lebanon;660;1990;Israel;666;0;0;0;0;0;0;0;0;0;0;0
Lebanon;660;1990;Syria;652;0;0;0;0;0;0;0;0;0;0;0
Lebanon;660;1990;"United Kingdom";200;0;0;0;0;0;0;0;0;0;0;0
Lebanon;660;1991;Israel;666;0;0;0;0;0;0;0;0;0;0;0
Lebanon;660;1991;Syria;652;0;0;0;0;0;0;0;0;0;0;0
Lebanon;660;1991;"United Kingdom";200;0;0;0;0;0;0;0;0;0;0;0
Lebanon;660;1992;Israel;666;0;0;0;0;0;0;0;0;0;0;0
Lebanon;660;1992;Syria;652;0;0;0;0;0;0;0;0;0;0;0
Lebanon;660;1992;"United Kingdom";200;0;0;0;0;0;0;0;0;0;0;0
Liberia;450;1988;"Burkina Faso";439;0;0;0;0;0;0;0;0;0;0;0
Liberia;450;1988;"Ivory Coast";437;1;1;0;0;0;0;0;0;1;0;0
Liberia;450;1988;Libya;620;1;0;0;0;1;1;1;0;0;0;0
Liberia;450;1988;"Sierra Leone";451;0;0;0;0;0;0;0;0;0;0;0
Liberia;450;1989;"Burkina Faso";439;0;0;0;0;0;0;0;0;0;0;0
Liberia;450;1989;"Ivory Coast";437;1;1;0;0;0;0;0;0;1;0;0
Liberia;450;1989;Libya;620;1;0;0;0;1;1;1;0;0;0;0
Liberia;450;1989;"Sierra Leone";451;0;0;0;0;0;0;0;0;0;0;0
Liberia;450;1990;"Burkina Faso";439;0;0;0;0;0;0;0;0;0;0;0
Liberia;450;1990;"Ivory Coast";437;1;1;0;0;0;0;0;0;1;0;0
Liberia;450;1990;Libya;620;1;0;0;0;0;0;1;0;0;0;0
Liberia;450;1990;"Sierra Leone";451;0;0;0;0;0;0;0;0;0;0;0
Liberia;450;1991;"Burkina Faso";439;1;0;0;0;1;1;0;0;1;1;0
Liberia;450;1991;"Ivory Coast";437;1;1;0;0;0;0;0;0;1;0;0
Liberia;450;1991;Libya;620;1;0;0;0;0;0;1;0;0;0;0
Liberia;450;1991;"Sierra Leone";451;0;0;0;0;0;0;0;0;0;0;0
Liberia;450;1992;"Burkina Faso";439;1;0;0;0;1;1;0;0;1;0;0
Liberia;450;1992;"Ivory Coast";437;1;1;0;0;0;0;0;0;1;0;0
Liberia;450;1992;Libya;620;1;0;0;0;0;0;1;0;0;0;0
Liberia;450;1992;"Sierra Leone";451;0;0;0;0;0;0;0;0;0;0;0
Liberia;450;1993;"Burkina Faso";439;1;0;0;0;1;1;0;0;1;0;0
Liberia;450;1993;"Ivory Coast";437;1;1;0;0;0;0;0;0;1;0;0
Liberia;450;1993;Libya;620;1;0;0;0;0;0;1;0;0;0;0
Liberia;450;1993;"Sierra Leone";451;0;0;0;0;0;0;0;0;0;0;0
Liberia;450;1994;"Burkina Faso";439;1;0;0;0;1;1;0;0;1;0;0
Liberia;450;1994;"Ivory Coast";437;1;1;0;0;0;0;0;0;1;0;0
Liberia;450;1994;Libya;620;1;0;0;0;0;0;1;0;0;0;0
Liberia;450;1994;"Sierra Leone";451;0;0;0;0;0;0;0;0;0;0;0
Liberia;450;1995;"Burkina Faso";439;1;0;0;0;1;1;0;0;1;0;0
Liberia;450;1995;"Ivory Coast";437;1;1;0;0;0;0;0;0;1;0;0
Liberia;450;1995;Libya;620;1;0;0;0;0;0;1;0;0;0;0
Liberia;450;1995;"Sierra Leone";451;0;0;0;0;0;0;0;0;0;0;0
Liberia;450;1996;"Burkina Faso";439;1;0;0;0;1;1;0;0;1;0;0
Liberia;450;1996;"Ivory Coast";437;1;1;0;0;0;0;0;0;1;0;0
Liberia;450;1996;Libya;620;1;0;0;0;0;0;1;0;0;0;0
Liberia;450;1996;"Sierra Leone";451;0;0;0;0;0;0;0;0;0;0;0
Liberia;450;1997;"Burkina Faso";439;1;0;0;0;1;1;0;0;1;0;0
Liberia;450;1997;"Ivory Coast";437;1;1;0;0;0;0;0;0;1;0;0
Liberia;450;1997;Libya;620;1;0;0;0;0;0;1;0;0;0;0
Liberia;450;1997;"Sierra Leone";451;0;0;0;0;0;0;0;0;0;0;0
Liberia;450;1999;Guinea;438;1;1;1;1;0;0;1;0;0;0;1
Liberia;450;1999;"Ivory Coast";437;1;1;0;0;0;0;0;0;0;0;1
Liberia;450;1999;"Sierra Leone";451;1;1;0;0;0;0;0;0;0;1;0
Liberia;450;1999;"United States of America";2;0;0;0;0;0;0;0;0;0;0;0
Liberia;450;2000;Guinea;438;1;1;1;1;0;0;1;0;0;0;1
Liberia;450;2000;"Ivory Coast";437;1;1;0;0;0;0;0;0;0;0;1
Liberia;450;2000;"Sierra Leone";451;1;1;0;0;0;0;0;0;0;1;0
Liberia;450;2000;"United States of America";2;0;0;0;0;0;0;0;0;0;0;0
Liberia;450;2001;Guinea;438;1;1;1;1;0;0;1;0;0;0;1
Liberia;450;2001;"Ivory Coast";437;1;1;0;0;0;0;0;0;0;0;1
Liberia;450;2001;"Sierra Leone";451;1;1;0;0;0;0;0;0;0;1;0
Liberia;450;2001;"United States of America";2;0;0;0;0;0;0;0;0;0;0;0
Liberia;450;2002;Guinea;438;1;1;1;1;0;0;1;0;0;0;1
Liberia;450;2002;"Ivory Coast";437;1;1;0;0;0;0;0;0;0;0;1
Liberia;450;2002;"Sierra Leone";451;1;1;0;0;0;0;0;0;0;1;0
Liberia;450;2002;"United States of America";2;0;0;0;0;0;0;0;0;0;0;0
Liberia;450;2003;Guinea;438;1;1;1;1;0;0;1;0;0;0;1
Liberia;450;2003;"Ivory Coast";437;2;2;1;1;1;0;1;1;0;0;1
Liberia;450;2003;"Sierra Leone";451;1;1;0;0;0;0;0;0;0;1;0
Liberia;450;2003;"United States of America";2;1;0;0;0;0;1;0;0;0;0;0
Macedonia;343;1996;Afghanistan;700;0;0;0;0;0;0;0;0;0;0;0
Macedonia;343;1996;Albania;339;1;1;1;0;0;0;0;0;0;0;0
Macedonia;343;1996;"Bosnia and Herzegovina";346;0;0;0;0;0;0;0;0;0;0;0
Macedonia;343;1996;Croatia;344;0;0;0;0;0;0;0;0;0;0;0
Macedonia;343;1996;Germany;255;0;0;0;0;0;0;0;0;0;0;0
Macedonia;343;1996;"Saudi Arabia";670;0;0;0;0;0;0;0;0;0;0;0
Macedonia;343;1996;"United Kingdom";200;0;0;0;0;0;0;0;0;0;0;0
Macedonia;343;1996;"United States of America";2;0;0;0;0;0;0;0;0;0;0;0
Macedonia;343;1996;Yemen;679;0;0;0;0;0;0;0;0;0;0;0
Macedonia;343;1997;Afghanistan;700;0;0;0;0;0;0;0;0;0;0;0
Macedonia;343;1997;Albania;339;1;1;1;0;0;0;0;0;0;0;0
Macedonia;343;1997;"Bosnia and Herzegovina";346;0;0;0;0;0;0;0;0;0;0;0
Macedonia;343;1997;Croatia;344;0;0;0;0;0;0;0;0;0;0;0
Macedonia;343;1997;Germany;255;0;0;0;0;0;0;0;0;0;0;0
Macedonia;343;1997;"Saudi Arabia";670;0;0;0;0;0;0;0;0;0;0;0
Macedonia;343;1997;"United Kingdom";200;0;0;0;0;0;0;0;0;0;0;0
Macedonia;343;1997;"United States of America";2;0;0;0;0;0;0;0;0;0;0;0
Macedonia;343;1997;Yemen;679;0;0;0;0;0;0;0;0;0;0;0
Macedonia;343;1998;Afghanistan;700;0;0;0;0;0;0;0;0;0;0;0
Macedonia;343;1998;Albania;339;1;1;1;0;0;0;0;0;0;0;0
Macedonia;343;1998;"Bosnia and Herzegovina";346;0;0;0;0;0;0;0;0;0;0;0
Macedonia;343;1998;Croatia;344;0;0;0;0;0;0;0;0;0;0;0
Macedonia;343;1998;Germany;255;0;0;0;0;0;0;0;0;0;0;0
Macedonia;343;1998;"Saudi Arabia";670;0;0;0;0;0;0;0;0;0;0;0
Macedonia;343;1998;"United Kingdom";200;0;0;0;0;0;0;0;0;0;0;0
Macedonia;343;1998;"United States of America";2;0;0;0;0;0;0;0;0;0;0;0
Macedonia;343;1998;Yemen;679;0;0;0;0;0;0;0;0;0;0;0
Macedonia;343;1999;Afghanistan;700;0;0;0;0;0;0;0;0;0;0;0
Macedonia;343;1999;Albania;339;1;1;1;0;0;0;0;0;0;0;0
Macedonia;343;1999;"Bosnia and Herzegovina";346;0;0;0;0;0;0;0;0;0;0;0
Macedonia;343;1999;Croatia;344;0;0;0;0;0;0;0;0;0;0;0
Macedonia;343;1999;Germany;255;0;0;0;0;0;0;0;0;0;0;0
Macedonia;343;1999;"Saudi Arabia";670;0;0;0;0;0;0;0;0;0;0;0
Macedonia;343;1999;"United Kingdom";200;0;0;0;0;0;0;0;0;0;0;0
Macedonia;343;1999;"United States of America";2;0;0;0;0;0;0;0;0;0;0;0
Macedonia;343;1999;Yemen;679;0;0;0;0;0;0;0;0;0;0;0
Macedonia;343;2000;Afghanistan;700;0;0;0;0;0;0;0;0;0;0;0
Macedonia;343;2000;Albania;339;1;1;1;0;0;0;0;0;0;0;0
Macedonia;343;2000;"Bosnia and Herzegovina";346;0;0;0;0;0;0;0;0;0;0;0
Macedonia;343;2000;Croatia;344;0;0;0;0;0;0;0;0;0;0;0
Macedonia;343;2000;Germany;255;0;0;0;0;0;0;0;0;0;0;0
Macedonia;343;2000;"Saudi Arabia";670;0;0;0;0;0;0;0;0;0;0;0
Macedonia;343;2000;"United Kingdom";200;0;0;0;0;0;0;0;0;0;0;0
Macedonia;343;2000;"United States of America";2;0;0;0;0;0;0;0;0;0;0;0
Macedonia;343;2000;Yemen;679;0;0;0;0;0;0;0;0;0;0;0
Macedonia;343;2001;Afghanistan;700;0;0;0;0;0;0;0;0;0;0;0
Macedonia;343;2001;Albania;339;1;1;1;0;0;0;0;0;0;0;0
Macedonia;343;2001;"Bosnia and Herzegovina";346;0;0;0;0;0;0;0;0;0;0;0
Macedonia;343;2001;Croatia;344;0;0;0;0;0;0;0;0;0;0;0
Macedonia;343;2001;Germany;255;0;0;0;0;0;0;0;0;0;0;0
Macedonia;343;2001;"Saudi Arabia";670;0;0;0;0;0;0;0;0;0;0;0
Macedonia;343;2001;"United Kingdom";200;0;0;0;0;0;0;0;0;0;0;0
Macedonia;343;2001;"United States of America";2;0;0;0;0;0;0;0;0;0;0;0
Macedonia;343;2001;Yemen;679;0;0;0;0;0;0;0;0;0;0;0
Malaysia;820;1957;Thailand;800;0;0;0;0;0;0;0;0;0;0;0
Malaysia;820;1958;Thailand;800;0;0;0;0;0;0;0;0;0;0;0
Malaysia;820;1959;Thailand;800;0;0;0;0;0;0;0;0;0;0;0
Malaysia;820;1960;Thailand;800;0;0;0;0;0;0;0;0;0;0;0
Malaysia;820;1961;Thailand;800;0;0;0;0;0;0;0;0;0;0;0
Malaysia;820;1962;Thailand;800;0;0;0;0;0;0;0;0;0;0;0
Malaysia;820;1963;Thailand;800;0;0;0;0;0;0;0;0;0;0;0
Malaysia;820;1964;Thailand;800;0;0;0;0;0;0;0;0;0;0;0
Malaysia;820;1965;Thailand;800;0;0;0;0;0;0;0;0;0;0;0
Malaysia;820;1966;Thailand;800;0;0;0;0;0;0;0;0;0;0;0
Malaysia;820;1967;Thailand;800;0;0;0;0;0;0;0;0;0;0;0
Malaysia;820;1968;Thailand;800;0;0;0;0;0;0;0;0;0;0;0
Malaysia;820;1969;Thailand;800;0;0;0;0;0;0;0;0;0;0;0
Malaysia;820;1970;Thailand;800;0;0;0;0;0;0;0;0;0;0;0
Malaysia;820;1971;Thailand;800;0;0;0;0;0;0;0;0;0;0;0
Malaysia;820;1972;Thailand;800;0;0;0;0;0;0;0;0;0;0;0
Malaysia;820;1973;Thailand;800;0;0;0;0;0;0;0;0;0;0;0
Malaysia;820;1974;Thailand;800;0;0;0;0;0;0;0;0;0;0;0
Malaysia;820;1975;Thailand;800;0;0;0;0;0;0;0;0;0;0;0
Malaysia;820;1976;Thailand;800;0;0;0;0;0;0;0;0;0;0;0
Malaysia;820;1977;Thailand;800;0;0;0;0;0;0;0;0;0;0;0
Malaysia;820;1978;Thailand;800;0;0;0;0;0;0;0;0;0;0;0
Malaysia;820;1979;Thailand;800;0;0;0;0;0;0;0;0;0;0;0
Malaysia;820;1980;Thailand;800;0;0;0;0;0;0;0;0;0;0;0
Malaysia;820;1981;Thailand;800;0;0;0;0;0;0;0;0;0;0;0
Malaysia;820;1982;Thailand;800;0;0;0;0;0;0;0;0;0;0;0
Malaysia;820;1983;Thailand;800;0;0;0;0;0;0;0;0;0;0;0
Malaysia;820;1984;Thailand;800;0;0;0;0;0;0;0;0;0;0;0
Malaysia;820;1985;Thailand;800;0;0;0;0;0;0;0;0;0;0;0
Malaysia;820;1986;Thailand;800;0;0;0;0;0;0;0;0;0;0;0
Malaysia;820;1987;Thailand;800;0;0;0;0;0;0;0;0;0;0;0
Malaysia;820;1988;Thailand;800;0;0;0;0;0;0;0;0;0;0;0
Malaysia;820;1989;Thailand;800;0;0;0;0;0;0;0;0;0;0;0
Mali;432;1990;Algeria;615;0;0;0;0;0;0;0;0;0;0;0
Mali;432;1990;Libya;620;1;1;1;0;0;1;0;0;0;0;0
Mali;432;1991;Algeria;615;0;0;0;0;0;0;0;0;0;0;0
Mali;432;1991;Libya;620;2;2;1;0;1;2;1;0;0;0;0
Mali;432;1992;Algeria;615;0;0;0;0;0;0;0;0;0;0;0
Mali;432;1992;Libya;620;2;2;1;0;1;2;1;0;0;0;0
Mali;432;1993;Algeria;615;0;0;0;0;0;0;0;0;0;0;0
Mali;432;1993;Libya;620;2;2;1;0;1;2;1;0;0;0;0
Mali;432;1994;Algeria;615;0;0;0;0;0;0;0;0;0;0;0
Mali;432;1994;Libya;620;2;2;1;0;1;2;1;0;0;0;0
Mali;432;1995;Algeria;615;0;0;0;0;0;0;0;0;0;0;0
Mali;432;1995;Libya;620;1;1;1;0;0;1;0;0;0;0;0
Mali;432;1996;Algeria;615;0;0;0;0;0;0;0;0;0;0;0
Mali;432;1996;Libya;620;1;1;1;0;0;1;0;0;0;0;0
Mali;432;1997;Algeria;615;0;0;0;0;0;0;0;0;0;0;0
Mali;432;1997;Libya;620;1;1;1;0;0;1;0;0;0;0;0
Mali;432;1998;Algeria;615;0;0;0;0;0;0;0;0;0;0;0
Mali;432;1998;Libya;620;1;1;1;0;0;1;0;0;0;0;0
Mali;432;1999;Algeria;615;0;0;0;0;0;0;0;0;0;0;0
Mali;432;1999;Libya;620;1;1;1;0;0;1;0;0;0;0;0
Mali;432;2000;Algeria;615;0;0;0;0;0;0;0;0;0;0;0
Mali;432;2000;Libya;620;1;1;1;0;0;1;0;0;0;0;0
Mali;432;2001;Algeria;615;0;0;0;0;0;0;0;0;0;0;0
Mali;432;2001;Libya;620;1;1;1;0;0;1;0;0;0;0;0
Mali;432;2002;Algeria;615;0;0;0;0;0;0;0;0;0;0;0
Mali;432;2002;Libya;620;1;1;1;0;0;1;0;0;0;0;0
Mali;432;2003;Algeria;615;0;0;0;0;0;0;0;0;0;0;0
Mali;432;2003;Libya;620;1;1;1;0;0;1;0;0;0;0;0
Mali;432;2004;Algeria;615;0;0;0;0;0;0;0;0;0;0;0
Mali;432;2004;Libya;620;1;1;1;0;0;1;0;0;0;0;0
Mali;432;2005;Algeria;615;0;0;0;0;0;0;0;0;0;0;0
Mali;432;2005;Libya;620;1;1;1;0;0;1;0;0;0;0;0
Mali;432;2006;Algeria;615;0;0;0;0;0;0;0;0;0;0;0
Mali;432;2006;Libya;620;1;1;1;0;0;1;0;0;0;0;0
Mali;432;2007;Algeria;615;0;0;0;0;0;0;0;0;0;0;0
Mali;432;2007;Libya;620;2;2;2;0;0;1;1;1;0;0;0
Mali;432;2008;Algeria;615;0;0;0;0;0;0;0;0;0;0;0
Mali;432;2008;Libya;620;2;2;2;0;0;1;1;1;0;0;0
Mali;432;2009;Algeria;615;0;0;0;0;0;0;0;0;0;0;0
Mali;432;2009;Libya;620;2;2;2;0;0;1;0;0;0;0;0
Mali;432;2010;Algeria;615;0;0;0;0;0;0;0;0;0;0;0
Mali;432;2010;Libya;620;1;1;1;0;0;1;0;0;0;0;0
Mauritania;435;1973;Algeria;615;1;1;1;0;0;0;1;0;0;0;0
Mauritania;435;1973;France;220;0;0;0;0;0;0;0;0;0;0;0
Mauritania;435;1973;Italy;325;0;0;0;0;0;0;0;0;0;0;0
Mauritania;435;1973;Libya;620;0;0;0;0;0;0;0;0;0;0;0
Mauritania;435;1973;"United States of America";2;1;1;1;1;0;0;0;0;0;0;0
Mauritania;435;1974;Algeria;615;1;1;1;0;0;0;1;0;0;0;0
Mauritania;435;1974;France;220;0;0;0;0;0;0;0;0;0;0;0
Mauritania;435;1974;Italy;325;0;0;0;0;0;0;0;0;0;0;0
Mauritania;435;1974;Libya;620;0;0;0;0;0;0;0;0;0;0;0
Mauritania;435;1974;"United States of America";2;1;1;1;1;0;0;0;0;0;0;0
Mauritania;435;1975;Algeria;615;1;1;1;0;0;0;1;0;0;0;0
Mauritania;435;1975;France;220;0;0;0;0;0;0;0;0;0;0;0
Mauritania;435;1975;Italy;325;0;0;0;0;0;0;0;0;0;0;0
Mauritania;435;1975;Libya;620;0;0;0;0;0;0;0;0;0;0;0
Mauritania;435;1975;"United States of America";2;1;1;1;1;0;0;0;0;0;0;0
Mauritania;435;1976;Algeria;615;1;1;1;0;0;0;1;0;0;0;0
Mauritania;435;1976;France;220;0;0;0;0;0;0;0;0;0;0;0
Mauritania;435;1976;Italy;325;0;0;0;0;0;0;0;0;0;0;0
Mauritania;435;1976;Libya;620;0;0;0;0;0;0;0;0;0;0;0
Mauritania;435;1976;"United States of America";2;1;1;1;1;0;0;0;0;0;0;0
Mauritania;435;1977;Algeria;615;1;1;1;0;0;0;1;0;0;0;0
Mauritania;435;1977;France;220;0;0;0;0;0;0;0;0;0;0;0
Mauritania;435;1977;Italy;325;0;0;0;0;0;0;0;0;0;0;0
Mauritania;435;1977;Libya;620;0;0;0;0;0;0;0;0;0;0;0
Mauritania;435;1977;"United States of America";2;1;1;1;1;0;0;0;0;0;0;0
Mauritania;435;1978;Algeria;615;1;1;1;0;0;0;1;0;0;0;0
Mauritania;435;1978;France;220;0;0;0;0;0;0;0;0;0;0;0
Mauritania;435;1978;Italy;325;0;0;0;0;0;0;0;0;0;0;0
Mauritania;435;1978;Libya;620;0;0;0;0;0;0;0;0;0;0;0
Mauritania;435;1978;"United States of America";2;1;1;1;1;0;0;0;0;0;0;0
Mauritania;435;1979;Algeria;615;1;1;1;0;0;0;1;0;0;0;0
Mauritania;435;1979;France;220;0;0;0;0;0;0;0;0;0;0;0
Mauritania;435;1979;Italy;325;0;0;0;0;0;0;0;0;0;0;0
Mauritania;435;1979;Libya;620;0;0;0;0;0;0;0;0;0;0;0
Mauritania;435;1979;"United States of America";2;1;1;1;1;0;0;0;0;0;0;0
Mauritania;435;1980;Algeria;615;1;1;1;0;0;0;1;0;0;0;0
Mauritania;435;1980;France;220;0;0;0;0;0;0;0;0;0;0;0
Mauritania;435;1980;Italy;325;0;0;0;0;0;0;0;0;0;0;0
Mauritania;435;1980;Libya;620;0;0;0;0;0;0;0;0;0;0;0
Mauritania;435;1980;"United States of America";2;1;1;1;1;0;0;0;0;0;0;0
Mauritania;435;1981;Algeria;615;1;1;1;0;0;0;1;0;0;0;0
Mauritania;435;1981;France;220;0;0;0;0;0;0;0;0;0;0;0
Mauritania;435;1981;Italy;325;0;0;0;0;0;0;0;0;0;0;0
Mauritania;435;1981;Libya;620;0;0;0;0;0;0;0;0;0;0;0
Mauritania;435;1981;"United States of America";2;1;1;1;1;0;0;0;0;0;0;0
Mauritania;435;1982;Algeria;615;1;1;1;0;0;0;1;0;0;0;0
Mauritania;435;1982;France;220;0;0;0;0;0;0;0;0;0;0;0
Mauritania;435;1982;Italy;325;0;0;0;0;0;0;0;0;0;0;0
Mauritania;435;1982;Libya;620;0;0;0;0;0;0;0;0;0;0;0
Mauritania;435;1982;"United States of America";2;1;1;1;1;0;0;0;0;0;0;0
Mauritania;435;1983;Algeria;615;1;1;1;0;0;0;1;0;0;0;0
Mauritania;435;1983;France;220;0;0;0;0;0;0;0;0;0;0;0
Mauritania;435;1983;Italy;325;0;0;0;0;0;0;0;0;0;0;0
Mauritania;435;1983;Libya;620;0;0;0;0;0;0;0;0;0;0;0
Mauritania;435;1983;"United States of America";2;1;1;1;1;0;0;0;0;0;0;0
Mauritania;435;1984;Algeria;615;1;1;1;0;0;0;1;0;0;0;0
Mauritania;435;1984;France;220;0;0;0;0;0;0;0;0;0;0;0
Mauritania;435;1984;Italy;325;0;0;0;0;0;0;0;0;0;0;0
Mauritania;435;1984;Libya;620;0;0;0;0;0;0;0;0;0;0;0
Mauritania;435;1984;"United States of America";2;1;1;1;1;0;0;0;0;0;0;0
Mauritania;435;1985;Algeria;615;1;1;1;0;0;0;1;0;0;0;0
Mauritania;435;1985;France;220;0;0;0;0;0;0;0;0;0;0;0
Mauritania;435;1985;Italy;325;0;0;0;0;0;0;0;0;0;0;0
Mauritania;435;1985;Libya;620;0;0;0;0;0;0;0;0;0;0;0
Mauritania;435;1985;"United States of America";2;1;1;1;1;0;0;0;0;0;0;0
Mauritania;435;1986;Algeria;615;1;1;1;0;0;0;1;0;0;0;0
Mauritania;435;1986;France;220;0;0;0;0;0;0;0;0;0;0;0
Mauritania;435;1986;Italy;325;0;0;0;0;0;0;0;0;0;0;0
Mauritania;435;1986;Libya;620;0;0;0;0;0;0;0;0;0;0;0
Mauritania;435;1986;"United States of America";2;1;1;1;1;0;0;0;0;0;0;0
Mauritania;435;1987;Algeria;615;1;1;1;0;0;0;1;0;0;0;0
Mauritania;435;1987;France;220;0;0;0;0;0;0;0;0;0;0;0
Mauritania;435;1987;Italy;325;0;0;0;0;0;0;0;0;0;0;0
Mauritania;435;1987;Libya;620;0;0;0;0;0;0;0;0;0;0;0
Mauritania;435;1987;"United States of America";2;1;1;1;1;0;0;0;0;0;0;0
Mauritania;435;1988;Algeria;615;1;1;1;0;0;0;1;0;0;0;0
Mauritania;435;1988;France;220;0;0;0;0;0;0;0;0;0;0;0
Mauritania;435;1988;Italy;325;0;0;0;0;0;0;0;0;0;0;0
Mauritania;435;1988;Libya;620;0;0;0;0;0;0;0;0;0;0;0
Mauritania;435;1988;"United States of America";2;1;1;1;1;0;0;0;0;0;0;0
Mauritania;435;1989;Algeria;615;1;1;1;0;0;0;1;0;0;0;0
Mauritania;435;1989;France;220;0;0;0;0;0;0;0;0;0;0;0
Mauritania;435;1989;Italy;325;0;0;0;0;0;0;0;0;0;0;0
Mauritania;435;1989;Libya;620;0;0;0;0;0;0;0;0;0;0;0
Mauritania;435;1989;"United States of America";2;1;1;1;1;0;0;0;0;0;0;0
Mauritania;435;1998;Mali;432;0;0;0;0;0;0;0;0;0;0;0
Mauritania;435;1998;Pakistan;770;0;0;0;0;0;0;0;0;0;0;0
Mauritania;435;1998;Senegal;433;0;0;0;0;0;0;0;0;0;0;0
Mauritania;435;1998;Spain;230;0;0;0;0;0;0;0;0;0;0;0
Mauritania;435;1999;Mali;432;0;0;0;0;0;0;0;0;0;0;0
Mauritania;435;1999;Pakistan;770;0;0;0;0;0;0;0;0;0;0;0
Mauritania;435;1999;Senegal;433;0;0;0;0;0;0;0;0;0;0;0
Mauritania;435;1999;Spain;230;0;0;0;0;0;0;0;0;0;0;0
Mauritania;435;2000;Mali;432;0;0;0;0;0;0;0;0;0;0;0
Mauritania;435;2000;Pakistan;770;0;0;0;0;0;0;0;0;0;0;0
Mauritania;435;2000;Senegal;433;0;0;0;0;0;0;0;0;0;0;0
Mauritania;435;2000;Spain;230;0;0;0;0;0;0;0;0;0;0;0
Mauritania;435;2001;Mali;432;0;0;0;0;0;0;0;0;0;0;0
Mauritania;435;2001;Pakistan;770;0;0;0;0;0;0;0;0;0;0;0
Mauritania;435;2001;Senegal;433;0;0;0;0;0;0;0;0;0;0;0
Mauritania;435;2001;Spain;230;0;0;0;0;0;0;0;0;0;0;0
Mauritania;435;2002;Mali;432;0;0;0;0;0;0;0;0;0;0;0
Mauritania;435;2002;Pakistan;770;0;0;0;0;0;0;0;0;0;0;0
Mauritania;435;2002;Senegal;433;0;0;0;0;0;0;0;0;0;0;0
Mauritania;435;2002;Spain;230;0;0;0;0;0;0;0;0;0;0;0
Mauritania;435;2003;Mali;432;0;0;0;0;0;0;0;0;0;0;0
Mauritania;435;2003;Pakistan;770;0;0;0;0;0;0;0;0;0;0;0
Mauritania;435;2003;Senegal;433;0;0;0;0;0;0;0;0;0;0;0
Mauritania;435;2003;Spain;230;0;0;0;0;0;0;0;0;0;0;0
Mauritania;435;2004;Mali;432;0;0;0;0;0;0;0;0;0;0;0
Mauritania;435;2004;Pakistan;770;0;0;0;0;0;0;0;0;0;0;0
Mauritania;435;2004;Senegal;433;0;0;0;0;0;0;0;0;0;0;0
Mauritania;435;2004;Spain;230;0;0;0;0;0;0;0;0;0;0;0
Mauritania;435;2005;Mali;432;0;0;0;0;0;0;0;0;0;0;0
Mauritania;435;2005;Pakistan;770;0;0;0;0;0;0;0;0;0;0;0
Mauritania;435;2005;Senegal;433;0;0;0;0;0;0;0;0;0;0;0
Mauritania;435;2005;Spain;230;0;0;0;0;0;0;0;0;0;0;0
Mauritania;435;2006;Mali;432;0;0;0;0;0;0;0;0;0;0;0
Mauritania;435;2006;Pakistan;770;0;0;0;0;0;0;0;0;0;0;0
Mauritania;435;2006;Senegal;433;0;0;0;0;0;0;0;0;0;0;0
Mauritania;435;2006;Spain;230;0;0;0;0;0;0;0;0;0;0;0
Mauritania;435;2007;Mali;432;0;0;0;0;0;0;0;0;0;0;0
Mauritania;435;2007;Pakistan;770;0;0;0;0;0;0;0;0;0;0;0
Mauritania;435;2007;Senegal;433;0;0;0;0;0;0;0;0;0;0;0
Mauritania;435;2007;Spain;230;0;0;0;0;0;0;0;0;0;0;0
Mauritania;435;2008;Mali;432;0;0;0;0;0;0;0;0;0;0;0
Mauritania;435;2008;Pakistan;770;0;0;0;0;0;0;0;0;0;0;0
Mauritania;435;2008;Senegal;433;0;0;0;0;0;0;0;0;0;0;0
Mauritania;435;2008;Spain;230;0;0;0;0;0;0;0;0;0;0;0
Mauritania;435;2009;Mali;432;0;0;0;0;0;0;0;0;0;0;0
Mauritania;435;2009;Pakistan;770;0;0;0;0;0;0;0;0;0;0;0
Mauritania;435;2009;Senegal;433;0;0;0;0;0;0;0;0;0;0;0
Mauritania;435;2009;Spain;230;0;0;0;0;0;0;0;0;0;0;0
Mauritania;435;2010;Mali;432;0;0;0;0;0;0;0;0;0;0;0
Mauritania;435;2010;Pakistan;770;0;0;0;0;0;0;0;0;0;0;0
Mauritania;435;2010;Senegal;433;0;0;0;0;0;0;0;0;0;0;0
Mauritania;435;2010;Spain;230;0;0;0;0;0;0;0;0;0;0;0
Moldova;359;1990;"Soviet Union/Russia";365;1;0;0;0;0;0;0;0;0;1;0
Moldova;359;1991;"Soviet Union/Russia";365;1;0;0;0;0;0;0;0;0;1;0
Moldova;359;1992;"Soviet Union/Russia";365;1;0;0;0;0;0;0;0;0;1;0
Morocco;600;1973;Algeria;615;1;1;1;1;0;0;1;0;0;0;0
Morocco;600;1973;France;220;0;0;0;0;0;0;0;0;0;0;0
Morocco;600;1973;Italy;325;0;0;0;0;0;0;0;0;0;0;0
Morocco;600;1973;Libya;620;0;0;0;0;0;0;0;0;0;0;0
Morocco;600;1973;"United States of America";2;1;1;1;1;0;0;0;0;0;0;0
Morocco;600;1974;Algeria;615;1;1;1;1;0;0;1;0;0;0;0
Morocco;600;1974;France;220;0;0;0;0;0;0;0;0;0;0;0
Morocco;600;1974;Italy;325;0;0;0;0;0;0;0;0;0;0;0
Morocco;600;1974;Libya;620;0;0;0;0;0;0;0;0;0;0;0
Morocco;600;1974;"United States of America";2;1;1;1;1;0;0;0;0;0;0;0
Morocco;600;1975;Algeria;615;1;1;1;1;0;0;1;0;0;0;0
Morocco;600;1975;France;220;0;0;0;0;0;0;0;0;0;0;0
Morocco;600;1975;Italy;325;0;0;0;0;0;0;0;0;0;0;0
Morocco;600;1975;Libya;620;0;0;0;0;0;0;0;0;0;0;0
Morocco;600;1975;"United States of America";2;1;1;1;1;0;0;0;0;0;0;0
Morocco;600;1976;Algeria;615;1;1;1;1;0;0;1;0;0;0;0
Morocco;600;1976;France;220;0;0;0;0;0;0;0;0;0;0;0
Morocco;600;1976;Italy;325;0;0;0;0;0;0;0;0;0;0;0
Morocco;600;1976;Libya;620;0;0;0;0;0;0;0;0;0;0;0
Morocco;600;1976;"United States of America";2;1;1;1;1;0;0;0;0;0;0;0
Morocco;600;1977;Algeria;615;1;1;1;1;0;0;1;0;0;0;0
Morocco;600;1977;France;220;0;0;0;0;0;0;0;0;0;0;0
Morocco;600;1977;Italy;325;0;0;0;0;0;0;0;0;0;0;0
Morocco;600;1977;Libya;620;0;0;0;0;0;0;0;0;0;0;0
Morocco;600;1977;"United States of America";2;1;1;1;1;0;0;0;0;0;0;0
Morocco;600;1978;Algeria;615;1;1;1;1;0;0;1;0;0;0;0
Morocco;600;1978;France;220;0;0;0;0;0;0;0;0;0;0;0
Morocco;600;1978;Italy;325;0;0;0;0;0;0;0;0;0;0;0
Morocco;600;1978;Libya;620;0;0;0;0;0;0;0;0;0;0;0
Morocco;600;1978;"United States of America";2;1;1;1;1;0;0;0;0;0;0;0
Morocco;600;1979;Algeria;615;1;1;1;1;0;0;1;0;0;0;0
Morocco;600;1979;France;220;0;0;0;0;0;0;0;0;0;0;0
Morocco;600;1979;Italy;325;0;0;0;0;0;0;0;0;0;0;0
Morocco;600;1979;Libya;620;0;0;0;0;0;0;0;0;0;0;0
Morocco;600;1979;"United States of America";2;1;1;1;1;0;0;0;0;0;0;0
Morocco;600;1980;Algeria;615;1;1;1;1;0;0;1;0;0;0;0
Morocco;600;1980;France;220;0;0;0;0;0;0;0;0;0;0;0
Morocco;600;1980;Italy;325;0;0;0;0;0;0;0;0;0;0;0
Morocco;600;1980;Libya;620;0;0;0;0;0;0;0;0;0;0;0
Morocco;600;1980;"United States of America";2;1;1;1;1;0;0;0;0;0;0;0
Morocco;600;1981;Algeria;615;1;1;1;1;0;0;1;0;0;0;0
Morocco;600;1981;France;220;0;0;0;0;0;0;0;0;0;0;0
Morocco;600;1981;Italy;325;0;0;0;0;0;0;0;0;0;0;0
Morocco;600;1981;Libya;620;0;0;0;0;0;0;0;0;0;0;0
Morocco;600;1981;"United States of America";2;1;1;1;1;0;0;0;0;0;0;0
Morocco;600;1982;Algeria;615;1;1;1;1;0;0;1;0;0;0;0
Morocco;600;1982;France;220;0;0;0;0;0;0;0;0;0;0;0
Morocco;600;1982;Italy;325;0;0;0;0;0;0;0;0;0;0;0
Morocco;600;1982;Libya;620;0;0;0;0;0;0;0;0;0;0;0
Morocco;600;1982;"United States of America";2;1;1;1;1;0;0;0;0;0;0;0
Morocco;600;1983;Algeria;615;1;1;1;1;0;0;1;0;0;0;0
Morocco;600;1983;France;220;0;0;0;0;0;0;0;0;0;0;0
Morocco;600;1983;Italy;325;0;0;0;0;0;0;0;0;0;0;0
Morocco;600;1983;Libya;620;0;0;0;0;0;0;0;0;0;0;0
Morocco;600;1983;"United States of America";2;1;1;1;1;0;0;0;0;0;0;0
Morocco;600;1984;Algeria;615;1;1;1;1;0;0;1;0;0;0;0
Morocco;600;1984;France;220;0;0;0;0;0;0;0;0;0;0;0
Morocco;600;1984;Italy;325;0;0;0;0;0;0;0;0;0;0;0
Morocco;600;1984;Libya;620;0;0;0;0;0;0;0;0;0;0;0
Morocco;600;1984;"United States of America";2;1;1;1;1;0;0;0;0;0;0;0
Morocco;600;1985;Algeria;615;1;1;1;1;0;0;1;0;0;0;0
Morocco;600;1985;France;220;0;0;0;0;0;0;0;0;0;0;0
Morocco;600;1985;Italy;325;0;0;0;0;0;0;0;0;0;0;0
Morocco;600;1985;Libya;620;0;0;0;0;0;0;0;0;0;0;0
Morocco;600;1985;"United States of America";2;1;1;1;1;0;0;0;0;0;0;0
Morocco;600;1986;Algeria;615;1;1;1;1;0;0;1;0;0;0;0
Morocco;600;1986;France;220;0;0;0;0;0;0;0;0;0;0;0
Morocco;600;1986;Italy;325;0;0;0;0;0;0;0;0;0;0;0
Morocco;600;1986;Libya;620;0;0;0;0;0;0;0;0;0;0;0
Morocco;600;1986;"United States of America";2;1;1;1;1;0;0;0;0;0;0;0
Morocco;600;1987;Algeria;615;1;1;1;1;0;0;1;0;0;0;0
Morocco;600;1987;France;220;0;0;0;0;0;0;0;0;0;0;0
Morocco;600;1987;Italy;325;0;0;0;0;0;0;0;0;0;0;0
Morocco;600;1987;Libya;620;0;0;0;0;0;0;0;0;0;0;0
Morocco;600;1987;"United States of America";2;1;1;1;1;0;0;0;0;0;0;0
Morocco;600;1988;Algeria;615;1;1;1;1;0;0;1;0;0;0;0
Morocco;600;1988;France;220;0;0;0;0;0;0;0;0;0;0;0
Morocco;600;1988;Italy;325;0;0;0;0;0;0;0;0;0;0;0
Morocco;600;1988;Libya;620;0;0;0;0;0;0;0;0;0;0;0
Morocco;600;1988;"United States of America";2;1;1;1;1;0;0;0;0;0;0;0
Morocco;600;1989;Algeria;615;1;1;1;1;0;0;1;0;0;0;0
Morocco;600;1989;France;220;0;0;0;0;0;0;0;0;0;0;0
Morocco;600;1989;Italy;325;0;0;0;0;0;0;0;0;0;0;0
Morocco;600;1989;Libya;620;0;0;0;0;0;0;0;0;0;0;0
Morocco;600;1989;"United States of America";2;1;1;1;1;0;0;0;0;0;0;0
Mozambique;541;1976;Canada;20;0;0;0;0;0;0;0;0;0;0;0
Mozambique;541;1976;Kenya;501;0;0;0;0;0;0;0;0;0;0;0
Mozambique;541;1976;Portugal;235;0;0;0;0;0;0;0;0;0;0;0
Mozambique;541;1976;"South Africa";560;1;1;1;1;0;0;1;1;0;0;0
Mozambique;541;1976;"United Kingdom";200;0;0;0;0;0;0;0;0;0;0;0
Mozambique;541;1976;"United States of America";2;0;0;0;0;0;0;0;0;0;0;0
Mozambique;541;1977;Canada;20;0;0;0;0;0;0;0;0;0;0;0
Mozambique;541;1977;Kenya;501;0;0;0;0;0;0;0;0;0;0;0
Mozambique;541;1977;Portugal;235;0;0;0;0;0;0;0;0;0;0;0
Mozambique;541;1977;"South Africa";560;1;1;1;1;0;0;1;1;0;0;0
Mozambique;541;1977;"United Kingdom";200;0;0;0;0;0;0;0;0;0;0;0
Mozambique;541;1977;"United States of America";2;0;0;0;0;0;0;0;0;0;0;0
Mozambique;541;1978;Canada;20;0;0;0;0;0;0;0;0;0;0;0
Mozambique;541;1978;Kenya;501;0;0;0;0;0;0;0;0;0;0;0
Mozambique;541;1978;Portugal;235;0;0;0;0;0;0;0;0;0;0;0
Mozambique;541;1978;"South Africa";560;1;1;1;1;0;0;1;1;0;0;0
Mozambique;541;1978;"United Kingdom";200;0;0;0;0;0;0;0;0;0;0;0
Mozambique;541;1978;"United States of America";2;0;0;0;0;0;0;0;0;0;0;0
Mozambique;541;1979;Canada;20;0;0;0;0;0;0;0;0;0;0;0
Mozambique;541;1979;Kenya;501;0;0;0;0;0;0;0;0;0;0;0
Mozambique;541;1979;Portugal;235;0;0;0;0;0;0;0;0;0;0;0
Mozambique;541;1979;"South Africa";560;1;1;1;1;0;0;1;1;0;0;0
Mozambique;541;1979;"United Kingdom";200;0;0;0;0;0;0;0;0;0;0;0
Mozambique;541;1979;"United States of America";2;0;0;0;0;0;0;0;0;0;0;0
Mozambique;541;1980;Canada;20;0;0;0;0;0;0;0;0;0;0;0
Mozambique;541;1980;Kenya;501;0;0;0;0;0;0;0;0;0;0;0
Mozambique;541;1980;Portugal;235;0;0;0;0;0;0;0;0;0;0;0
Mozambique;541;1980;"South Africa";560;1;1;1;1;0;0;1;1;0;0;0
Mozambique;541;1980;"United Kingdom";200;0;0;0;0;0;0;0;0;0;0;0
Mozambique;541;1980;"United States of America";2;0;0;0;0;0;0;0;0;0;0;0
Mozambique;541;1981;Canada;20;0;0;0;0;0;0;0;0;0;0;0
Mozambique;541;1981;Kenya;501;0;0;0;0;0;0;0;0;0;0;0
Mozambique;541;1981;Portugal;235;0;0;0;0;0;0;0;0;0;0;0
Mozambique;541;1981;"South Africa";560;1;1;1;1;0;0;1;1;0;0;0
Mozambique;541;1981;"United Kingdom";200;0;0;0;0;0;0;0;0;0;0;0
Mozambique;541;1981;"United States of America";2;0;0;0;0;0;0;0;0;0;0;0
Mozambique;541;1982;Canada;20;0;0;0;0;0;0;0;0;0;0;0
Mozambique;541;1982;Kenya;501;0;0;0;0;0;0;0;0;0;0;0
Mozambique;541;1982;Portugal;235;0;0;0;0;0;0;0;0;0;0;0
Mozambique;541;1982;"South Africa";560;1;1;1;1;0;0;1;1;0;0;0
Mozambique;541;1982;"United Kingdom";200;0;0;0;0;0;0;0;0;0;0;0
Mozambique;541;1982;"United States of America";2;0;0;0;0;0;0;0;0;0;0;0
Mozambique;541;1983;Canada;20;0;0;0;0;0;0;0;0;0;0;0
Mozambique;541;1983;Kenya;501;0;0;0;0;0;0;0;0;0;0;0
Mozambique;541;1983;Portugal;235;0;0;0;0;0;0;0;0;0;0;0
Mozambique;541;1983;"South Africa";560;1;1;1;1;0;0;1;1;0;0;0
Mozambique;541;1983;"United Kingdom";200;0;0;0;0;0;0;0;0;0;0;0
Mozambique;541;1983;"United States of America";2;0;0;0;0;0;0;0;0;0;0;0
Mozambique;541;1984;Canada;20;0;0;0;0;0;0;0;0;0;0;0
Mozambique;541;1984;Kenya;501;0;0;0;0;0;0;0;0;0;0;0
Mozambique;541;1984;Portugal;235;0;0;0;0;0;0;0;0;0;0;0
Mozambique;541;1984;"South Africa";560;1;1;1;1;0;0;1;1;0;0;0
Mozambique;541;1984;"United Kingdom";200;0;0;0;0;0;0;0;0;0;0;0
Mozambique;541;1984;"United States of America";2;0;0;0;0;0;0;0;0;0;0;0
Mozambique;541;1985;Canada;20;0;0;0;0;0;0;0;0;0;0;0
Mozambique;541;1985;Kenya;501;0;0;0;0;0;0;0;0;0;0;0
Mozambique;541;1985;Portugal;235;0;0;0;0;0;0;0;0;0;0;0
Mozambique;541;1985;"South Africa";560;1;1;1;1;0;0;1;1;0;0;0
Mozambique;541;1985;"United Kingdom";200;0;0;0;0;0;0;0;0;0;0;0
Mozambique;541;1985;"United States of America";2;0;0;0;0;0;0;0;0;0;0;0
Mozambique;541;1986;Canada;20;0;0;0;0;0;0;0;0;0;0;0
Mozambique;541;1986;Kenya;501;0;0;0;0;0;0;0;0;0;0;0
Mozambique;541;1986;Portugal;235;0;0;0;0;0;0;0;0;0;0;0
Mozambique;541;1986;"South Africa";560;1;1;1;1;0;0;1;1;0;0;0
Mozambique;541;1986;"United Kingdom";200;0;0;0;0;0;0;0;0;0;0;0
Mozambique;541;1986;"United States of America";2;0;0;0;0;0;0;0;0;0;0;0
Mozambique;541;1987;Canada;20;0;0;0;0;0;0;0;0;0;0;0
Mozambique;541;1987;Kenya;501;0;0;0;0;0;0;0;0;0;0;0
Mozambique;541;1987;Portugal;235;0;0;0;0;0;0;0;0;0;0;0
Mozambique;541;1987;"South Africa";560;1;1;1;1;0;0;1;1;0;0;0
Mozambique;541;1987;"United Kingdom";200;0;0;0;0;0;0;0;0;0;0;0
Mozambique;541;1987;"United States of America";2;0;0;0;0;0;0;0;0;0;0;0
Mozambique;541;1988;Canada;20;0;0;0;0;0;0;0;0;0;0;0
Mozambique;541;1988;Kenya;501;0;0;0;0;0;0;0;0;0;0;0
Mozambique;541;1988;Portugal;235;0;0;0;0;0;0;0;0;0;0;0
Mozambique;541;1988;"South Africa";560;1;1;1;1;0;0;1;1;0;0;0
Mozambique;541;1988;"United Kingdom";200;0;0;0;0;0;0;0;0;0;0;0
Mozambique;541;1988;"United States of America";2;0;0;0;0;0;0;0;0;0;0;0
Mozambique;541;1989;Canada;20;0;0;0;0;0;0;0;0;0;0;0
Mozambique;541;1989;Kenya;501;0;0;0;0;0;0;0;0;0;0;0
Mozambique;541;1989;Portugal;235;0;0;0;0;0;0;0;0;0;0;0
Mozambique;541;1989;"South Africa";560;1;1;1;1;0;0;1;1;0;0;0
Mozambique;541;1989;"United Kingdom";200;0;0;0;0;0;0;0;0;0;0;0
Mozambique;541;1989;"United States of America";2;0;0;0;0;0;0;0;0;0;0;0
Mozambique;541;1990;Canada;20;0;0;0;0;0;0;0;0;0;0;0
Mozambique;541;1990;Kenya;501;0;0;0;0;0;0;0;0;0;0;0
Mozambique;541;1990;Portugal;235;0;0;0;0;0;0;0;0;0;0;0
Mozambique;541;1990;"South Africa";560;1;1;1;1;0;0;1;1;0;0;0
Mozambique;541;1990;"United Kingdom";200;0;0;0;0;0;0;0;0;0;0;0
Mozambique;541;1990;"United States of America";2;0;0;0;0;0;0;0;0;0;0;0
Mozambique;541;1991;Canada;20;0;0;0;0;0;0;0;0;0;0;0
Mozambique;541;1991;Kenya;501;0;0;0;0;0;0;0;0;0;0;0
Mozambique;541;1991;Portugal;235;0;0;0;0;0;0;0;0;0;0;0
Mozambique;541;1991;"South Africa";560;1;1;1;1;0;0;1;1;0;0;0
Mozambique;541;1991;"United Kingdom";200;0;0;0;0;0;0;0;0;0;0;0
Mozambique;541;1991;"United States of America";2;0;0;0;0;0;0;0;0;0;0;0
Mozambique;541;1992;Canada;20;0;0;0;0;0;0;0;0;0;0;0
Mozambique;541;1992;Kenya;501;0;0;0;0;0;0;0;0;0;0;0
Mozambique;541;1992;Portugal;235;0;0;0;0;0;0;0;0;0;0;0
Mozambique;541;1992;"South Africa";560;1;1;1;1;0;0;1;1;0;0;0
Mozambique;541;1992;"United Kingdom";200;0;0;0;0;0;0;0;0;0;0;0
Mozambique;541;1992;"United States of America";2;0;0;0;0;0;0;0;0;0;0;0
Myanmar;775;1939;China;710;0;0;0;0;0;0;0;0;0;0;0
Myanmar;775;1940;China;710;0;0;0;0;0;0;0;0;0;0;0
Myanmar;775;1941;China;710;0;0;0;0;0;0;0;0;0;0;0
Myanmar;775;1942;China;710;0;0;0;0;0;0;0;0;0;0;0
Myanmar;775;1943;China;710;0;0;0;0;0;0;0;0;0;0;0
Myanmar;775;1944;China;710;0;0;0;0;0;0;0;0;0;0;0
Myanmar;775;1945;China;710;0;0;0;0;0;0;0;0;0;0;0
Myanmar;775;1946;China;710;0;0;0;0;0;0;0;0;0;0;0
Myanmar;775;1947;China;710;0;0;0;0;0;0;0;0;0;0;0
Myanmar;775;1947;Thailand;800;1;1;0;0;1;0;1;1;0;0;0
Myanmar;775;1947;"United States of America";2;0;0;0;0;0;0;0;0;0;0;0
Myanmar;775;1948;China;710;0;0;0;0;0;0;0;0;0;0;0
Myanmar;775;1948;Pakistan;770;0;0;0;0;0;0;0;0;0;0;0
Myanmar;775;1948;Thailand;800;1;1;0;0;1;0;1;1;0;0;0
Myanmar;775;1948;"United States of America";2;0;0;0;0;0;0;0;0;0;0;0
Myanmar;775;1949;China;710;0;0;0;0;0;0;0;0;0;0;0
Myanmar;775;1949;Pakistan;770;0;0;0;0;0;0;0;0;0;0;0
Myanmar;775;1949;Thailand;800;1;1;0;0;1;0;1;1;0;0;0
Myanmar;775;1949;"United States of America";2;0;0;0;0;0;0;0;0;0;0;0
Myanmar;775;1950;China;710;0;0;0;0;0;0;0;0;0;0;0
Myanmar;775;1950;Pakistan;770;0;0;0;0;0;0;0;0;0;0;0
Myanmar;775;1950;Thailand;800;1;1;0;0;1;0;1;1;0;0;0
Myanmar;775;1950;"United States of America";2;0;0;0;0;0;0;0;0;0;0;0
Myanmar;775;1951;China;710;0;0;0;0;0;0;0;0;0;0;0
Myanmar;775;1951;Pakistan;770;0;0;0;0;0;0;0;0;0;0;0
Myanmar;775;1951;Thailand;800;1;1;0;0;1;0;1;1;0;0;0
Myanmar;775;1951;"United States of America";2;0;0;0;0;0;0;0;0;0;0;0
Myanmar;775;1952;China;710;0;0;0;0;0;0;0;0;0;0;0
Myanmar;775;1952;Pakistan;770;0;0;0;0;0;0;0;0;0;0;0
Myanmar;775;1952;Thailand;800;1;1;0;0;1;0;1;1;0;0;0
Myanmar;775;1952;"United States of America";2;0;0;0;0;0;0;0;0;0;0;0
Myanmar;775;1953;China;710;0;0;0;0;0;0;0;0;0;0;0
Myanmar;775;1953;Pakistan;770;0;0;0;0;0;0;0;0;0;0;0
Myanmar;775;1953;Thailand;800;1;1;0;0;1;0;1;1;0;0;0
Myanmar;775;1953;"United States of America";2;0;0;0;0;0;0;0;0;0;0;0
Myanmar;775;1954;China;710;0;0;0;0;0;0;0;0;0;0;0
Myanmar;775;1954;Pakistan;770;0;0;0;0;0;0;0;0;0;0;0
Myanmar;775;1954;Thailand;800;1;1;0;0;1;0;1;1;0;0;0
Myanmar;775;1954;"United States of America";2;0;0;0;0;0;0;0;0;0;0;0
Myanmar;775;1955;China;710;0;0;0;0;0;0;0;0;0;0;0
Myanmar;775;1955;Pakistan;770;0;0;0;0;0;0;0;0;0;0;0
Myanmar;775;1955;Thailand;800;1;1;0;0;1;0;1;1;0;0;0
Myanmar;775;1955;"United States of America";2;0;0;0;0;0;0;0;0;0;0;0
Myanmar;775;1956;China;710;0;0;0;0;0;0;0;0;0;0;0
Myanmar;775;1956;Pakistan;770;0;0;0;0;0;0;0;0;0;0;0
Myanmar;775;1956;Thailand;800;1;1;0;0;1;0;1;1;0;0;0
Myanmar;775;1956;"United States of America";2;0;0;0;0;0;0;0;0;0;0;0
Myanmar;775;1957;China;710;0;0;0;0;0;0;0;0;0;0;0
Myanmar;775;1957;Pakistan;770;0;0;0;0;0;0;0;0;0;0;0
Myanmar;775;1957;Thailand;800;1;1;0;0;1;0;1;1;0;0;0
Myanmar;775;1957;"United States of America";2;0;0;0;0;0;0;0;0;0;0;0
Myanmar;775;1958;China;710;0;0;0;0;0;0;0;0;0;0;0
Myanmar;775;1958;India;750;0;0;0;0;0;0;0;0;0;0;0
Myanmar;775;1958;Pakistan;770;0;0;0;0;0;0;0;0;0;0;0
Myanmar;775;1958;Thailand;800;1;1;0;0;1;0;1;1;0;0;0
Myanmar;775;1958;"United States of America";2;0;0;0;0;0;0;0;0;0;0;0
Myanmar;775;1959;China;710;0;0;0;0;0;0;0;0;0;0;0
Myanmar;775;1959;India;750;0;0;0;0;0;0;0;0;0;0;0
Myanmar;775;1959;Pakistan;770;0;0;0;0;0;0;0;0;0;0;0
Myanmar;775;1959;Thailand;800;1;1;0;0;1;0;1;1;0;0;0
Myanmar;775;1959;"United States of America";2;0;0;0;0;0;0;0;0;0;0;0
Myanmar;775;1960;Bangladesh;771;0;0;0;0;0;0;0;0;0;0;0
Myanmar;775;1960;China;710;0;0;0;0;0;0;0;0;0;0;0
Myanmar;775;1960;India;750;0;0;0;0;0;0;0;0;0;0;0
Myanmar;775;1960;Pakistan;770;0;0;0;0;0;0;0;0;0;0;0
Myanmar;775;1960;Thailand;800;1;1;0;0;1;0;1;1;0;0;0
Myanmar;775;1960;"United States of America";2;0;0;0;0;0;0;0;0;0;0;0
Myanmar;775;1961;Bangladesh;771;0;0;0;0;0;0;0;0;0;0;0
Myanmar;775;1961;China;710;0;0;0;0;0;0;0;0;0;0;0
Myanmar;775;1961;India;750;0;0;0;0;0;0;0;0;0;0;0
Myanmar;775;1961;Pakistan;770;0;0;0;0;0;0;0;0;0;0;0
Myanmar;775;1961;Thailand;800;1;1;0;0;1;0;1;1;0;0;0
Myanmar;775;1961;"United States of America";2;0;0;0;0;0;0;0;0;0;0;0
Myanmar;775;1962;Bangladesh;771;0;0;0;0;0;0;0;0;0;0;0
Myanmar;775;1962;China;710;0;0;0;0;0;0;0;0;0;0;0
Myanmar;775;1962;India;750;0;0;0;0;0;0;0;0;0;0;0
Myanmar;775;1962;Pakistan;770;0;0;0;0;0;0;0;0;0;0;0
Myanmar;775;1962;Thailand;800;1;1;0;0;1;0;1;1;0;0;0
Myanmar;775;1962;"United States of America";2;0;0;0;0;0;0;0;0;0;0;0
Myanmar;775;1963;Bangladesh;771;0;0;0;0;0;0;0;0;0;0;0
Myanmar;775;1963;China;710;0;0;0;0;0;0;0;0;0;0;0
Myanmar;775;1963;India;750;0;0;0;0;0;0;0;0;0;0;0
Myanmar;775;1963;Pakistan;770;0;0;0;0;0;0;0;0;0;0;0
Myanmar;775;1963;Thailand;800;1;1;0;0;1;0;1;1;0;0;0
Myanmar;775;1963;"United States of America";2;0;0;0;0;0;0;0;0;0;0;0
Myanmar;775;1964;Bangladesh;771;0;0;0;0;0;0;0;0;0;0;0
Myanmar;775;1964;China;710;0;0;0;0;0;0;0;0;0;0;0
Myanmar;775;1964;India;750;0;0;0;0;0;0;0;0;0;0;0
Myanmar;775;1964;Thailand;800;2;1;0;0;1;1;2;1;0;1;0
Myanmar;775;1964;"United States of America";2;0;0;0;0;0;0;0;0;0;0;0
Myanmar;775;1965;Bangladesh;771;0;0;0;0;0;0;0;0;0;0;0
Myanmar;775;1965;China;710;0;0;0;0;0;0;0;0;0;0;0
Myanmar;775;1965;India;750;0;0;0;0;0;0;0;0;0;0;0
Myanmar;775;1965;Thailand;800;2;1;0;0;1;1;2;1;0;1;0
Myanmar;775;1965;"United States of America";2;0;0;0;0;0;0;0;0;0;0;0
Myanmar;775;1966;Bangladesh;771;0;0;0;0;0;0;0;0;0;0;0
Myanmar;775;1966;China;710;1;1;0;0;0;1;1;1;0;0;0
Myanmar;775;1966;India;750;0;0;0;0;0;0;0;0;0;0;0
Myanmar;775;1966;Thailand;800;2;1;0;0;1;1;2;1;0;1;0
Myanmar;775;1966;"United States of America";2;0;0;0;0;0;0;0;0;0;0;0
Myanmar;775;1967;Bangladesh;771;0;0;0;0;0;0;0;0;0;0;0
Myanmar;775;1967;China;710;1;1;0;0;0;1;1;1;0;0;0
Myanmar;775;1967;India;750;0;0;0;0;0;0;0;0;0;0;0
Myanmar;775;1967;Thailand;800;2;1;0;0;1;1;2;1;0;1;0
Myanmar;775;1967;"United States of America";2;0;0;0;0;0;0;0;0;0;0;0
Myanmar;775;1968;Bangladesh;771;0;0;0;0;0;0;0;0;0;0;0
Myanmar;775;1968;China;710;1;1;0;0;0;1;1;1;0;0;0
Myanmar;775;1968;India;750;0;0;0;0;0;0;0;0;0;0;0
Myanmar;775;1968;Thailand;800;2;1;0;0;1;1;2;1;0;1;0
Myanmar;775;1968;"United States of America";2;0;0;0;0;0;0;0;0;0;0;0
Myanmar;775;1969;Bangladesh;771;0;0;0;0;0;0;0;0;0;0;0
Myanmar;775;1969;China;710;1;1;0;0;0;1;1;1;0;0;0
Myanmar;775;1969;India;750;0;0;0;0;0;0;0;0;0;0;0
Myanmar;775;1969;Thailand;800;3;2;0;0;1;1;3;1;0;1;0
Myanmar;775;1969;"United States of America";2;0;0;0;0;0;0;0;0;0;0;0
Myanmar;775;1970;Bangladesh;771;0;0;0;0;0;0;0;0;0;0;0
Myanmar;775;1970;China;710;1;1;0;0;0;1;1;1;0;0;0
Myanmar;775;1970;India;750;0;0;0;0;0;0;0;0;0;0;0
Myanmar;775;1970;Thailand;800;3;2;0;0;1;1;3;1;0;1;0
Myanmar;775;1970;"United States of America";2;0;0;0;0;0;0;0;0;0;0;0
Myanmar;775;1971;Bangladesh;771;0;0;0;0;0;0;0;0;0;0;0
Myanmar;775;1971;China;710;1;1;0;0;0;1;1;1;0;0;0
Myanmar;775;1971;India;750;0;0;0;0;0;0;0;0;0;0;0
Myanmar;775;1971;Thailand;800;3;2;0;0;1;1;3;1;0;1;0
Myanmar;775;1971;"United States of America";2;0;0;0;0;0;0;0;0;0;0;0
Myanmar;775;1972;Bangladesh;771;0;0;0;0;0;0;0;0;0;0;0
Myanmar;775;1972;China;710;1;1;0;0;0;1;1;1;0;0;0
Myanmar;775;1972;India;750;0;0;0;0;0;0;0;0;0;0;0
Myanmar;775;1972;Thailand;800;3;2;0;0;1;1;3;1;0;1;0
Myanmar;775;1972;"United States of America";2;0;0;0;0;0;0;0;0;0;0;0
Myanmar;775;1973;China;710;1;1;0;0;0;1;1;1;0;0;0
Myanmar;775;1973;India;750;0;0;0;0;0;0;0;0;0;0;0
Myanmar;775;1973;Thailand;800;3;2;0;0;1;1;3;1;0;1;0
Myanmar;775;1973;"United States of America";2;0;0;0;0;0;0;0;0;0;0;0
Myanmar;775;1974;China;710;1;1;0;0;0;1;1;1;0;0;0
Myanmar;775;1974;India;750;0;0;0;0;0;0;0;0;0;0;0
Myanmar;775;1974;Thailand;800;2;2;0;0;1;0;2;1;0;0;0
Myanmar;775;1974;"United States of America";2;0;0;0;0;0;0;0;0;0;0;0
Myanmar;775;1975;China;710;1;1;0;0;0;1;1;1;0;0;0
Myanmar;775;1975;India;750;0;0;0;0;0;0;0;0;0;0;0
Myanmar;775;1975;Thailand;800;2;2;0;0;1;0;2;1;0;0;0
Myanmar;775;1975;"United States of America";2;0;0;0;0;0;0;0;0;0;0;0
Myanmar;775;1976;China;710;1;0;0;0;0;0;0;1;0;0;0
Myanmar;775;1976;India;750;0;0;0;0;0;0;0;0;0;0;0
Myanmar;775;1976;Taiwan;713;1;0;0;0;0;0;0;0;0;0;1
Myanmar;775;1976;Thailand;800;2;2;0;0;1;0;2;1;0;0;0
Myanmar;775;1976;"United States of America";2;0;0;0;0;0;0;0;0;0;0;0
Myanmar;775;1977;China;710;1;0;0;0;0;0;0;1;0;0;0
Myanmar;775;1977;India;750;0;0;0;0;0;0;0;0;0;0;0
Myanmar;775;1977;Thailand;800;2;2;0;0;1;0;2;1;0;0;0
Myanmar;775;1977;"United States of America";2;0;0;0;0;0;0;0;0;0;0;0
Myanmar;775;1978;China;710;1;0;0;0;0;0;0;1;0;0;0
Myanmar;775;1978;India;750;0;0;0;0;0;0;0;0;0;0;0
Myanmar;775;1978;Thailand;800;2;2;0;0;1;0;2;1;0;0;0
Myanmar;775;1978;"United States of America";2;0;0;0;0;0;0;0;0;0;0;0
Myanmar;775;1979;China;710;1;0;0;0;0;0;0;1;0;0;0
Myanmar;775;1979;India;750;0;0;0;0;0;0;0;0;0;0;0
Myanmar;775;1979;Thailand;800;2;2;0;0;1;0;2;1;0;0;0
Myanmar;775;1979;"United States of America";2;0;0;0;0;0;0;0;0;0;0;0
Myanmar;775;1980;China;710;1;0;0;0;0;0;0;1;0;0;0
Myanmar;775;1980;India;750;0;0;0;0;0;0;0;0;0;0;0
Myanmar;775;1980;Thailand;800;2;2;0;0;1;0;2;1;0;0;0
Myanmar;775;1980;"United States of America";2;0;0;0;0;0;0;0;0;0;0;0
Myanmar;775;1981;China;710;1;0;0;0;0;0;0;1;0;0;0
Myanmar;775;1981;India;750;0;0;0;0;0;0;0;0;0;0;0
Myanmar;775;1981;Thailand;800;2;2;0;0;1;0;2;1;0;0;0
Myanmar;775;1981;"United States of America";2;0;0;0;0;0;0;0;0;0;0;0
Myanmar;775;1982;Afghanistan;700;0;0;0;0;0;0;0;0;0;0;0
Myanmar;775;1982;Bangladesh;771;0;0;0;0;0;0;0;0;0;0;0
Myanmar;775;1982;China;710;1;0;0;0;0;0;0;1;0;0;0
Myanmar;775;1982;India;750;0;0;0;0;0;0;0;0;0;0;0
Myanmar;775;1982;Malaysia;820;0;0;0;0;0;0;0;0;0;0;0
Myanmar;775;1982;Pakistan;770;0;0;0;0;0;0;0;0;0;0;0
Myanmar;775;1982;"Saudi Arabia";670;0;0;0;0;0;0;0;0;0;0;0
Myanmar;775;1982;Thailand;800;2;2;0;0;1;0;2;1;0;0;0
Myanmar;775;1982;"United States of America";2;0;0;0;0;0;0;0;0;0;0;0
Myanmar;775;1983;Afghanistan;700;0;0;0;0;0;0;0;0;0;0;0
Myanmar;775;1983;Bangladesh;771;0;0;0;0;0;0;0;0;0;0;0
Myanmar;775;1983;China;710;1;0;0;0;0;0;0;1;0;0;0
Myanmar;775;1983;India;750;0;0;0;0;0;0;0;0;0;0;0
Myanmar;775;1983;Malaysia;820;0;0;0;0;0;0;0;0;0;0;0
Myanmar;775;1983;Pakistan;770;0;0;0;0;0;0;0;0;0;0;0
Myanmar;775;1983;"Saudi Arabia";670;0;0;0;0;0;0;0;0;0;0;0
Myanmar;775;1983;Thailand;800;2;2;0;0;1;0;2;1;0;0;0
Myanmar;775;1983;"United States of America";2;0;0;0;0;0;0;0;0;0;0;0
Myanmar;775;1984;Afghanistan;700;0;0;0;0;0;0;0;0;0;0;0
Myanmar;775;1984;Bangladesh;771;0;0;0;0;0;0;0;0;0;0;0
Myanmar;775;1984;China;710;1;0;0;0;0;0;0;1;0;0;0
Myanmar;775;1984;India;750;0;0;0;0;0;0;0;0;0;0;0
Myanmar;775;1984;Malaysia;820;0;0;0;0;0;0;0;0;0;0;0
Myanmar;775;1984;Pakistan;770;0;0;0;0;0;0;0;0;0;0;0
Myanmar;775;1984;"Saudi Arabia";670;0;0;0;0;0;0;0;0;0;0;0
Myanmar;775;1984;Thailand;800;2;1;0;0;1;1;2;1;0;1;0
Myanmar;775;1984;"United States of America";2;0;0;0;0;0;0;0;0;0;0;0
Myanmar;775;1985;Afghanistan;700;0;0;0;0;0;0;0;0;0;0;0
Myanmar;775;1985;Bangladesh;771;0;0;0;0;0;0;0;0;0;0;0
Myanmar;775;1985;China;710;0;0;0;0;0;0;0;0;0;0;0
Myanmar;775;1985;India;750;0;0;0;0;0;0;0;0;0;0;0
Myanmar;775;1985;Malaysia;820;0;0;0;0;0;0;0;0;0;0;0
Myanmar;775;1985;Pakistan;770;0;0;0;0;0;0;0;0;0;0;0
Myanmar;775;1985;"Saudi Arabia";670;0;0;0;0;0;0;0;0;0;0;0
Myanmar;775;1985;Thailand;800;1;1;0;0;1;0;1;1;0;0;0
Myanmar;775;1985;"United States of America";2;0;0;0;0;0;0;0;0;0;0;0
Myanmar;775;1986;Afghanistan;700;0;0;0;0;0;0;0;0;0;0;0
Myanmar;775;1986;Bangladesh;771;0;0;0;0;0;0;0;0;0;0;0
Myanmar;775;1986;China;710;0;0;0;0;0;0;0;0;0;0;0
Myanmar;775;1986;India;750;0;0;0;0;0;0;0;0;0;0;0
Myanmar;775;1986;Malaysia;820;0;0;0;0;0;0;0;0;0;0;0
Myanmar;775;1986;Pakistan;770;0;0;0;0;0;0;0;0;0;0;0
Myanmar;775;1986;"Saudi Arabia";670;0;0;0;0;0;0;0;0;0;0;0
Myanmar;775;1986;Thailand;800;1;1;0;0;1;0;1;1;0;0;0
Myanmar;775;1986;"United States of America";2;0;0;0;0;0;0;0;0;0;0;0
Myanmar;775;1987;Afghanistan;700;0;0;0;0;0;0;0;0;0;0;0
Myanmar;775;1987;Bangladesh;771;0;0;0;0;0;0;0;0;0;0;0
Myanmar;775;1987;China;710;0;0;0;0;0;0;0;0;0;0;0
Myanmar;775;1987;India;750;0;0;0;0;0;0;0;0;0;0;0
Myanmar;775;1987;Malaysia;820;0;0;0;0;0;0;0;0;0;0;0
Myanmar;775;1987;Pakistan;770;0;0;0;0;0;0;0;0;0;0;0
Myanmar;775;1987;"Saudi Arabia";670;0;0;0;0;0;0;0;0;0;0;0
Myanmar;775;1987;Thailand;800;1;1;0;0;1;0;1;1;0;0;0
Myanmar;775;1987;"United States of America";2;0;0;0;0;0;0;0;0;0;0;0
Myanmar;775;1988;Afghanistan;700;0;0;0;0;0;0;0;0;0;0;0
Myanmar;775;1988;Bangladesh;771;0;0;0;0;0;0;0;0;0;0;0
Myanmar;775;1988;China;710;0;0;0;0;0;0;0;0;0;0;0
Myanmar;775;1988;India;750;0;0;0;0;0;0;0;0;0;0;0
Myanmar;775;1988;Malaysia;820;0;0;0;0;0;0;0;0;0;0;0
Myanmar;775;1988;Pakistan;770;0;0;0;0;0;0;0;0;0;0;0
Myanmar;775;1988;"Saudi Arabia";670;0;0;0;0;0;0;0;0;0;0;0
Myanmar;775;1988;Thailand;800;2;2;0;0;2;0;1;1;0;0;0
Myanmar;775;1988;"United States of America";2;0;0;0;0;0;0;0;0;0;0;0
Myanmar;775;1989;Afghanistan;700;0;0;0;0;0;0;0;0;0;0;0
Myanmar;775;1989;Bangladesh;771;0;0;0;0;0;0;0;0;0;0;0
Myanmar;775;1989;China;710;0;0;0;0;0;0;0;0;0;0;0
Myanmar;775;1989;India;750;0;0;0;0;0;0;0;0;0;0;0
Myanmar;775;1989;Malaysia;820;0;0;0;0;0;0;0;0;0;0;0
Myanmar;775;1989;Pakistan;770;0;0;0;0;0;0;0;0;0;0;0
Myanmar;775;1989;"Saudi Arabia";670;0;0;0;0;0;0;0;0;0;0;0
Myanmar;775;1989;Thailand;800;2;2;0;0;2;0;1;1;0;0;0
Myanmar;775;1989;"United States of America";2;0;0;0;0;0;0;0;0;0;0;0
Myanmar;775;1990;Afghanistan;700;0;0;0;0;0;0;0;0;0;0;0
Myanmar;775;1990;Bangladesh;771;0;0;0;0;0;0;0;0;0;0;0
Myanmar;775;1990;China;710;0;0;0;0;0;0;0;0;0;0;0
Myanmar;775;1990;India;750;0;0;0;0;0;0;0;0;0;0;0
Myanmar;775;1990;Malaysia;820;0;0;0;0;0;0;0;0;0;0;0
Myanmar;775;1990;Pakistan;770;0;0;0;0;0;0;0;0;0;0;0
Myanmar;775;1990;"Saudi Arabia";670;0;0;0;0;0;0;0;0;0;0;0
Myanmar;775;1990;Thailand;800;1;1;0;0;1;0;0;0;0;0;0
Myanmar;775;1990;"United States of America";2;0;0;0;0;0;0;0;0;0;0;0
Myanmar;775;1991;Afghanistan;700;0;0;0;0;0;0;0;0;0;0;0
Myanmar;775;1991;Bangladesh;771;0;0;0;0;0;0;0;0;0;0;0
Myanmar;775;1991;China;710;0;0;0;0;0;0;0;0;0;0;0
Myanmar;775;1991;India;750;0;0;0;0;0;0;0;0;0;0;0
Myanmar;775;1991;Malaysia;820;0;0;0;0;0;0;0;0;0;0;0
Myanmar;775;1991;Pakistan;770;0;0;0;0;0;0;0;0;0;0;0
Myanmar;775;1991;"Saudi Arabia";670;0;0;0;0;0;0;0;0;0;0;0
Myanmar;775;1991;Thailand;800;1;1;0;0;1;0;0;0;0;0;0
Myanmar;775;1991;"United States of America";2;0;0;0;0;0;0;0;0;0;0;0
Myanmar;775;1992;Afghanistan;700;0;0;0;0;0;0;0;0;0;0;0
Myanmar;775;1992;Bangladesh;771;0;0;0;0;0;0;0;0;0;0;0
Myanmar;775;1992;China;710;0;0;0;0;0;0;0;0;0;0;0
Myanmar;775;1992;India;750;0;0;0;0;0;0;0;0;0;0;0
Myanmar;775;1992;Malaysia;820;0;0;0;0;0;0;0;0;0;0;0
Myanmar;775;1992;Pakistan;770;0;0;0;0;0;0;0;0;0;0;0
Myanmar;775;1992;"Saudi Arabia";670;0;0;0;0;0;0;0;0;0;0;0
Myanmar;775;1992;Thailand;800;1;1;0;0;1;0;0;0;0;0;0
Myanmar;775;1992;"United States of America";2;0;0;0;0;0;0;0;0;0;0;0
Myanmar;775;1993;Afghanistan;700;0;0;0;0;0;0;0;0;0;0;0
Myanmar;775;1993;Bangladesh;771;0;0;0;0;0;0;0;0;0;0;0
Myanmar;775;1993;China;710;0;0;0;0;0;0;0;0;0;0;0
Myanmar;775;1993;India;750;0;0;0;0;0;0;0;0;0;0;0
Myanmar;775;1993;Malaysia;820;0;0;0;0;0;0;0;0;0;0;0
Myanmar;775;1993;Pakistan;770;0;0;0;0;0;0;0;0;0;0;0
Myanmar;775;1993;"Saudi Arabia";670;0;0;0;0;0;0;0;0;0;0;0
Myanmar;775;1993;Thailand;800;1;1;0;0;1;0;0;0;0;0;0
Myanmar;775;1993;"United States of America";2;0;0;0;0;0;0;0;0;0;0;0
Myanmar;775;1994;Afghanistan;700;0;0;0;0;0;0;0;0;0;0;0
Myanmar;775;1994;Bangladesh;771;0;0;0;0;0;0;0;0;0;0;0
Myanmar;775;1994;China;710;0;0;0;0;0;0;0;0;0;0;0
Myanmar;775;1994;India;750;0;0;0;0;0;0;0;0;0;0;0
Myanmar;775;1994;Malaysia;820;0;0;0;0;0;0;0;0;0;0;0
Myanmar;775;1994;Pakistan;770;0;0;0;0;0;0;0;0;0;0;0
Myanmar;775;1994;"Saudi Arabia";670;0;0;0;0;0;0;0;0;0;0;0
Myanmar;775;1994;Thailand;800;1;1;0;0;1;0;0;0;0;0;0
Myanmar;775;1994;"United States of America";2;0;0;0;0;0;0;0;0;0;0;0
Myanmar;775;1995;China;710;0;0;0;0;0;0;0;0;0;0;0
Myanmar;775;1995;India;750;0;0;0;0;0;0;0;0;0;0;0
Myanmar;775;1995;Thailand;800;0;0;0;0;0;0;0;0;0;0;0
Myanmar;775;1995;"United States of America";2;0;0;0;0;0;0;0;0;0;0;0
Myanmar;775;1996;China;710;0;0;0;0;0;0;0;0;0;0;0
Myanmar;775;1996;Thailand;800;0;0;0;0;0;0;0;0;0;0;0
Myanmar;775;1996;"United States of America";2;0;0;0;0;0;0;0;0;0;0;0
Myanmar;775;1997;China;710;1;0;0;0;0;0;1;0;0;0;0
Myanmar;775;1997;Thailand;800;0;0;0;0;0;0;0;0;0;0;0
Myanmar;775;1997;"United States of America";2;0;0;0;0;0;0;0;0;0;0;0
Myanmar;775;1998;China;710;0;0;0;0;0;0;0;0;0;0;0
Myanmar;775;1998;Thailand;800;0;0;0;0;0;0;0;0;0;0;0
Myanmar;775;1998;"United States of America";2;0;0;0;0;0;0;0;0;0;0;0
Myanmar;775;1999;China;710;0;0;0;0;0;0;0;0;0;0;0
Myanmar;775;1999;Thailand;800;0;0;0;0;0;0;0;0;0;0;0
Myanmar;775;1999;"United States of America";2;0;0;0;0;0;0;0;0;0;0;0
Myanmar;775;2000;China;710;0;0;0;0;0;0;0;0;0;0;0
Myanmar;775;2000;Thailand;800;1;0;1;0;0;0;0;0;0;0;0
Myanmar;775;2000;"United States of America";2;0;0;0;0;0;0;0;0;0;0;0
Myanmar;775;2001;China;710;0;0;0;0;0;0;0;0;0;0;0
Myanmar;775;2001;Thailand;800;0;0;0;0;0;0;0;0;0;0;0
Myanmar;775;2001;"United States of America";2;0;0;0;0;0;0;0;0;0;0;0
Myanmar;775;2002;China;710;0;0;0;0;0;0;0;0;0;0;0
Myanmar;775;2002;Thailand;800;0;0;0;0;0;0;0;0;0;0;0
Myanmar;775;2002;"United States of America";2;0;0;0;0;0;0;0;0;0;0;0
Myanmar;775;2003;China;710;0;0;0;0;0;0;0;0;0;0;0
Myanmar;775;2003;Thailand;800;0;0;0;0;0;0;0;0;0;0;0
Myanmar;775;2003;"United States of America";2;0;0;0;0;0;0;0;0;0;0;0
Myanmar;775;2004;China;710;0;0;0;0;0;0;0;0;0;0;0
Myanmar;775;2004;Thailand;800;0;0;0;0;0;0;0;0;0;0;0
Myanmar;775;2004;"United States of America";2;0;0;0;0;0;0;0;0;0;0;0
Myanmar;775;2005;China;710;0;0;0;0;0;0;0;0;0;0;0
Myanmar;775;2005;Thailand;800;0;0;0;0;0;0;0;0;0;0;0
Myanmar;775;2005;"United States of America";2;0;0;0;0;0;0;0;0;0;0;0
Myanmar;775;2006;China;710;0;0;0;0;0;0;0;0;0;0;0
Myanmar;775;2006;Thailand;800;0;0;0;0;0;0;0;0;0;0;0
Myanmar;775;2006;"United States of America";2;1;1;0;0;0;0;0;0;0;0;0
Myanmar;775;2007;China;710;0;0;0;0;0;0;0;0;0;0;0
Myanmar;775;2007;Thailand;800;0;0;0;0;0;0;0;0;0;0;0
Myanmar;775;2007;"United States of America";2;1;1;0;0;0;0;0;0;0;0;0
Myanmar;775;2008;China;710;0;0;0;0;0;0;0;0;0;0;0
Myanmar;775;2008;Thailand;800;0;0;0;0;0;0;0;0;0;0;0
Myanmar;775;2008;"United States of America";2;1;1;0;0;0;0;0;0;0;0;0
Myanmar;775;2009;China;710;0;0;0;0;0;0;0;0;0;0;0
Myanmar;775;2009;Thailand;800;0;0;0;0;0;0;0;0;0;0;0
Myanmar;775;2009;"United States of America";2;1;1;0;0;0;0;0;0;0;0;0
Myanmar;775;2010;China;710;0;0;0;0;0;0;0;0;0;0;0
Myanmar;775;2010;Thailand;800;0;0;0;0;0;0;0;0;0;0;0
Myanmar;775;2010;"United States of America";2;1;1;0;0;0;0;0;0;0;0;0
Nepal;790;1950;India;750;0;0;0;0;0;0;0;0;0;0;0
Nepal;790;1951;India;750;0;0;0;0;0;0;0;0;0;0;0
Nepal;790;1952;India;750;0;0;0;0;0;0;0;0;0;0;0
Nepal;790;1953;India;750;0;0;0;0;0;0;0;0;0;0;0
Nepal;790;1954;India;750;0;0;0;0;0;0;0;0;0;0;0
Nepal;790;1955;India;750;0;0;0;0;0;0;0;0;0;0;0
Nepal;790;1956;India;750;0;0;0;0;0;0;0;0;0;0;0
Nepal;790;1957;India;750;0;0;0;0;0;0;0;0;0;0;0
Nepal;790;1958;India;750;0;0;0;0;0;0;0;0;0;0;0
Nepal;790;1959;India;750;0;0;0;0;0;0;0;0;0;0;0
Nepal;790;1960;India;750;0;0;0;0;0;0;0;0;0;0;0
Nepal;790;1961;India;750;0;0;0;0;0;0;0;0;0;0;0
Nepal;790;1962;India;750;0;0;0;0;0;0;0;0;0;0;0
Nepal;790;1994;India;750;0;0;0;0;0;0;0;0;0;0;0
Nepal;790;1995;India;750;0;0;0;0;0;0;0;0;0;0;0
Nepal;790;1996;India;750;1;0;0;0;0;0;1;0;0;0;0
Nepal;790;1997;India;750;1;0;0;0;0;0;1;0;0;0;0
Nepal;790;1998;India;750;1;0;0;0;0;0;1;0;0;0;0
Nepal;790;1999;India;750;1;0;0;0;0;0;1;0;0;0;0
Nepal;790;2000;India;750;1;0;0;0;0;1;1;0;0;0;0
Nepal;790;2001;India;750;1;0;0;0;0;0;1;0;0;0;0
Nepal;790;2002;India;750;0;0;0;0;0;0;0;0;0;0;0
Nepal;790;2003;India;750;0;0;0;0;0;0;0;0;0;0;0
Nepal;790;2004;India;750;0;0;0;0;0;0;0;0;0;0;0
Nepal;790;2005;India;750;0;0;0;0;0;0;0;0;0;0;0
Nepal;790;2006;India;750;0;0;0;0;0;0;0;0;0;0;0
Netherlands;210;1945;Japan;740;1;0;0;0;0;0;1;0;0;0;0
Netherlands;210;1946;Japan;740;1;0;0;0;0;0;1;0;0;0;0
Netherlands;210;1947;Japan;740;1;0;0;0;0;0;1;0;0;0;0
Netherlands;210;1948;Japan;740;1;0;0;0;0;0;1;0;0;0;0
Netherlands;210;1949;Japan;740;1;0;0;0;0;0;1;0;0;0;0
Nicaragua;93;1961;"Costa Rica";94;0;0;0;0;0;0;0;0;0;0;0
Nicaragua;93;1961;Cuba;40;0;0;0;0;0;0;0;0;0;0;0
Nicaragua;93;1961;Honduras;91;0;0;0;0;0;0;0;0;0;0;0
Nicaragua;93;1961;Panama;95;0;0;0;0;0;0;0;0;0;0;0
Nicaragua;93;1962;"Costa Rica";94;0;0;0;0;0;0;0;0;0;0;0
Nicaragua;93;1962;Cuba;40;0;0;0;0;0;0;0;0;0;0;0
Nicaragua;93;1962;Honduras;91;0;0;0;0;0;0;0;0;0;0;0
Nicaragua;93;1962;Panama;95;0;0;0;0;0;0;0;0;0;0;0
Nicaragua;93;1963;"Costa Rica";94;0;0;0;0;0;0;0;0;0;0;0
Nicaragua;93;1963;Cuba;40;0;0;0;0;0;0;0;0;0;0;0
Nicaragua;93;1963;Honduras;91;0;0;0;0;0;0;0;0;0;0;0
Nicaragua;93;1963;Panama;95;0;0;0;0;0;0;0;0;0;0;0
Nicaragua;93;1964;"Costa Rica";94;0;0;0;0;0;0;0;0;0;0;0
Nicaragua;93;1964;Cuba;40;0;0;0;0;0;0;0;0;0;0;0
Nicaragua;93;1964;Honduras;91;0;0;0;0;0;0;0;0;0;0;0
Nicaragua;93;1964;Panama;95;0;0;0;0;0;0;0;0;0;0;0
Nicaragua;93;1965;"Costa Rica";94;0;0;0;0;0;0;0;0;0;0;0
Nicaragua;93;1965;Cuba;40;0;0;0;0;0;0;0;0;0;0;0
Nicaragua;93;1965;Honduras;91;0;0;0;0;0;0;0;0;0;0;0
Nicaragua;93;1965;Panama;95;0;0;0;0;0;0;0;0;0;0;0
Nicaragua;93;1966;"Costa Rica";94;0;0;0;0;0;0;0;0;0;0;0
Nicaragua;93;1966;Cuba;40;0;0;0;0;0;0;0;0;0;0;0
Nicaragua;93;1966;Honduras;91;0;0;0;0;0;0;0;0;0;0;0
Nicaragua;93;1966;Panama;95;0;0;0;0;0;0;0;0;0;0;0
Nicaragua;93;1967;"Costa Rica";94;0;0;0;0;0;0;0;0;0;0;0
Nicaragua;93;1967;Cuba;40;0;0;0;0;0;0;0;0;0;0;0
Nicaragua;93;1967;Honduras;91;0;0;0;0;0;0;0;0;0;0;0
Nicaragua;93;1967;Panama;95;0;0;0;0;0;0;0;0;0;0;0
Nicaragua;93;1968;"Costa Rica";94;0;0;0;0;0;0;0;0;0;0;0
Nicaragua;93;1968;Cuba;40;0;0;0;0;0;0;0;0;0;0;0
Nicaragua;93;1968;Honduras;91;0;0;0;0;0;0;0;0;0;0;0
Nicaragua;93;1968;Panama;95;0;0;0;0;0;0;0;0;0;0;0
Nicaragua;93;1969;"Costa Rica";94;0;0;0;0;0;0;0;0;0;0;0
Nicaragua;93;1969;Cuba;40;0;0;0;0;0;0;0;0;0;0;0
Nicaragua;93;1969;Honduras;91;0;0;0;0;0;0;0;0;0;0;0
Nicaragua;93;1969;Panama;95;0;0;0;0;0;0;0;0;0;0;0
Nicaragua;93;1970;"Costa Rica";94;0;0;0;0;0;0;0;0;0;0;0
Nicaragua;93;1970;Cuba;40;0;0;0;0;0;0;0;0;0;0;0
Nicaragua;93;1970;Honduras;91;0;0;0;0;0;0;0;0;0;0;0
Nicaragua;93;1970;Panama;95;0;0;0;0;0;0;0;0;0;0;0
Nicaragua;93;1971;"Costa Rica";94;0;0;0;0;0;0;0;0;0;0;0
Nicaragua;93;1971;Cuba;40;0;0;0;0;0;0;0;0;0;0;0
Nicaragua;93;1971;Honduras;91;0;0;0;0;0;0;0;0;0;0;0
Nicaragua;93;1971;Panama;95;0;0;0;0;0;0;0;0;0;0;0
Nicaragua;93;1972;"Costa Rica";94;0;0;0;0;0;0;0;0;0;0;0
Nicaragua;93;1972;Cuba;40;0;0;0;0;0;0;0;0;0;0;0
Nicaragua;93;1972;Honduras;91;0;0;0;0;0;0;0;0;0;0;0
Nicaragua;93;1972;Panama;95;1;0;0;0;0;0;1;0;0;0;0
Nicaragua;93;1973;"Costa Rica";94;0;0;0;0;0;0;0;0;0;0;0
Nicaragua;93;1973;Cuba;40;0;0;0;0;0;0;0;0;0;0;0
Nicaragua;93;1973;Honduras;91;0;0;0;0;0;0;0;0;0;0;0
Nicaragua;93;1973;Panama;95;1;0;0;0;0;0;1;0;0;0;0
Nicaragua;93;1974;"Costa Rica";94;0;0;0;0;0;0;0;0;0;0;0
Nicaragua;93;1974;Cuba;40;1;0;0;0;0;1;0;0;0;0;0
Nicaragua;93;1974;Honduras;91;0;0;0;0;0;0;0;0;0;0;0
Nicaragua;93;1974;Panama;95;1;0;0;0;0;0;1;0;0;0;0
Nicaragua;93;1975;"Costa Rica";94;0;0;0;0;0;0;0;0;0;0;0
Nicaragua;93;1975;Cuba;40;1;0;0;0;0;1;0;0;0;0;0
Nicaragua;93;1975;Honduras;91;0;0;0;0;0;0;0;0;0;0;0
Nicaragua;93;1975;Panama;95;1;0;0;0;0;0;1;0;0;0;0
Nicaragua;93;1976;"Costa Rica";94;0;0;0;0;0;0;0;0;0;0;0
Nicaragua;93;1976;Cuba;40;1;0;0;0;0;1;0;0;0;0;0
Nicaragua;93;1976;Honduras;91;0;0;0;0;0;0;0;0;0;0;0
Nicaragua;93;1976;Panama;95;1;0;0;0;0;0;1;0;0;0;0
Nicaragua;93;1977;"Costa Rica";94;1;0;0;0;1;0;0;0;0;0;0
Nicaragua;93;1977;Cuba;40;1;0;0;0;0;1;0;0;0;0;0
Nicaragua;93;1977;Honduras;91;0;0;0;0;0;0;0;0;0;0;0
Nicaragua;93;1977;Panama;95;1;0;0;0;0;0;1;0;0;0;0
Nicaragua;93;1978;"Costa Rica";94;1;0;0;0;1;1;1;0;0;0;0
Nicaragua;93;1978;Cuba;40;1;0;0;0;0;1;0;0;0;0;0
Nicaragua;93;1978;Honduras;91;0;0;0;0;0;0;0;0;0;0;0
Nicaragua;93;1978;Panama;95;1;1;0;0;0;0;1;0;0;0;0
Nicaragua;93;1979;"Costa Rica";94;1;0;1;0;1;0;0;0;0;0;0
Nicaragua;93;1979;Cuba;40;1;0;0;0;0;1;1;0;0;0;0
Nicaragua;93;1979;Honduras;91;0;0;0;0;0;0;0;0;0;0;0
Nicaragua;93;1979;Panama;95;1;1;0;0;0;0;1;0;0;0;0
Nicaragua;93;1981;Argentina;160;0;0;0;0;0;0;0;0;0;0;0
Nicaragua;93;1981;Guatemala;90;0;0;0;0;0;0;0;0;0;0;0
Nicaragua;93;1981;Honduras;91;0;0;0;0;0;0;0;0;0;0;0
Nicaragua;93;1981;Israel;666;0;0;0;0;0;0;0;0;0;0;0
Nicaragua;93;1981;Panama;95;0;0;0;0;0;0;0;0;0;0;0
Nicaragua;93;1981;"Saudi Arabia";670;0;0;0;0;0;0;0;0;0;0;0
Nicaragua;93;1981;"South Korea";732;0;0;0;0;0;0;0;0;0;0;0
Nicaragua;93;1981;Switzerland;225;0;0;0;0;0;0;0;0;0;0;0
Nicaragua;93;1981;Taiwan;713;0;0;0;0;0;0;0;0;0;0;0
Nicaragua;93;1981;"United States of America";2;1;0;0;0;0;0;0;1;0;0;0
Nicaragua;93;1981;Venezuela;101;0;0;0;0;0;0;0;0;0;0;0
Nicaragua;93;1982;Argentina;160;0;0;0;0;0;0;0;0;0;0;0
Nicaragua;93;1982;Guatemala;90;0;0;0;0;0;0;0;0;0;0;0
Nicaragua;93;1982;Honduras;91;1;1;0;0;1;0;0;0;0;0;0
Nicaragua;93;1982;Israel;666;0;0;0;0;0;0;0;0;0;0;0
Nicaragua;93;1982;Panama;95;0;0;0;0;0;0;0;0;0;0;0
Nicaragua;93;1982;"Saudi Arabia";670;0;0;0;0;0;0;0;0;0;0;0
Nicaragua;93;1982;"South Korea";732;0;0;0;0;0;0;0;0;0;0;0
Nicaragua;93;1982;Switzerland;225;0;0;0;0;0;0;0;0;0;0;0
Nicaragua;93;1982;Taiwan;713;0;0;0;0;0;0;0;0;0;0;0
Nicaragua;93;1982;"United States of America";2;1;0;1;0;0;0;0;1;0;0;0
Nicaragua;93;1982;Venezuela;101;0;0;0;0;0;0;0;0;0;0;0
Nicaragua;93;1983;Argentina;160;1;0;0;0;0;1;1;0;0;0;0
Nicaragua;93;1983;Guatemala;90;0;0;0;0;0;0;0;0;0;0;0
Nicaragua;93;1983;Honduras;91;1;1;0;0;1;0;1;0;0;1;0
Nicaragua;93;1983;Israel;666;1;0;0;0;0;1;1;0;0;0;0
Nicaragua;93;1983;Panama;95;0;0;0;0;0;0;0;0;0;0;0
Nicaragua;93;1983;"Saudi Arabia";670;0;0;0;0;0;0;0;0;0;0;0
Nicaragua;93;1983;"South Korea";732;0;0;0;0;0;0;0;0;0;0;0
Nicaragua;93;1983;Switzerland;225;0;0;0;0;0;0;0;0;0;0;0
Nicaragua;93;1983;Taiwan;713;0;0;0;0;0;0;0;0;0;0;0
Nicaragua;93;1983;"United States of America";2;1;0;1;0;0;1;1;1;0;0;0
Nicaragua;93;1983;Venezuela;101;0;0;0;0;0;0;0;0;0;0;0
Nicaragua;93;1984;Argentina;160;0;0;0;0;0;0;0;0;0;0;0
Nicaragua;93;1984;Guatemala;90;1;0;0;0;0;0;0;1;0;0;0
Nicaragua;93;1984;Honduras;91;1;1;0;0;1;0;0;0;0;0;0
Nicaragua;93;1984;Israel;666;1;0;0;0;0;0;1;0;0;0;0
Nicaragua;93;1984;Panama;95;0;0;0;0;0;0;0;0;0;0;0
Nicaragua;93;1984;"Saudi Arabia";670;1;0;0;0;0;0;0;1;0;0;0
Nicaragua;93;1984;"South Korea";732;1;0;0;0;0;0;0;1;0;0;0
Nicaragua;93;1984;Switzerland;225;0;0;0;0;0;0;0;0;0;0;0
Nicaragua;93;1984;Taiwan;713;1;0;0;0;0;0;0;1;0;0;0
Nicaragua;93;1984;"United States of America";2;1;0;1;0;0;1;1;1;0;0;0
Nicaragua;93;1984;Venezuela;101;1;0;0;0;0;0;0;1;0;0;0
Nicaragua;93;1985;Argentina;160;0;0;0;0;0;0;0;0;0;0;0
Nicaragua;93;1985;Guatemala;90;1;0;0;0;0;0;0;1;0;0;0
Nicaragua;93;1985;Honduras;91;1;1;0;0;1;0;0;0;0;0;0
Nicaragua;93;1985;Israel;666;1;0;0;0;0;0;1;0;0;0;0
Nicaragua;93;1985;Panama;95;0;0;0;0;0;0;0;0;0;0;0
Nicaragua;93;1985;"Saudi Arabia";670;1;0;0;0;0;0;0;1;0;0;0
Nicaragua;93;1985;"South Korea";732;1;0;0;0;0;0;0;1;0;0;0
Nicaragua;93;1985;Switzerland;225;0;0;0;0;0;0;0;0;0;0;0
Nicaragua;93;1985;Taiwan;713;1;0;0;0;0;0;0;1;0;0;0
Nicaragua;93;1985;"United States of America";2;1;0;1;0;0;1;1;1;0;0;0
Nicaragua;93;1985;Venezuela;101;1;0;0;0;0;0;0;1;0;0;0
Nicaragua;93;1986;Argentina;160;0;0;0;0;0;0;0;0;0;0;0
Nicaragua;93;1986;Guatemala;90;0;0;0;0;0;0;0;0;0;0;0
Nicaragua;93;1986;Honduras;91;1;1;0;0;1;0;0;0;0;0;0
Nicaragua;93;1986;Israel;666;1;0;0;0;0;0;1;0;0;0;0
Nicaragua;93;1986;Panama;95;0;0;0;0;0;0;0;0;0;0;0
Nicaragua;93;1986;"Saudi Arabia";670;1;0;0;0;0;0;0;1;0;0;0
Nicaragua;93;1986;"South Korea";732;0;0;0;0;0;0;0;0;0;0;0
Nicaragua;93;1986;Switzerland;225;0;0;0;0;0;0;0;0;0;0;0
Nicaragua;93;1986;Taiwan;713;0;0;0;0;0;0;0;0;0;0;0
Nicaragua;93;1986;"United States of America";2;1;0;1;0;0;1;1;1;0;0;0
Nicaragua;93;1986;Venezuela;101;0;0;0;0;0;0;0;0;0;0;0
Nicaragua;93;1987;Argentina;160;0;0;0;0;0;0;0;0;0;0;0
Nicaragua;93;1987;Guatemala;90;0;0;0;0;0;0;0;0;0;0;0
Nicaragua;93;1987;Honduras;91;1;0;0;0;1;0;0;0;0;0;0
Nicaragua;93;1987;Israel;666;1;0;0;0;0;0;1;0;0;0;0
Nicaragua;93;1987;Panama;95;0;0;0;0;0;0;0;0;0;0;0
Nicaragua;93;1987;"Saudi Arabia";670;1;0;0;0;0;0;0;1;0;0;0
Nicaragua;93;1987;"South Korea";732;0;0;0;0;0;0;0;0;0;0;0
Nicaragua;93;1987;Switzerland;225;0;0;0;0;0;0;0;0;0;0;0
Nicaragua;93;1987;Taiwan;713;0;0;0;0;0;0;0;0;0;0;0
Nicaragua;93;1987;"United States of America";2;1;0;1;0;1;1;1;1;0;0;0
Nicaragua;93;1987;Venezuela;101;0;0;0;0;0;0;0;0;0;0;0
Nicaragua;93;1988;Argentina;160;0;0;0;0;0;0;0;0;0;0;0
Nicaragua;93;1988;Guatemala;90;0;0;0;0;0;0;0;0;0;0;0
Nicaragua;93;1988;Honduras;91;0;0;0;0;0;0;0;0;0;0;0
Nicaragua;93;1988;Israel;666;0;0;0;0;0;0;0;0;0;0;0
Nicaragua;93;1988;Panama;95;0;0;0;0;0;0;0;0;0;0;0
Nicaragua;93;1988;"Saudi Arabia";670;0;0;0;0;0;0;0;0;0;0;0
Nicaragua;93;1988;"South Korea";732;0;0;0;0;0;0;0;0;0;0;0
Nicaragua;93;1988;Switzerland;225;0;0;0;0;0;0;0;0;0;0;0
Nicaragua;93;1988;Taiwan;713;0;0;0;0;0;0;0;0;0;0;0
Nicaragua;93;1988;"United States of America";2;0;0;0;0;0;0;0;0;0;0;0
Nicaragua;93;1988;Venezuela;101;0;0;0;0;0;0;0;0;0;0;0
Nicaragua;93;1989;Argentina;160;0;0;0;0;0;0;0;0;0;0;0
Nicaragua;93;1989;Guatemala;90;0;0;0;0;0;0;0;0;0;0;0
Nicaragua;93;1989;Honduras;91;0;0;0;0;0;0;0;0;0;0;0
Nicaragua;93;1989;Israel;666;0;0;0;0;0;0;0;0;0;0;0
Nicaragua;93;1989;Panama;95;0;0;0;0;0;0;0;0;0;0;0
Nicaragua;93;1989;"Saudi Arabia";670;0;0;0;0;0;0;0;0;0;0;0
Nicaragua;93;1989;"South Korea";732;0;0;0;0;0;0;0;0;0;0;0
Nicaragua;93;1989;Switzerland;225;0;0;0;0;0;0;0;0;0;0;0
Nicaragua;93;1989;Taiwan;713;0;0;0;0;0;0;0;0;0;0;0
Nicaragua;93;1989;"United States of America";2;0;0;0;0;0;0;0;0;0;0;0
Nicaragua;93;1989;Venezuela;101;0;0;0;0;0;0;0;0;0;0;0
Nicaragua;93;1990;Argentina;160;0;0;0;0;0;0;0;0;0;0;0
Nicaragua;93;1990;Guatemala;90;0;0;0;0;0;0;0;0;0;0;0
Nicaragua;93;1990;Honduras;91;0;0;0;0;0;0;0;0;0;0;0
Nicaragua;93;1990;Israel;666;0;0;0;0;0;0;0;0;0;0;0
Nicaragua;93;1990;Panama;95;0;0;0;0;0;0;0;0;0;0;0
Nicaragua;93;1990;"Saudi Arabia";670;0;0;0;0;0;0;0;0;0;0;0
Nicaragua;93;1990;"South Korea";732;0;0;0;0;0;0;0;0;0;0;0
Nicaragua;93;1990;Switzerland;225;0;0;0;0;0;0;0;0;0;0;0
Nicaragua;93;1990;Taiwan;713;0;0;0;0;0;0;0;0;0;0;0
Nicaragua;93;1990;"United States of America";2;0;0;0;0;0;0;0;0;0;0;0
Nicaragua;93;1990;Venezuela;101;0;0;0;0;0;0;0;0;0;0;0
Niger;436;1991;Mali;432;0;0;0;0;0;0;0;0;0;0;0
Niger;436;1992;Mali;432;0;0;0;0;0;0;0;0;0;0;0
Niger;436;1993;Mali;432;0;0;0;0;0;0;0;0;0;0;0
Niger;436;1994;Mali;432;0;0;0;0;0;0;0;0;0;0;0
Niger;436;1994;Nigeria;475;0;0;0;0;0;0;0;0;0;0;0
Niger;436;1995;Mali;432;0;0;0;0;0;0;0;0;0;0;0
Niger;436;1995;Nigeria;475;0;0;0;0;0;0;0;0;0;0;0
Niger;436;1996;Mali;432;0;0;0;0;0;0;0;0;0;0;0
Niger;436;1996;Nigeria;475;0;0;0;0;0;0;0;0;0;0;0
Niger;436;1997;Mali;432;0;0;0;0;0;0;0;0;0;0;0
Niger;436;1997;Nigeria;475;0;0;0;0;0;0;0;0;0;0;0
Niger;436;1998;Mali;432;0;0;0;0;0;0;0;0;0;0;0
Niger;436;1998;Nigeria;475;0;0;0;0;0;0;0;0;0;0;0
Niger;436;1999;Mali;432;0;0;0;0;0;0;0;0;0;0;0
Niger;436;1999;Nigeria;475;0;0;0;0;0;0;0;0;0;0;0
Nigeria;475;1966;France;220;0;0;0;0;0;0;0;0;0;0;0
Nigeria;475;1966;Israel;666;0;0;0;0;0;0;0;0;0;0;0
Nigeria;475;1966;"Ivory Coast";437;0;0;0;0;0;0;0;0;0;0;0
Nigeria;475;1966;Portugal;235;0;0;0;0;0;0;0;0;0;0;0
Nigeria;475;1967;France;220;1;0;0;1;0;0;1;0;0;0;0
Nigeria;475;1967;Israel;666;0;0;0;0;0;0;0;0;0;0;0
Nigeria;475;1967;"Ivory Coast";437;1;0;0;0;0;0;0;0;1;0;0
Nigeria;475;1967;Portugal;235;0;0;0;0;0;0;0;0;0;0;0
Nigeria;475;1968;France;220;1;0;0;1;0;0;1;0;0;0;0
Nigeria;475;1968;Israel;666;1;0;0;0;0;0;1;1;0;0;0
Nigeria;475;1968;"Ivory Coast";437;1;0;0;0;0;0;0;0;1;0;0
Nigeria;475;1968;Portugal;235;1;0;0;0;0;0;1;0;0;0;0
Nigeria;475;1969;France;220;1;0;0;1;0;0;1;0;0;0;0
Nigeria;475;1969;Israel;666;1;0;0;0;0;0;1;0;0;0;0
Nigeria;475;1969;"Ivory Coast";437;1;0;0;0;0;0;0;0;1;0;0
Nigeria;475;1969;Portugal;235;0;0;0;0;0;0;0;0;0;0;0
Nigeria;475;1970;France;220;1;0;0;1;0;0;1;0;0;0;0
Nigeria;475;1970;Israel;666;1;0;0;0;0;0;1;0;0;0;0
Nigeria;475;1970;"Ivory Coast";437;1;0;0;0;0;0;0;0;1;0;0
Nigeria;475;1970;Portugal;235;0;0;0;0;0;0;0;0;0;0;0
Nigeria;475;2002;Afghanistan;700;0;0;0;0;0;0;0;0;0;0;0
Nigeria;475;2002;Algeria;615;0;0;0;0;0;0;0;0;0;0;0
Nigeria;475;2002;Cameroon;471;0;0;0;0;0;0;0;0;0;0;0
Nigeria;475;2002;Chad;483;0;0;0;0;0;0;0;0;0;0;0
Nigeria;475;2002;Mali;432;0;0;0;0;0;0;0;0;0;0;0
Nigeria;475;2002;Mauritania;435;0;0;0;0;0;0;0;0;0;0;0
Nigeria;475;2002;Niger;436;0;0;0;0;0;0;0;0;0;0;0
Nigeria;475;2002;Somalia;520;0;0;0;0;0;0;0;0;0;0;0
Nigeria;475;2003;Afghanistan;700;0;0;0;0;0;0;0;0;0;0;0
Nigeria;475;2003;Algeria;615;0;0;0;0;0;0;0;0;0;0;0
Nigeria;475;2003;Cameroon;471;0;0;0;0;0;0;0;0;0;0;0
Nigeria;475;2003;Chad;483;0;0;0;0;0;0;0;0;0;0;0
Nigeria;475;2003;Mali;432;0;0;0;0;0;0;0;0;0;0;0
Nigeria;475;2003;Mauritania;435;0;0;0;0;0;0;0;0;0;0;0
Nigeria;475;2003;Niger;436;0;0;0;0;0;0;0;0;0;0;0
Nigeria;475;2003;Somalia;520;0;0;0;0;0;0;0;0;0;0;0
Nigeria;475;2004;Afghanistan;700;0;0;0;0;0;0;0;0;0;0;0
Nigeria;475;2004;Algeria;615;0;0;0;0;0;0;0;0;0;0;0
Nigeria;475;2004;Cameroon;471;0;0;0;0;0;0;0;0;0;0;0
Nigeria;475;2004;Chad;483;0;0;0;0;0;0;0;0;0;0;0
Nigeria;475;2004;Mali;432;0;0;0;0;0;0;0;0;0;0;0
Nigeria;475;2004;Mauritania;435;0;0;0;0;0;0;0;0;0;0;0
Nigeria;475;2004;Niger;436;0;0;0;0;0;0;0;0;0;0;0
Nigeria;475;2004;Somalia;520;0;0;0;0;0;0;0;0;0;0;0
Nigeria;475;2005;Afghanistan;700;0;0;0;0;0;0;0;0;0;0;0
Nigeria;475;2005;Algeria;615;0;0;0;0;0;0;0;0;0;0;0
Nigeria;475;2005;Cameroon;471;0;0;0;0;0;0;0;0;0;0;0
Nigeria;475;2005;Chad;483;0;0;0;0;0;0;0;0;0;0;0
Nigeria;475;2005;Mali;432;0;0;0;0;0;0;0;0;0;0;0
Nigeria;475;2005;Mauritania;435;0;0;0;0;0;0;0;0;0;0;0
Nigeria;475;2005;Niger;436;0;0;0;0;0;0;0;0;0;0;0
Nigeria;475;2005;Somalia;520;0;0;0;0;0;0;0;0;0;0;0
Nigeria;475;2006;Afghanistan;700;0;0;0;0;0;0;0;0;0;0;0
Nigeria;475;2006;Algeria;615;0;0;0;0;0;0;0;0;0;0;0
Nigeria;475;2006;Cameroon;471;0;0;0;0;0;0;0;0;0;0;0
Nigeria;475;2006;Chad;483;0;0;0;0;0;0;0;0;0;0;0
Nigeria;475;2006;Mali;432;0;0;0;0;0;0;0;0;0;0;0
Nigeria;475;2006;Mauritania;435;0;0;0;0;0;0;0;0;0;0;0
Nigeria;475;2006;Niger;436;0;0;0;0;0;0;0;0;0;0;0
Nigeria;475;2006;Somalia;520;0;0;0;0;0;0;0;0;0;0;0
Nigeria;475;2007;Afghanistan;700;0;0;0;0;0;0;0;0;0;0;0
Nigeria;475;2007;Algeria;615;0;0;0;0;0;0;0;0;0;0;0
Nigeria;475;2007;Cameroon;471;0;0;0;0;0;0;0;0;0;0;0
Nigeria;475;2007;Chad;483;0;0;0;0;0;0;0;0;0;0;0
Nigeria;475;2007;Mali;432;0;0;0;0;0;0;0;0;0;0;0
Nigeria;475;2007;Mauritania;435;0;0;0;0;0;0;0;0;0;0;0
Nigeria;475;2007;Niger;436;0;0;0;0;0;0;0;0;0;0;0
Nigeria;475;2007;Somalia;520;0;0;0;0;0;0;0;0;0;0;0
Nigeria;475;2008;Afghanistan;700;0;0;0;0;0;0;0;0;0;0;0
Nigeria;475;2008;Algeria;615;0;0;0;0;0;0;0;0;0;0;0
Nigeria;475;2008;Cameroon;471;0;0;0;0;0;0;0;0;0;0;0
Nigeria;475;2008;Chad;483;0;0;0;0;0;0;0;0;0;0;0
Nigeria;475;2008;Mali;432;0;0;0;0;0;0;0;0;0;0;0
Nigeria;475;2008;Mauritania;435;0;0;0;0;0;0;0;0;0;0;0
Nigeria;475;2008;Niger;436;0;0;0;0;0;0;0;0;0;0;0
Nigeria;475;2008;Somalia;520;0;0;0;0;0;0;0;0;0;0;0
Nigeria;475;2009;Afghanistan;700;0;0;0;0;0;0;0;0;0;0;0
Nigeria;475;2009;Algeria;615;0;0;0;0;0;0;0;0;0;0;0
Nigeria;475;2009;Cameroon;471;0;0;0;0;0;0;0;0;0;0;0
Nigeria;475;2009;Chad;483;0;0;0;0;0;0;0;0;0;0;0
Nigeria;475;2009;Mali;432;0;0;0;0;0;0;0;0;0;0;0
Nigeria;475;2009;Mauritania;435;0;0;0;0;0;0;0;0;0;0;0
Nigeria;475;2009;Niger;436;0;0;0;0;0;0;0;0;0;0;0
Nigeria;475;2009;Somalia;520;0;0;0;0;0;0;0;0;0;0;0
Nigeria;475;2010;Afghanistan;700;0;0;0;0;0;0;0;0;0;0;0
Nigeria;475;2010;Algeria;615;0;0;0;0;0;0;0;0;0;0;0
Nigeria;475;2010;Cameroon;471;0;0;0;0;0;0;0;0;0;0;0
Nigeria;475;2010;Chad;483;0;0;0;0;0;0;0;0;0;0;0
Nigeria;475;2010;Mali;432;0;0;0;0;0;0;0;0;0;0;0
Nigeria;475;2010;Mauritania;435;0;0;0;0;0;0;0;0;0;0;0
Nigeria;475;2010;Niger;436;0;0;0;0;0;0;0;0;0;0;0
Nigeria;475;2010;Somalia;520;0;0;0;0;0;0;0;0;0;0;0
Oman;698;1957;"Saudi Arabia";670;1;0;0;0;0;0;1;0;0;0;0
Oman;698;1966;China;710;1;0;0;0;0;1;1;0;0;0;0
Oman;698;1966;"Soviet Union/Russia";365;0;0;0;0;0;0;0;0;0;0;0
Oman;698;1966;"Yemen People's Republic";680;1;1;0;0;0;1;1;1;1;0;0
Oman;698;1967;China;710;1;0;0;0;0;1;1;0;0;0;0
Oman;698;1967;"Soviet Union/Russia";365;1;0;0;0;0;1;1;0;0;0;0
Oman;698;1967;"Yemen People's Republic";680;1;1;0;0;0;1;1;1;1;0;0
Oman;698;1968;China;710;1;0;0;0;0;1;1;0;0;0;0
Oman;698;1968;"Soviet Union/Russia";365;1;0;0;0;0;1;1;0;0;0;0
Oman;698;1968;"Yemen People's Republic";680;1;1;0;0;0;1;1;1;1;0;0
Oman;698;1969;China;710;1;0;0;0;0;1;1;0;0;0;0
Oman;698;1969;"Soviet Union/Russia";365;0;0;0;0;0;0;0;0;0;0;0
Oman;698;1969;"Yemen People's Republic";680;1;1;0;0;0;1;1;1;1;0;0
Oman;698;1970;China;710;0;0;0;0;0;0;0;0;0;0;0
Oman;698;1970;"Soviet Union/Russia";365;0;0;0;0;0;0;0;0;0;0;0
Oman;698;1970;"Yemen People's Republic";680;1;1;0;0;0;1;1;1;1;0;0
Oman;698;1971;China;710;0;0;0;0;0;0;0;0;0;0;0
Oman;698;1971;"Soviet Union/Russia";365;0;0;0;0;0;0;0;0;0;0;0
Oman;698;1971;"Yemen People's Republic";680;1;1;0;0;0;1;1;1;1;0;0
Oman;698;1972;China;710;0;0;0;0;0;0;0;0;0;0;0
Oman;698;1972;"Soviet Union/Russia";365;0;0;0;0;0;0;0;0;0;0;0
Oman;698;1972;"Yemen People's Republic";680;1;1;0;0;0;1;1;1;1;0;0
Oman;698;1973;China;710;0;0;0;0;0;0;0;0;0;0;0
Oman;698;1973;"Soviet Union/Russia";365;0;0;0;0;0;0;0;0;0;0;0
Oman;698;1973;"Yemen People's Republic";680;1;1;0;0;0;1;1;1;1;0;0
Oman;698;1974;China;710;0;0;0;0;0;0;0;0;0;0;0
Oman;698;1974;"Soviet Union/Russia";365;0;0;0;0;0;0;0;0;0;0;0
Oman;698;1974;"Yemen People's Republic";680;1;1;0;0;0;1;1;1;1;0;0
Oman;698;1975;China;710;0;0;0;0;0;0;0;0;0;0;0
Oman;698;1975;"Soviet Union/Russia";365;0;0;0;0;0;0;0;0;0;0;0
Oman;698;1975;"Yemen People's Republic";680;1;1;0;0;0;1;1;1;1;1;0
Pakistan;770;1964;Afghanistan;700;0;0;0;0;0;0;0;0;0;0;0
Pakistan;770;1964;Iraq;645;0;0;0;0;0;0;0;0;0;0;0
Pakistan;770;1965;Afghanistan;700;0;0;0;0;0;0;0;0;0;0;0
Pakistan;770;1965;Iraq;645;0;0;0;0;0;0;0;0;0;0;0
Pakistan;770;1966;Afghanistan;700;0;0;0;0;0;0;0;0;0;0;0
Pakistan;770;1966;Iraq;645;0;0;0;0;0;0;0;0;0;0;0
Pakistan;770;1967;Afghanistan;700;0;0;0;0;0;0;0;0;0;0;0
Pakistan;770;1967;Iraq;645;0;0;0;0;0;0;0;0;0;0;0
Pakistan;770;1968;Afghanistan;700;0;0;0;0;0;0;0;0;0;0;0
Pakistan;770;1968;Iraq;645;1;0;0;1;1;0;1;0;0;0;0
Pakistan;770;1969;Afghanistan;700;0;0;0;0;0;0;0;0;0;0;0
Pakistan;770;1969;Iraq;645;1;0;0;1;1;0;1;0;0;0;0
Pakistan;770;1970;Afghanistan;700;0;0;0;0;0;0;0;0;0;0;0
Pakistan;770;1970;Iraq;645;1;0;0;1;1;0;1;0;0;0;0
Pakistan;770;1971;Afghanistan;700;0;0;0;0;0;0;0;0;0;0;0
Pakistan;770;1971;India;750;1;0;0;0;1;1;1;0;0;1;0
Pakistan;770;1971;Iraq;645;1;0;0;1;1;0;1;0;0;0;0
Pakistan;770;1972;Afghanistan;700;0;0;0;0;0;0;0;0;0;0;0
Pakistan;770;1972;Iraq;645;1;0;0;1;1;0;1;0;0;0;0
Pakistan;770;1973;Afghanistan;700;0;0;0;0;0;0;0;0;0;0;0
Pakistan;770;1973;Iraq;645;1;0;0;1;1;0;1;0;0;0;0
Pakistan;770;1974;Afghanistan;700;0;0;0;0;0;0;0;0;0;0;0
Pakistan;770;1974;Iraq;645;1;0;0;1;1;0;1;0;0;0;0
Pakistan;770;1975;Afghanistan;700;0;0;0;0;0;0;0;0;0;0;0
Pakistan;770;1975;Iraq;645;1;0;0;1;1;0;1;0;0;0;0
Pakistan;770;1976;Afghanistan;700;0;0;0;0;0;0;0;0;0;0;0
Pakistan;770;1976;Iraq;645;0;0;0;0;0;0;0;0;0;0;0
Pakistan;770;1977;Afghanistan;700;0;0;0;0;0;0;0;0;0;0;0
Pakistan;770;1977;Iraq;645;0;0;0;0;0;0;0;0;0;0;0
Pakistan;770;1978;Afghanistan;700;0;0;0;0;0;0;0;0;0;0;0
Pakistan;770;1978;Iraq;645;0;0;0;0;0;0;0;0;0;0;0
Pakistan;770;1979;Afghanistan;700;0;0;0;0;0;0;0;0;0;0;0
Pakistan;770;1979;Iraq;645;0;0;0;0;0;0;0;0;0;0;0
Pakistan;770;1980;Afghanistan;700;0;0;0;0;0;0;0;0;0;0;0
Pakistan;770;1980;Iraq;645;0;0;0;0;0;0;0;0;0;0;0
Pakistan;770;1981;Afghanistan;700;0;0;0;0;0;0;0;0;0;0;0
Pakistan;770;1981;Iraq;645;0;0;0;0;0;0;0;0;0;0;0
Pakistan;770;1982;Afghanistan;700;0;0;0;0;0;0;0;0;0;0;0
Pakistan;770;1982;Iraq;645;0;0;0;0;0;0;0;0;0;0;0
Pakistan;770;1983;Afghanistan;700;0;0;0;0;0;0;0;0;0;0;0
Pakistan;770;1983;Iraq;645;0;0;0;0;0;0;0;0;0;0;0
Pakistan;770;1984;Afghanistan;700;0;0;0;0;0;0;0;0;0;0;0
Pakistan;770;1984;Canada;20;0;0;0;0;0;0;0;0;0;0;0
Pakistan;770;1984;Iraq;645;0;0;0;0;0;0;0;0;0;0;0
Pakistan;770;1984;"South Africa";560;0;0;0;0;0;0;0;0;0;0;0
Pakistan;770;1984;"United Kingdom";200;0;0;0;0;0;0;0;0;0;0;0
Pakistan;770;1984;"United States of America";2;0;0;0;0;0;0;0;0;0;0;0
Pakistan;770;1985;Afghanistan;700;0;0;0;0;0;0;0;0;0;0;0
Pakistan;770;1985;Canada;20;0;0;0;0;0;0;0;0;0;0;0
Pakistan;770;1985;Iraq;645;0;0;0;0;0;0;0;0;0;0;0
Pakistan;770;1985;"South Africa";560;0;0;0;0;0;0;0;0;0;0;0
Pakistan;770;1985;"United Kingdom";200;0;0;0;0;0;0;0;0;0;0;0
Pakistan;770;1985;"United States of America";2;0;0;0;0;0;0;0;0;0;0;0
Pakistan;770;1986;Afghanistan;700;0;0;0;0;0;0;0;0;0;0;0
Pakistan;770;1986;Canada;20;0;0;0;0;0;0;0;0;0;0;0
Pakistan;770;1986;Iraq;645;0;0;0;0;0;0;0;0;0;0;0
Pakistan;770;1986;"South Africa";560;0;0;0;0;0;0;0;0;0;0;0
Pakistan;770;1986;"United Kingdom";200;0;0;0;0;0;0;0;0;0;0;0
Pakistan;770;1986;"United States of America";2;0;0;0;0;0;0;0;0;0;0;0
Pakistan;770;1987;Afghanistan;700;0;0;0;0;0;0;0;0;0;0;0
Pakistan;770;1987;Canada;20;0;0;0;0;0;0;0;0;0;0;0
Pakistan;770;1987;Iraq;645;0;0;0;0;0;0;0;0;0;0;0
Pakistan;770;1987;"South Africa";560;0;0;0;0;0;0;0;0;0;0;0
Pakistan;770;1987;"United Kingdom";200;0;0;0;0;0;0;0;0;0;0;0
Pakistan;770;1987;"United States of America";2;0;0;0;0;0;0;0;0;0;0;0
Pakistan;770;1988;Afghanistan;700;0;0;0;0;0;0;0;0;0;0;0
Pakistan;770;1988;Canada;20;0;0;0;0;0;0;0;0;0;0;0
Pakistan;770;1988;Iraq;645;0;0;0;0;0;0;0;0;0;0;0
Pakistan;770;1988;"South Africa";560;0;0;0;0;0;0;0;0;0;0;0
Pakistan;770;1988;"United Kingdom";200;0;0;0;0;0;0;0;0;0;0;0
Pakistan;770;1988;"United States of America";2;0;0;0;0;0;0;0;0;0;0;0
Pakistan;770;1989;Afghanistan;700;0;0;0;0;0;0;0;0;0;0;0
Pakistan;770;1989;Canada;20;0;0;0;0;0;0;0;0;0;0;0
Pakistan;770;1989;Iraq;645;0;0;0;0;0;0;0;0;0;0;0
Pakistan;770;1989;"South Africa";560;0;0;0;0;0;0;0;0;0;0;0
Pakistan;770;1989;"United Kingdom";200;0;0;0;0;0;0;0;0;0;0;0
Pakistan;770;1989;"United States of America";2;0;0;0;0;0;0;0;0;0;0;0
Pakistan;770;1990;Afghanistan;700;0;0;0;0;0;0;0;0;0;0;0
Pakistan;770;1990;Canada;20;0;0;0;0;0;0;0;0;0;0;0
Pakistan;770;1990;Iraq;645;0;0;0;0;0;0;0;0;0;0;0
Pakistan;770;1990;"South Africa";560;0;0;0;0;0;0;0;0;0;0;0
Pakistan;770;1990;"United Kingdom";200;0;0;0;0;0;0;0;0;0;0;0
Pakistan;770;1990;"United States of America";2;0;0;0;0;0;0;0;0;0;0;0
Pakistan;770;1991;Afghanistan;700;0;0;0;0;0;0;0;0;0;0;0
Pakistan;770;1991;Canada;20;0;0;0;0;0;0;0;0;0;0;0
Pakistan;770;1991;Iraq;645;0;0;0;0;0;0;0;0;0;0;0
Pakistan;770;1991;"South Africa";560;0;0;0;0;0;0;0;0;0;0;0
Pakistan;770;1991;"United Kingdom";200;0;0;0;0;0;0;0;0;0;0;0
Pakistan;770;1991;"United States of America";2;0;0;0;0;0;0;0;0;0;0;0
Pakistan;770;1992;Afghanistan;700;0;0;0;0;0;0;0;0;0;0;0
Pakistan;770;1992;Canada;20;0;0;0;0;0;0;0;0;0;0;0
Pakistan;770;1992;Iraq;645;0;0;0;0;0;0;0;0;0;0;0
Pakistan;770;1992;"South Africa";560;0;0;0;0;0;0;0;0;0;0;0
Pakistan;770;1992;"United Kingdom";200;0;0;0;0;0;0;0;0;0;0;0
Pakistan;770;1992;"United States of America";2;0;0;0;0;0;0;0;0;0;0;0
Pakistan;770;1993;Afghanistan;700;0;0;0;0;0;0;0;0;0;0;0
Pakistan;770;1993;Canada;20;0;0;0;0;0;0;0;0;0;0;0
Pakistan;770;1993;Iraq;645;0;0;0;0;0;0;0;0;0;0;0
Pakistan;770;1993;"South Africa";560;0;0;0;0;0;0;0;0;0;0;0
Pakistan;770;1993;"United Kingdom";200;0;0;0;0;0;0;0;0;0;0;0
Pakistan;770;1993;"United States of America";2;0;0;0;0;0;0;0;0;0;0;0
Pakistan;770;1994;Afghanistan;700;0;0;0;0;0;0;0;0;0;0;0
Pakistan;770;1994;Canada;20;0;0;0;0;0;0;0;0;0;0;0
Pakistan;770;1994;Iraq;645;0;0;0;0;0;0;0;0;0;0;0
Pakistan;770;1994;"South Africa";560;0;0;0;0;0;0;0;0;0;0;0
Pakistan;770;1994;"United Kingdom";200;0;0;0;0;0;0;0;0;0;0;0
Pakistan;770;1994;"United States of America";2;0;0;0;0;0;0;0;0;0;0;0
Pakistan;770;1995;Afghanistan;700;0;0;0;0;0;0;0;0;0;0;0
Pakistan;770;1995;Canada;20;0;0;0;0;0;0;0;0;0;0;0
Pakistan;770;1995;Iraq;645;0;0;0;0;0;0;0;0;0;0;0
Pakistan;770;1995;"South Africa";560;0;0;0;0;0;0;0;0;0;0;0
Pakistan;770;1995;"United Kingdom";200;0;0;0;0;0;0;0;0;0;0;0
Pakistan;770;1995;"United States of America";2;0;0;0;0;0;0;0;0;0;0;0
Pakistan;770;1996;Afghanistan;700;0;0;0;0;0;0;0;0;0;0;0
Pakistan;770;1996;Canada;20;0;0;0;0;0;0;0;0;0;0;0
Pakistan;770;1996;Iraq;645;0;0;0;0;0;0;0;0;0;0;0
Pakistan;770;1996;"South Africa";560;0;0;0;0;0;0;0;0;0;0;0
Pakistan;770;1996;"United Kingdom";200;0;0;0;0;0;0;0;0;0;0;0
Pakistan;770;1996;"United States of America";2;0;0;0;0;0;0;0;0;0;0;0
Pakistan;770;1997;Afghanistan;700;0;0;0;0;0;0;0;0;0;0;0
Pakistan;770;1997;Canada;20;0;0;0;0;0;0;0;0;0;0;0
Pakistan;770;1997;Iraq;645;0;0;0;0;0;0;0;0;0;0;0
Pakistan;770;1997;"South Africa";560;0;0;0;0;0;0;0;0;0;0;0
Pakistan;770;1997;"United Kingdom";200;0;0;0;0;0;0;0;0;0;0;0
Pakistan;770;1997;"United States of America";2;0;0;0;0;0;0;0;0;0;0;0
Pakistan;770;1998;Afghanistan;700;0;0;0;0;0;0;0;0;0;0;0
Pakistan;770;1998;Canada;20;0;0;0;0;0;0;0;0;0;0;0
Pakistan;770;1998;Iraq;645;0;0;0;0;0;0;0;0;0;0;0
Pakistan;770;1998;"South Africa";560;0;0;0;0;0;0;0;0;0;0;0
Pakistan;770;1998;"United Kingdom";200;0;0;0;0;0;0;0;0;0;0;0
Pakistan;770;1998;"United States of America";2;0;0;0;0;0;0;0;0;0;0;0
Pakistan;770;1999;Afghanistan;700;0;0;0;0;0;0;0;0;0;0;0
Pakistan;770;1999;Canada;20;0;0;0;0;0;0;0;0;0;0;0
Pakistan;770;1999;Iraq;645;0;0;0;0;0;0;0;0;0;0;0
Pakistan;770;1999;"South Africa";560;0;0;0;0;0;0;0;0;0;0;0
Pakistan;770;1999;"United Kingdom";200;0;0;0;0;0;0;0;0;0;0;0
Pakistan;770;1999;"United States of America";2;0;0;0;0;0;0;0;0;0;0;0
Pakistan;770;2000;Afghanistan;700;0;0;0;0;0;0;0;0;0;0;0
Pakistan;770;2000;Canada;20;0;0;0;0;0;0;0;0;0;0;0
Pakistan;770;2000;Iraq;645;0;0;0;0;0;0;0;0;0;0;0
Pakistan;770;2000;"South Africa";560;0;0;0;0;0;0;0;0;0;0;0
Pakistan;770;2000;"United Kingdom";200;0;0;0;0;0;0;0;0;0;0;0
Pakistan;770;2000;"United States of America";2;0;0;0;0;0;0;0;0;0;0;0
Pakistan;770;2001;Afghanistan;700;0;0;0;0;0;0;0;0;0;0;0
Pakistan;770;2001;Canada;20;0;0;0;0;0;0;0;0;0;0;0
Pakistan;770;2001;Iraq;645;0;0;0;0;0;0;0;0;0;0;0
Pakistan;770;2001;"South Africa";560;0;0;0;0;0;0;0;0;0;0;0
Pakistan;770;2001;"United Kingdom";200;0;0;0;0;0;0;0;0;0;0;0
Pakistan;770;2001;"United States of America";2;0;0;0;0;0;0;0;0;0;0;0
Pakistan;770;2002;Afghanistan;700;1;1;1;1;1;0;1;1;0;0;0
Pakistan;770;2002;Canada;20;0;0;0;0;0;0;0;0;0;0;0
Pakistan;770;2002;India;750;0;0;0;0;0;0;0;0;0;0;0
Pakistan;770;2002;Iraq;645;0;0;0;0;0;0;0;0;0;0;0
Pakistan;770;2002;Israel;666;0;0;0;0;0;0;0;0;0;0;0
Pakistan;770;2002;"South Africa";560;0;0;0;0;0;0;0;0;0;0;0
Pakistan;770;2002;Sweden;380;0;0;0;0;0;0;0;0;0;0;0
Pakistan;770;2002;Switzerland;225;0;0;0;0;0;0;0;0;0;0;0
Pakistan;770;2002;"United Arab Emirates";696;0;0;0;0;0;0;0;0;0;0;0
Pakistan;770;2002;"United Kingdom";200;0;0;0;0;0;0;0;0;0;0;0
Pakistan;770;2002;"United States of America";2;0;0;0;0;0;0;0;0;0;0;0
Pakistan;770;2003;Afghanistan;700;1;1;1;1;1;0;1;1;0;0;0
Pakistan;770;2003;Canada;20;0;0;0;0;0;0;0;0;0;0;0
Pakistan;770;2003;India;750;0;0;0;0;0;0;0;0;0;0;0
Pakistan;770;2003;Iraq;645;0;0;0;0;0;0;0;0;0;0;0
Pakistan;770;2003;Israel;666;0;0;0;0;0;0;0;0;0;0;0
Pakistan;770;2003;"South Africa";560;0;0;0;0;0;0;0;0;0;0;0
Pakistan;770;2003;Sweden;380;0;0;0;0;0;0;0;0;0;0;0
Pakistan;770;2003;Switzerland;225;0;0;0;0;0;0;0;0;0;0;0
Pakistan;770;2003;"United Arab Emirates";696;0;0;0;0;0;0;0;0;0;0;0
Pakistan;770;2003;"United Kingdom";200;0;0;0;0;0;0;0;0;0;0;0
Pakistan;770;2003;"United States of America";2;0;0;0;0;0;0;0;0;0;0;0
Pakistan;770;2004;Afghanistan;700;1;1;1;1;1;0;1;1;0;0;0
Pakistan;770;2004;Canada;20;0;0;0;0;0;0;0;0;0;0;0
Pakistan;770;2004;India;750;0;0;0;0;0;0;0;0;0;0;0
Pakistan;770;2004;Iraq;645;0;0;0;0;0;0;0;0;0;0;0
Pakistan;770;2004;Israel;666;0;0;0;0;0;0;0;0;0;0;0
Pakistan;770;2004;"South Africa";560;0;0;0;0;0;0;0;0;0;0;0
Pakistan;770;2004;Sweden;380;0;0;0;0;0;0;0;0;0;0;0
Pakistan;770;2004;Switzerland;225;0;0;0;0;0;0;0;0;0;0;0
Pakistan;770;2004;"United Arab Emirates";696;0;0;0;0;0;0;0;0;0;0;0
Pakistan;770;2004;"United Kingdom";200;0;0;0;0;0;0;0;0;0;0;0
Pakistan;770;2004;"United States of America";2;0;0;0;0;0;0;0;0;0;0;0
Pakistan;770;2005;Afghanistan;700;1;1;1;1;1;0;1;1;0;0;0
Pakistan;770;2005;Canada;20;0;0;0;0;0;0;0;0;0;0;0
Pakistan;770;2005;India;750;0;0;0;0;0;0;0;0;0;0;0
Pakistan;770;2005;Iraq;645;0;0;0;0;0;0;0;0;0;0;0
Pakistan;770;2005;Israel;666;0;0;0;0;0;0;0;0;0;0;0
Pakistan;770;2005;"South Africa";560;0;0;0;0;0;0;0;0;0;0;0
Pakistan;770;2005;Sweden;380;0;0;0;0;0;0;0;0;0;0;0
Pakistan;770;2005;Switzerland;225;0;0;0;0;0;0;0;0;0;0;0
Pakistan;770;2005;"United Arab Emirates";696;0;0;0;0;0;0;0;0;0;0;0
Pakistan;770;2005;"United Kingdom";200;0;0;0;0;0;0;0;0;0;0;0
Pakistan;770;2005;"United States of America";2;0;0;0;0;0;0;0;0;0;0;0
Pakistan;770;2006;Afghanistan;700;2;1;2;1;2;0;1;1;1;0;0
Pakistan;770;2006;Canada;20;0;0;0;0;0;0;0;0;0;0;0
Pakistan;770;2006;India;750;1;0;0;0;0;0;1;1;0;0;0
Pakistan;770;2006;Iraq;645;0;0;0;0;0;0;0;0;0;0;0
Pakistan;770;2006;Israel;666;0;0;0;0;0;0;0;0;0;0;0
Pakistan;770;2006;"South Africa";560;0;0;0;0;0;0;0;0;0;0;0
Pakistan;770;2006;Sweden;380;0;0;0;0;0;0;0;0;0;0;0
Pakistan;770;2006;Switzerland;225;0;0;0;0;0;0;0;0;0;0;0
Pakistan;770;2006;"United Arab Emirates";696;0;0;0;0;0;0;0;0;0;0;0
Pakistan;770;2006;"United Kingdom";200;0;0;0;0;0;0;0;0;0;0;0
Pakistan;770;2006;"United States of America";2;1;0;0;0;0;0;0;1;0;0;0
Pakistan;770;2007;Afghanistan;700;2;1;2;1;2;0;1;1;1;0;0
Pakistan;770;2007;Canada;20;0;0;0;0;0;0;0;0;0;0;0
Pakistan;770;2007;India;750;1;0;0;0;0;0;1;1;0;0;0
Pakistan;770;2007;Iraq;645;0;0;0;0;0;0;0;0;0;0;0
Pakistan;770;2007;Israel;666;0;0;0;0;0;0;0;0;0;0;0
Pakistan;770;2007;"Saudi Arabia";670;0;0;0;0;0;0;0;0;0;0;0
Pakistan;770;2007;"South Africa";560;0;0;0;0;0;0;0;0;0;0;0
Pakistan;770;2007;Sweden;380;0;0;0;0;0;0;0;0;0;0;0
Pakistan;770;2007;Switzerland;225;0;0;0;0;0;0;0;0;0;0;0
Pakistan;770;2007;"United Arab Emirates";696;0;0;0;0;0;0;0;0;0;0;0
Pakistan;770;2007;"United Kingdom";200;0;0;0;0;0;0;0;0;0;0;0
Pakistan;770;2007;"United States of America";2;1;0;0;0;0;0;0;1;0;0;0
Pakistan;770;2008;Afghanistan;700;3;1;2;1;2;0;2;2;1;0;0
Pakistan;770;2008;Canada;20;0;0;0;0;0;0;0;0;0;0;0
Pakistan;770;2008;India;750;2;0;0;0;0;0;2;2;0;0;0
Pakistan;770;2008;Iraq;645;0;0;0;0;0;0;0;0;0;0;0
Pakistan;770;2008;Israel;666;0;0;0;0;0;0;0;0;0;0;0
Pakistan;770;2008;"Saudi Arabia";670;0;0;0;0;0;0;0;0;0;0;0
Pakistan;770;2008;"South Africa";560;0;0;0;0;0;0;0;0;0;0;0
Pakistan;770;2008;Sweden;380;0;0;0;0;0;0;0;0;0;0;0
Pakistan;770;2008;Switzerland;225;0;0;0;0;0;0;0;0;0;0;0
Pakistan;770;2008;"United Arab Emirates";696;0;0;0;0;0;0;0;0;0;0;0
Pakistan;770;2008;"United Kingdom";200;0;0;0;0;0;0;0;0;0;0;0
Pakistan;770;2008;"United States of America";2;1;0;0;0;0;0;0;1;0;0;0
Pakistan;770;2009;Afghanistan;700;3;1;2;1;2;0;2;2;1;0;0
Pakistan;770;2009;Canada;20;0;0;0;0;0;0;0;0;0;0;0
Pakistan;770;2009;India;750;3;0;0;0;0;1;3;3;0;0;0
Pakistan;770;2009;Iraq;645;0;0;0;0;0;0;0;0;0;0;0
Pakistan;770;2009;Israel;666;1;0;0;0;0;0;1;1;0;0;0
Pakistan;770;2009;"Saudi Arabia";670;0;0;0;0;0;0;0;0;0;0;0
Pakistan;770;2009;"South Africa";560;0;0;0;0;0;0;0;0;0;0;0
Pakistan;770;2009;Sweden;380;0;0;0;0;0;0;0;0;0;0;0
Pakistan;770;2009;Switzerland;225;0;0;0;0;0;0;0;0;0;0;0
Pakistan;770;2009;"United Arab Emirates";696;0;0;0;0;0;0;0;0;0;0;0
Pakistan;770;2009;"United Kingdom";200;0;0;0;0;0;0;0;0;0;0;0
Pakistan;770;2009;"United States of America";2;2;0;0;0;0;0;1;1;0;0;0
Pakistan;770;2010;Afghanistan;700;3;1;1;1;2;1;2;2;1;0;0
Pakistan;770;2010;Canada;20;0;0;0;0;0;0;0;0;0;0;0
Pakistan;770;2010;India;750;3;0;0;0;0;1;3;3;0;0;0
Pakistan;770;2010;Iraq;645;0;0;0;0;0;0;0;0;0;0;0
Pakistan;770;2010;Israel;666;2;0;0;0;0;1;2;2;0;0;0
Pakistan;770;2010;"Saudi Arabia";670;0;0;0;0;0;0;0;0;0;0;0
Pakistan;770;2010;"South Africa";560;0;0;0;0;0;0;0;0;0;0;0
Pakistan;770;2010;Sweden;380;0;0;0;0;0;0;0;0;0;0;0
Pakistan;770;2010;Switzerland;225;1;0;1;0;0;0;0;0;0;0;0
Pakistan;770;2010;"United Arab Emirates";696;0;0;0;0;0;0;0;0;0;0;0
Pakistan;770;2010;"United Kingdom";200;1;0;1;0;0;0;0;0;0;0;0
Pakistan;770;2010;"United States of America";2;3;0;0;0;0;1;2;2;0;0;0
Panama;95;1989;"United States of America";2;1;0;0;0;0;0;0;1;0;1;0
"Papua New Guinea";910;1988;Singapore;830;0;0;0;0;0;0;0;0;0;0;0
"Papua New Guinea";910;1988;"Solomon Islands";940;0;0;0;0;0;0;0;0;0;0;0
"Papua New Guinea";910;1989;Singapore;830;0;0;0;0;0;0;0;0;0;0;0
"Papua New Guinea";910;1989;"Solomon Islands";940;0;0;0;0;0;0;0;0;0;0;0
"Papua New Guinea";910;1990;Singapore;830;0;0;0;0;0;0;0;0;0;0;0
"Papua New Guinea";910;1990;"Solomon Islands";940;0;0;0;0;0;0;0;0;0;0;0
"Papua New Guinea";910;1991;Singapore;830;0;0;0;0;0;0;0;0;0;0;0
"Papua New Guinea";910;1991;"Solomon Islands";940;1;1;0;1;0;0;0;0;0;0;0
"Papua New Guinea";910;1992;Singapore;830;0;0;0;0;0;0;0;0;0;0;0
"Papua New Guinea";910;1992;"Solomon Islands";940;1;1;0;1;0;0;0;0;0;0;0
"Papua New Guinea";910;1993;Singapore;830;0;0;0;0;0;0;0;0;0;0;0
"Papua New Guinea";910;1993;"Solomon Islands";940;1;1;0;1;0;0;0;0;0;0;0
"Papua New Guinea";910;1994;Singapore;830;0;0;0;0;0;0;0;0;0;0;0
"Papua New Guinea";910;1994;"Solomon Islands";940;1;1;0;1;0;0;0;0;0;0;0
"Papua New Guinea";910;1995;Singapore;830;0;0;0;0;0;0;0;0;0;0;0
"Papua New Guinea";910;1995;"Solomon Islands";940;1;1;0;1;0;0;0;0;0;0;0
"Papua New Guinea";910;1996;Singapore;830;0;0;0;0;0;0;0;0;0;0;0
"Papua New Guinea";910;1996;"Solomon Islands";940;1;1;0;1;0;0;0;0;0;0;0
"Papua New Guinea";910;1997;Singapore;830;0;0;0;0;0;0;0;0;0;0;0
"Papua New Guinea";910;1997;"Solomon Islands";940;1;1;0;1;0;0;0;0;0;0;0
Paraguay;150;1947;Argentina;160;0;0;0;0;0;0;0;0;0;0;0
Peru;135;1962;Bolivia;145;0;0;0;0;0;0;0;0;0;0;0
Peru;135;1962;Cuba;40;2;2;2;0;2;0;0;0;0;0;0
Peru;135;1963;Bolivia;145;0;0;0;0;0;0;0;0;0;0;0
Peru;135;1963;Cuba;40;2;2;2;0;2;0;0;0;0;0;0
Peru;135;1964;Bolivia;145;0;0;0;0;0;0;0;0;0;0;0
Peru;135;1964;Cuba;40;2;2;2;0;2;0;0;0;0;0;0
Peru;135;1965;Bolivia;145;0;0;0;0;0;0;0;0;0;0;0
Peru;135;1965;Cuba;40;2;2;2;0;2;0;0;0;0;0;0
Peru;135;1970;Bolivia;145;0;0;0;0;0;0;0;0;0;0;0
Peru;135;1970;Colombia;100;0;0;0;0;0;0;0;0;0;0;0
Peru;135;1971;Bolivia;145;0;0;0;0;0;0;0;0;0;0;0
Peru;135;1971;Colombia;100;0;0;0;0;0;0;0;0;0;0;0
Peru;135;1972;Bolivia;145;0;0;0;0;0;0;0;0;0;0;0
Peru;135;1972;Colombia;100;0;0;0;0;0;0;0;0;0;0;0
Peru;135;1973;Bolivia;145;0;0;0;0;0;0;0;0;0;0;0
Peru;135;1973;Colombia;100;0;0;0;0;0;0;0;0;0;0;0
Peru;135;1974;Bolivia;145;0;0;0;0;0;0;0;0;0;0;0
Peru;135;1974;Colombia;100;0;0;0;0;0;0;0;0;0;0;0
Peru;135;1975;Bolivia;145;0;0;0;0;0;0;0;0;0;0;0
Peru;135;1975;Colombia;100;0;0;0;0;0;0;0;0;0;0;0
Peru;135;1976;Bolivia;145;0;0;0;0;0;0;0;0;0;0;0
Peru;135;1976;Colombia;100;0;0;0;0;0;0;0;0;0;0;0
Peru;135;1977;Bolivia;145;0;0;0;0;0;0;0;0;0;0;0
Peru;135;1977;Colombia;100;0;0;0;0;0;0;0;0;0;0;0
Peru;135;1978;Bolivia;145;0;0;0;0;0;0;0;0;0;0;0
Peru;135;1978;Colombia;100;0;0;0;0;0;0;0;0;0;0;0
Peru;135;1979;Bolivia;145;0;0;0;0;0;0;0;0;0;0;0
Peru;135;1979;Colombia;100;0;0;0;0;0;0;0;0;0;0;0
Peru;135;1980;Bolivia;145;0;0;0;0;0;0;0;0;0;0;0
Peru;135;1980;Colombia;100;0;0;0;0;0;0;0;0;0;0;0
Peru;135;1981;Bolivia;145;0;0;0;0;0;0;0;0;0;0;0
Peru;135;1981;Colombia;100;0;0;0;0;0;0;0;0;0;0;0
Peru;135;1982;Bolivia;145;0;0;0;0;0;0;0;0;0;0;0
Peru;135;1982;Chile;155;0;0;0;0;0;0;0;0;0;0;0
Peru;135;1982;Colombia;100;0;0;0;0;0;0;0;0;0;0;0
Peru;135;1982;Cuba;40;1;0;0;0;1;1;1;1;0;0;0
Peru;135;1982;Ecuador;130;0;0;0;0;0;0;0;0;0;0;0
Peru;135;1982;"El Salvador";92;0;0;0;0;0;0;0;0;0;0;0
Peru;135;1982;Nicaragua;93;1;1;1;0;1;0;1;1;0;0;0
Peru;135;1982;Panama;95;0;0;0;0;0;0;0;0;0;0;0
Peru;135;1982;"Soviet Union/Russia";365;0;0;0;0;0;0;0;0;0;0;0
Peru;135;1983;Bolivia;145;0;0;0;0;0;0;0;0;0;0;0
Peru;135;1983;Chile;155;0;0;0;0;0;0;0;0;0;0;0
Peru;135;1983;Colombia;100;0;0;0;0;0;0;0;0;0;0;0
Peru;135;1983;Cuba;40;1;0;0;0;1;1;1;1;0;0;0
Peru;135;1983;Ecuador;130;0;0;0;0;0;0;0;0;0;0;0
Peru;135;1983;"El Salvador";92;0;0;0;0;0;0;0;0;0;0;0
Peru;135;1983;Nicaragua;93;1;1;1;0;1;0;1;1;0;0;0
Peru;135;1983;Panama;95;0;0;0;0;0;0;0;0;0;0;0
Peru;135;1983;"Soviet Union/Russia";365;0;0;0;0;0;0;0;0;0;0;0
Peru;135;1984;Bolivia;145;0;0;0;0;0;0;0;0;0;0;0
Peru;135;1984;Chile;155;0;0;0;0;0;0;0;0;0;0;0
Peru;135;1984;Colombia;100;0;0;0;0;0;0;0;0;0;0;0
Peru;135;1984;Cuba;40;1;0;0;0;1;1;1;1;0;0;0
Peru;135;1984;Ecuador;130;0;0;0;0;0;0;0;0;0;0;0
Peru;135;1984;"El Salvador";92;0;0;0;0;0;0;0;0;0;0;0
Peru;135;1984;Nicaragua;93;1;1;1;0;1;0;1;1;0;0;0
Peru;135;1984;Panama;95;0;0;0;0;0;0;0;0;0;0;0
Peru;135;1984;"Soviet Union/Russia";365;0;0;0;0;0;0;0;0;0;0;0
Peru;135;1985;Bolivia;145;0;0;0;0;0;0;0;0;0;0;0
Peru;135;1985;Chile;155;0;0;0;0;0;0;0;0;0;0;0
Peru;135;1985;Colombia;100;0;0;0;0;0;0;0;0;0;0;0
Peru;135;1985;Cuba;40;1;0;0;0;1;1;1;1;0;0;0
Peru;135;1985;Ecuador;130;0;0;0;0;0;0;0;0;0;0;0
Peru;135;1985;"El Salvador";92;0;0;0;0;0;0;0;0;0;0;0
Peru;135;1985;Nicaragua;93;1;1;1;0;1;0;1;1;0;0;0
Peru;135;1985;Panama;95;0;0;0;0;0;0;0;0;0;0;0
Peru;135;1985;"Soviet Union/Russia";365;0;0;0;0;0;0;0;0;0;0;0
Peru;135;1986;Bolivia;145;0;0;0;0;0;0;0;0;0;0;0
Peru;135;1986;Chile;155;0;0;0;0;0;0;0;0;0;0;0
Peru;135;1986;Colombia;100;0;0;0;0;0;0;0;0;0;0;0
Peru;135;1986;Cuba;40;1;0;0;0;1;1;1;1;0;0;0
Peru;135;1986;Ecuador;130;0;0;0;0;0;0;0;0;0;0;0
Peru;135;1986;"El Salvador";92;0;0;0;0;0;0;0;0;0;0;0
Peru;135;1986;Nicaragua;93;1;1;1;0;1;0;1;1;0;0;0
Peru;135;1986;Panama;95;0;0;0;0;0;0;0;0;0;0;0
Peru;135;1986;"Soviet Union/Russia";365;1;0;0;0;0;0;1;1;0;0;0
Peru;135;1987;Bolivia;145;0;0;0;0;0;0;0;0;0;0;0
Peru;135;1987;Chile;155;0;0;0;0;0;0;0;0;0;0;0
Peru;135;1987;Colombia;100;0;0;0;0;0;0;0;0;0;0;0
Peru;135;1987;Cuba;40;1;0;0;0;1;1;1;1;0;0;0
Peru;135;1987;Ecuador;130;0;0;0;0;0;0;0;0;0;0;0
Peru;135;1987;"El Salvador";92;0;0;0;0;0;0;0;0;0;0;0
Peru;135;1987;Nicaragua;93;1;1;1;0;1;0;1;1;0;0;0
Peru;135;1987;Panama;95;0;0;0;0;0;0;0;0;0;0;0
Peru;135;1987;"Soviet Union/Russia";365;1;0;0;0;0;0;1;1;0;0;0
Peru;135;1988;Bolivia;145;0;0;0;0;0;0;0;0;0;0;0
Peru;135;1988;Chile;155;0;0;0;0;0;0;0;0;0;0;0
Peru;135;1988;Colombia;100;0;0;0;0;0;0;0;0;0;0;0
Peru;135;1988;Cuba;40;1;0;0;0;1;1;1;1;0;0;0
Peru;135;1988;Ecuador;130;0;0;0;0;0;0;0;0;0;0;0
Peru;135;1988;"El Salvador";92;0;0;0;0;0;0;0;0;0;0;0
Peru;135;1988;Nicaragua;93;1;1;1;0;1;0;1;1;0;0;0
Peru;135;1988;Panama;95;0;0;0;0;0;0;0;0;0;0;0
Peru;135;1988;"Soviet Union/Russia";365;1;0;0;0;0;0;1;1;0;0;0
Peru;135;1989;Bolivia;145;0;0;0;0;0;0;0;0;0;0;0
Peru;135;1989;Chile;155;0;0;0;0;0;0;0;0;0;0;0
Peru;135;1989;Colombia;100;0;0;0;0;0;0;0;0;0;0;0
Peru;135;1989;Cuba;40;1;0;0;0;1;1;1;1;0;0;0
Peru;135;1989;Ecuador;130;0;0;0;0;0;0;0;0;0;0;0
Peru;135;1989;"El Salvador";92;0;0;0;0;0;0;0;0;0;0;0
Peru;135;1989;Nicaragua;93;1;1;1;0;1;0;1;1;0;0;0
Peru;135;1989;Panama;95;0;0;0;0;0;0;0;0;0;0;0
Peru;135;1989;"Soviet Union/Russia";365;1;0;0;0;0;0;1;1;0;0;0
Peru;135;1990;Bolivia;145;0;0;0;0;0;0;0;0;0;0;0
Peru;135;1990;Chile;155;0;0;0;0;0;0;0;0;0;0;0
Peru;135;1990;Colombia;100;0;0;0;0;0;0;0;0;0;0;0
Peru;135;1990;Cuba;40;1;0;0;0;1;1;1;1;0;0;0
Peru;135;1990;Ecuador;130;0;0;0;0;0;0;0;0;0;0;0
Peru;135;1990;"El Salvador";92;0;0;0;0;0;0;0;0;0;0;0
Peru;135;1990;Nicaragua;93;1;1;1;0;1;0;1;1;0;0;0
Peru;135;1990;Panama;95;0;0;0;0;0;0;0;0;0;0;0
Peru;135;1990;"Soviet Union/Russia";365;1;0;0;0;0;0;1;1;0;0;0
Peru;135;1991;Bolivia;145;0;0;0;0;0;0;0;0;0;0;0
Peru;135;1991;Chile;155;0;0;0;0;0;0;0;0;0;0;0
Peru;135;1991;Colombia;100;0;0;0;0;0;0;0;0;0;0;0
Peru;135;1991;Cuba;40;1;0;0;0;1;1;1;1;0;0;0
Peru;135;1991;Ecuador;130;0;0;0;0;0;0;0;0;0;0;0
Peru;135;1991;"El Salvador";92;0;0;0;0;0;0;0;0;0;0;0
Peru;135;1991;Nicaragua;93;0;0;0;0;0;0;0;0;0;0;0
Peru;135;1991;Panama;95;0;0;0;0;0;0;0;0;0;0;0
Peru;135;1991;"Soviet Union/Russia";365;0;0;0;0;0;0;0;0;0;0;0
Peru;135;1992;Bolivia;145;0;0;0;0;0;0;0;0;0;0;0
Peru;135;1992;Chile;155;0;0;0;0;0;0;0;0;0;0;0
Peru;135;1992;Colombia;100;0;0;0;0;0;0;0;0;0;0;0
Peru;135;1992;Cuba;40;1;0;0;0;1;1;1;1;0;0;0
Peru;135;1992;Ecuador;130;0;0;0;0;0;0;0;0;0;0;0
Peru;135;1992;"El Salvador";92;0;0;0;0;0;0;0;0;0;0;0
Peru;135;1992;Nicaragua;93;0;0;0;0;0;0;0;0;0;0;0
Peru;135;1992;Panama;95;0;0;0;0;0;0;0;0;0;0;0
Peru;135;1992;"Soviet Union/Russia";365;0;0;0;0;0;0;0;0;0;0;0
Peru;135;1993;Bolivia;145;0;0;0;0;0;0;0;0;0;0;0
Peru;135;1993;Chile;155;0;0;0;0;0;0;0;0;0;0;0
Peru;135;1993;Colombia;100;0;0;0;0;0;0;0;0;0;0;0
Peru;135;1993;Cuba;40;1;0;0;0;1;1;1;1;0;0;0
Peru;135;1993;Ecuador;130;0;0;0;0;0;0;0;0;0;0;0
Peru;135;1993;"El Salvador";92;0;0;0;0;0;0;0;0;0;0;0
Peru;135;1993;Nicaragua;93;0;0;0;0;0;0;0;0;0;0;0
Peru;135;1993;Panama;95;0;0;0;0;0;0;0;0;0;0;0
Peru;135;1993;"Soviet Union/Russia";365;0;0;0;0;0;0;0;0;0;0;0
Peru;135;1994;Bolivia;145;0;0;0;0;0;0;0;0;0;0;0
Peru;135;1994;Chile;155;0;0;0;0;0;0;0;0;0;0;0
Peru;135;1994;Colombia;100;0;0;0;0;0;0;0;0;0;0;0
Peru;135;1994;Cuba;40;1;0;0;0;1;1;1;1;0;0;0
Peru;135;1994;Ecuador;130;0;0;0;0;0;0;0;0;0;0;0
Peru;135;1994;"El Salvador";92;0;0;0;0;0;0;0;0;0;0;0
Peru;135;1994;Nicaragua;93;0;0;0;0;0;0;0;0;0;0;0
Peru;135;1994;Panama;95;0;0;0;0;0;0;0;0;0;0;0
Peru;135;1994;"Soviet Union/Russia";365;0;0;0;0;0;0;0;0;0;0;0
Peru;135;1995;Bolivia;145;0;0;0;0;0;0;0;0;0;0;0
Peru;135;1995;Chile;155;0;0;0;0;0;0;0;0;0;0;0
Peru;135;1995;Colombia;100;0;0;0;0;0;0;0;0;0;0;0
Peru;135;1995;Cuba;40;1;0;0;0;1;1;1;1;0;0;0
Peru;135;1995;Ecuador;130;0;0;0;0;0;0;0;0;0;0;0
Peru;135;1995;"El Salvador";92;0;0;0;0;0;0;0;0;0;0;0
Peru;135;1995;Nicaragua;93;0;0;0;0;0;0;0;0;0;0;0
Peru;135;1995;Panama;95;0;0;0;0;0;0;0;0;0;0;0
Peru;135;1995;"Soviet Union/Russia";365;0;0;0;0;0;0;0;0;0;0;0
Peru;135;1996;Bolivia;145;0;0;0;0;0;0;0;0;0;0;0
Peru;135;1996;Chile;155;0;0;0;0;0;0;0;0;0;0;0
Peru;135;1996;Colombia;100;0;0;0;0;0;0;0;0;0;0;0
Peru;135;1996;Cuba;40;1;0;0;0;1;1;1;1;0;0;0
Peru;135;1996;Ecuador;130;0;0;0;0;0;0;0;0;0;0;0
Peru;135;1996;"El Salvador";92;0;0;0;0;0;0;0;0;0;0;0
Peru;135;1996;Nicaragua;93;0;0;0;0;0;0;0;0;0;0;0
Peru;135;1996;Panama;95;0;0;0;0;0;0;0;0;0;0;0
Peru;135;1996;"Soviet Union/Russia";365;0;0;0;0;0;0;0;0;0;0;0
Peru;135;1997;Bolivia;145;0;0;0;0;0;0;0;0;0;0;0
Peru;135;1997;Chile;155;0;0;0;0;0;0;0;0;0;0;0
Peru;135;1997;Colombia;100;0;0;0;0;0;0;0;0;0;0;0
Peru;135;1997;Cuba;40;1;0;0;0;1;1;1;1;0;0;0
Peru;135;1997;Ecuador;130;0;0;0;0;0;0;0;0;0;0;0
Peru;135;1997;"El Salvador";92;0;0;0;0;0;0;0;0;0;0;0
Peru;135;1997;Nicaragua;93;0;0;0;0;0;0;0;0;0;0;0
Peru;135;1997;Panama;95;0;0;0;0;0;0;0;0;0;0;0
Peru;135;1997;"Soviet Union/Russia";365;0;0;0;0;0;0;0;0;0;0;0
Peru;135;1998;Bolivia;145;0;0;0;0;0;0;0;0;0;0;0
Peru;135;1998;Colombia;100;0;0;0;0;0;0;0;0;0;0;0
Peru;135;1999;Bolivia;145;0;0;0;0;0;0;0;0;0;0;0
Peru;135;1999;Colombia;100;0;0;0;0;0;0;0;0;0;0;0
Peru;135;2000;Bolivia;145;0;0;0;0;0;0;0;0;0;0;0
Peru;135;2000;Colombia;100;0;0;0;0;0;0;0;0;0;0;0
Peru;135;2001;Bolivia;145;0;0;0;0;0;0;0;0;0;0;0
Peru;135;2001;Colombia;100;0;0;0;0;0;0;0;0;0;0;0
Peru;135;2002;Bolivia;145;0;0;0;0;0;0;0;0;0;0;0
Peru;135;2002;Colombia;100;0;0;0;0;0;0;0;0;0;0;0
Peru;135;2003;Bolivia;145;0;0;0;0;0;0;0;0;0;0;0
Peru;135;2003;Colombia;100;0;0;0;0;0;0;0;0;0;0;0
Peru;135;2004;Bolivia;145;0;0;0;0;0;0;0;0;0;0;0
Peru;135;2004;Colombia;100;0;0;0;0;0;0;0;0;0;0;0
Peru;135;2005;Bolivia;145;0;0;0;0;0;0;0;0;0;0;0
Peru;135;2005;Colombia;100;0;0;0;0;0;0;0;0;0;0;0
Peru;135;2006;Bolivia;145;0;0;0;0;0;0;0;0;0;0;0
Peru;135;2006;Colombia;100;0;0;0;0;0;0;0;0;0;0;0
Peru;135;2007;Bolivia;145;0;0;0;0;0;0;0;0;0;0;0
Peru;135;2007;Colombia;100;0;0;0;0;0;0;0;0;0;0;0
Peru;135;2008;Bolivia;145;0;0;0;0;0;0;0;0;0;0;0
Peru;135;2008;Colombia;100;0;0;0;0;0;0;0;0;0;0;0
Peru;135;2009;Bolivia;145;0;0;0;0;0;0;0;0;0;0;0
Peru;135;2009;Colombia;100;0;0;0;0;0;0;0;0;0;0;0
Peru;135;2010;Bolivia;145;0;0;0;0;0;0;0;0;0;0;0
Peru;135;2010;Colombia;100;0;0;0;0;0;0;0;0;0;0;0
Philippines;840;1942;China;710;0;0;0;0;0;0;0;0;0;0;0
Philippines;840;1943;China;710;0;0;0;0;0;0;0;0;0;0;0
Philippines;840;1944;China;710;0;0;0;0;0;0;0;0;0;0;0
Philippines;840;1945;China;710;0;0;0;0;0;0;0;0;0;0;0
Philippines;840;1946;China;710;0;0;0;0;0;0;0;0;0;0;0
Philippines;840;1947;China;710;0;0;0;0;0;0;0;0;0;0;0
Philippines;840;1948;China;710;0;0;0;0;0;0;0;0;0;0;0
Philippines;840;1949;China;710;0;0;0;0;0;0;0;0;0;0;0
Philippines;840;1950;China;710;0;0;0;0;0;0;0;0;0;0;0
Philippines;840;1951;China;710;0;0;0;0;0;0;0;0;0;0;0
Philippines;840;1952;China;710;0;0;0;0;0;0;0;0;0;0;0
Philippines;840;1953;China;710;0;0;0;0;0;0;0;0;0;0;0
Philippines;840;1954;China;710;0;0;0;0;0;0;0;0;0;0;0
Philippines;840;1955;China;710;0;0;0;0;0;0;0;0;0;0;0
Philippines;840;1956;China;710;0;0;0;0;0;0;0;0;0;0;0
Philippines;840;1957;China;710;0;0;0;0;0;0;0;0;0;0;0
Philippines;840;1958;China;710;0;0;0;0;0;0;0;0;0;0;0
Philippines;840;1959;China;710;0;0;0;0;0;0;0;0;0;0;0
Philippines;840;1960;China;710;0;0;0;0;0;0;0;0;0;0;0
Philippines;840;1961;China;710;0;0;0;0;0;0;0;0;0;0;0
Philippines;840;1962;China;710;0;0;0;0;0;0;0;0;0;0;0
Philippines;840;1963;China;710;0;0;0;0;0;0;0;0;0;0;0
Philippines;840;1964;China;710;0;0;0;0;0;0;0;0;0;0;0
Philippines;840;1965;China;710;0;0;0;0;0;0;0;0;0;0;0
Philippines;840;1966;China;710;0;0;0;0;0;0;0;0;0;0;0
Philippines;840;1967;China;710;0;0;0;0;0;0;0;0;0;0;0
Philippines;840;1968;China;710;1;0;0;0;0;0;1;0;0;0;0
Philippines;840;1968;Malaysia;820;1;1;1;0;1;1;0;0;0;0;0
Philippines;840;1969;China;710;1;0;0;0;0;0;1;0;0;0;0
Philippines;840;1969;Malaysia;820;1;1;1;0;1;1;0;0;0;0;0
Philippines;840;1970;China;710;1;0;0;0;0;0;1;0;0;0;0
Philippines;840;1970;Malaysia;820;1;1;1;0;1;1;0;0;0;0;0
Philippines;840;1971;China;710;1;0;0;0;0;0;1;0;0;0;0
Philippines;840;1971;Malaysia;820;1;1;1;0;1;1;0;0;0;0;0
Philippines;840;1972;Afghanistan;700;0;0;0;0;0;0;0;0;0;0;0
Philippines;840;1972;China;710;1;0;0;0;0;0;1;0;0;0;0
Philippines;840;1972;Libya;620;0;0;0;0;0;0;0;0;0;0;0
Philippines;840;1972;Malaysia;820;0;0;0;0;0;0;0;0;0;0;0
Philippines;840;1973;Afghanistan;700;0;0;0;0;0;0;0;0;0;0;0
Philippines;840;1973;China;710;1;0;0;0;0;0;1;0;0;0;0
Philippines;840;1973;Libya;620;0;0;0;0;0;0;0;0;0;0;0
Philippines;840;1973;Malaysia;820;0;0;0;0;0;0;0;0;0;0;0
Philippines;840;1974;Afghanistan;700;0;0;0;0;0;0;0;0;0;0;0
Philippines;840;1974;China;710;1;0;0;0;0;0;1;0;0;0;0
Philippines;840;1974;Libya;620;0;0;0;0;0;0;0;0;0;0;0
Philippines;840;1974;Malaysia;820;0;0;0;0;0;0;0;0;0;0;0
Philippines;840;1975;Afghanistan;700;0;0;0;0;0;0;0;0;0;0;0
Philippines;840;1975;China;710;1;0;0;0;0;0;1;0;0;0;0
Philippines;840;1975;Libya;620;0;0;0;0;0;0;0;0;0;0;0
Philippines;840;1975;Malaysia;820;0;0;0;0;0;0;0;0;0;0;0
Philippines;840;1976;Afghanistan;700;0;0;0;0;0;0;0;0;0;0;0
Philippines;840;1976;China;710;1;0;0;0;0;0;1;0;0;0;0
Philippines;840;1976;Libya;620;0;0;0;0;0;0;0;0;0;0;0
Philippines;840;1976;Malaysia;820;0;0;0;0;0;0;0;0;0;0;0
Philippines;840;1977;Afghanistan;700;0;0;0;0;0;0;0;0;0;0;0
Philippines;840;1977;China;710;1;0;0;0;0;0;1;0;0;0;0
Philippines;840;1977;Libya;620;0;0;0;0;0;0;0;0;0;0;0
Philippines;840;1977;Malaysia;820;0;0;0;0;0;0;0;0;0;0;0
Philippines;840;1978;Afghanistan;700;0;0;0;0;0;0;0;0;0;0;0
Philippines;840;1978;China;710;1;0;0;0;0;0;1;0;0;0;0
Philippines;840;1978;Libya;620;0;0;0;0;0;0;0;0;0;0;0
Philippines;840;1978;Malaysia;820;0;0;0;0;0;0;0;0;0;0;0
Philippines;840;1979;Afghanistan;700;0;0;0;0;0;0;0;0;0;0;0
Philippines;840;1979;China;710;1;0;0;0;0;0;1;0;0;0;0
Philippines;840;1979;Libya;620;0;0;0;0;0;0;0;0;0;0;0
Philippines;840;1979;Malaysia;820;0;0;0;0;0;0;0;0;0;0;0
Philippines;840;1980;Afghanistan;700;0;0;0;0;0;0;0;0;0;0;0
Philippines;840;1980;China;710;1;0;0;0;0;0;1;0;0;0;0
Philippines;840;1980;Libya;620;0;0;0;0;0;0;0;0;0;0;0
Philippines;840;1980;Malaysia;820;0;0;0;0;0;0;0;0;0;0;0
Philippines;840;1981;Afghanistan;700;0;0;0;0;0;0;0;0;0;0;0
Philippines;840;1981;China;710;1;0;0;0;0;0;1;0;0;0;0
Philippines;840;1981;Libya;620;0;0;0;0;0;0;0;0;0;0;0
Philippines;840;1981;Malaysia;820;0;0;0;0;0;0;0;0;0;0;0
Philippines;840;1982;Afghanistan;700;0;0;0;0;0;0;0;0;0;0;0
Philippines;840;1982;China;710;1;0;0;0;0;0;1;0;0;0;0
Philippines;840;1982;Libya;620;0;0;0;0;0;0;0;0;0;0;0
Philippines;840;1982;Malaysia;820;0;0;0;0;0;0;0;0;0;0;0
Philippines;840;1983;Afghanistan;700;0;0;0;0;0;0;0;0;0;0;0
Philippines;840;1983;China;710;1;0;0;0;0;0;1;0;0;0;0
Philippines;840;1983;Libya;620;0;0;0;0;0;0;0;0;0;0;0
Philippines;840;1983;Malaysia;820;0;0;0;0;0;0;0;0;0;0;0
Philippines;840;1984;Afghanistan;700;0;0;0;0;0;0;0;0;0;0;0
Philippines;840;1984;China;710;1;0;0;0;0;0;1;0;0;0;0
Philippines;840;1984;Libya;620;0;0;0;0;0;0;0;0;0;0;0
Philippines;840;1984;Malaysia;820;0;0;0;0;0;0;0;0;0;0;0
Philippines;840;1985;Afghanistan;700;0;0;0;0;0;0;0;0;0;0;0
Philippines;840;1985;China;710;1;0;0;0;0;0;1;0;0;0;0
Philippines;840;1985;Libya;620;0;0;0;0;0;0;0;0;0;0;0
Philippines;840;1985;Malaysia;820;0;0;0;0;0;0;0;0;0;0;0
Philippines;840;1986;Afghanistan;700;0;0;0;0;0;0;0;0;0;0;0
Philippines;840;1986;China;710;1;0;0;0;0;0;1;0;0;0;0
Philippines;840;1986;Libya;620;0;0;0;0;0;0;0;0;0;0;0
Philippines;840;1986;Malaysia;820;0;0;0;0;0;0;0;0;0;0;0
Philippines;840;1987;Afghanistan;700;0;0;0;0;0;0;0;0;0;0;0
Philippines;840;1987;China;710;0;0;0;0;0;0;0;0;0;0;0
Philippines;840;1987;Libya;620;0;0;0;0;0;0;0;0;0;0;0
Philippines;840;1987;Malaysia;820;0;0;0;0;0;0;0;0;0;0;0
Philippines;840;1988;Afghanistan;700;0;0;0;0;0;0;0;0;0;0;0
Philippines;840;1988;China;710;0;0;0;0;0;0;0;0;0;0;0
Philippines;840;1988;Libya;620;0;0;0;0;0;0;0;0;0;0;0
Philippines;840;1988;Malaysia;820;0;0;0;0;0;0;0;0;0;0;0
Philippines;840;1989;Afghanistan;700;0;0;0;0;0;0;0;0;0;0;0
Philippines;840;1989;China;710;0;0;0;0;0;0;0;0;0;0;0
Philippines;840;1989;Libya;620;0;0;0;0;0;0;0;0;0;0;0
Philippines;840;1989;Malaysia;820;0;0;0;0;0;0;0;0;0;0;0
Philippines;840;1990;Afghanistan;700;0;0;0;0;0;0;0;0;0;0;0
Philippines;840;1990;China;710;0;0;0;0;0;0;0;0;0;0;0
Philippines;840;1990;Libya;620;0;0;0;0;0;0;0;0;0;0;0
Philippines;840;1990;Malaysia;820;0;0;0;0;0;0;0;0;0;0;0
Philippines;840;1991;Afghanistan;700;0;0;0;0;0;0;0;0;0;0;0
Philippines;840;1991;China;710;0;0;0;0;0;0;0;0;0;0;0
Philippines;840;1991;Libya;620;0;0;0;0;0;0;0;0;0;0;0
Philippines;840;1991;Malaysia;820;0;0;0;0;0;0;0;0;0;0;0
Philippines;840;1992;Afghanistan;700;0;0;0;0;0;0;0;0;0;0;0
Philippines;840;1992;China;710;0;0;0;0;0;0;0;0;0;0;0
Philippines;840;1992;Libya;620;0;0;0;0;0;0;0;0;0;0;0
Philippines;840;1992;Malaysia;820;0;0;0;0;0;0;0;0;0;0;0
Philippines;840;1993;Afghanistan;700;0;0;0;0;0;0;0;0;0;0;0
Philippines;840;1993;China;710;0;0;0;0;0;0;0;0;0;0;0
Philippines;840;1993;Libya;620;0;0;0;0;0;0;0;0;0;0;0
Philippines;840;1993;Malaysia;820;0;0;0;0;0;0;0;0;0;0;0
Philippines;840;1994;Afghanistan;700;0;0;0;0;0;0;0;0;0;0;0
Philippines;840;1994;China;710;0;0;0;0;0;0;0;0;0;0;0
Philippines;840;1995;Afghanistan;700;0;0;0;0;0;0;0;0;0;0;0
Philippines;840;1995;China;710;0;0;0;0;0;0;0;0;0;0;0
Philippines;840;1996;Afghanistan;700;0;0;0;0;0;0;0;0;0;0;0
Philippines;840;1996;China;710;0;0;0;0;0;0;0;0;0;0;0
Philippines;840;1997;Afghanistan;700;0;0;0;0;0;0;0;0;0;0;0
Philippines;840;1997;China;710;0;0;0;0;0;0;0;0;0;0;0
Philippines;840;1998;Afghanistan;700;0;0;0;0;0;0;0;0;0;0;0
Philippines;840;1998;China;710;0;0;0;0;0;0;0;0;0;0;0
Philippines;840;1999;Afghanistan;700;0;0;0;0;0;0;0;0;0;0;0
Philippines;840;1999;China;710;0;0;0;0;0;0;0;0;0;0;0
Philippines;840;2000;Afghanistan;700;0;0;0;0;0;0;0;0;0;0;0
Philippines;840;2000;China;710;0;0;0;0;0;0;0;0;0;0;0
Philippines;840;2001;Afghanistan;700;0;0;0;0;0;0;0;0;0;0;0
Philippines;840;2001;China;710;0;0;0;0;0;0;0;0;0;0;0
Philippines;840;2002;Afghanistan;700;0;0;0;0;0;0;0;0;0;0;0
Philippines;840;2002;China;710;0;0;0;0;0;0;0;0;0;0;0
Philippines;840;2003;Afghanistan;700;0;0;0;0;0;0;0;0;0;0;0
Philippines;840;2003;China;710;0;0;0;0;0;0;0;0;0;0;0
Philippines;840;2004;Afghanistan;700;0;0;0;0;0;0;0;0;0;0;0
Philippines;840;2004;China;710;0;0;0;0;0;0;0;0;0;0;0
Philippines;840;2005;Afghanistan;700;0;0;0;0;0;0;0;0;0;0;0
Philippines;840;2005;China;710;0;0;0;0;0;0;0;0;0;0;0
Philippines;840;2006;Afghanistan;700;0;0;0;0;0;0;0;0;0;0;0
Philippines;840;2006;China;710;0;0;0;0;0;0;0;0;0;0;0
Philippines;840;2007;Afghanistan;700;0;0;0;0;0;0;0;0;0;0;0
Philippines;840;2007;China;710;0;0;0;0;0;0;0;0;0;0;0
Philippines;840;2008;Afghanistan;700;0;0;0;0;0;0;0;0;0;0;0
Philippines;840;2008;China;710;0;0;0;0;0;0;0;0;0;0;0
Philippines;840;2009;Afghanistan;700;0;0;0;0;0;0;0;0;0;0;0
Philippines;840;2009;China;710;0;0;0;0;0;0;0;0;0;0;0
Philippines;840;2010;Afghanistan;700;0;0;0;0;0;0;0;0;0;0;0
Philippines;840;2010;China;710;0;0;0;0;0;0;0;0;0;0;0
Portugal;235;1956;China;710;1;0;0;0;0;0;1;1;0;0;0
Portugal;235;1956;Cuba;40;1;0;0;0;0;1;1;0;0;1;0
Portugal;235;1956;"Soviet Union/Russia";365;1;0;0;0;0;1;1;1;0;0;0
Portugal;235;1957;China;710;1;0;0;0;0;0;1;1;0;0;0
Portugal;235;1957;Cuba;40;1;0;0;0;0;1;1;0;0;1;0
Portugal;235;1957;"Soviet Union/Russia";365;1;0;0;0;0;1;1;1;0;0;0
Portugal;235;1958;China;710;1;0;0;0;0;0;1;1;0;0;0
Portugal;235;1958;Cuba;40;1;0;0;0;0;1;1;0;0;1;0
Portugal;235;1958;"Soviet Union/Russia";365;1;0;0;0;0;1;1;1;0;0;0
Portugal;235;1959;China;710;1;0;0;0;0;0;1;1;0;0;0
Portugal;235;1959;Cuba;40;1;0;0;0;0;1;1;0;0;1;0
Portugal;235;1959;"Soviet Union/Russia";365;1;0;0;0;0;1;1;1;0;0;0
Portugal;235;1960;China;710;1;0;0;0;0;0;1;1;0;0;0
Portugal;235;1960;Cuba;40;1;0;0;0;0;1;1;0;0;1;0
Portugal;235;1960;"Soviet Union/Russia";365;1;0;0;0;0;1;1;1;0;0;0
Portugal;235;1961;China;710;1;0;0;0;0;0;1;1;0;0;0
Portugal;235;1961;Cuba;40;1;0;0;0;0;1;1;0;0;1;0
Portugal;235;1961;"Soviet Union/Russia";365;1;0;0;0;0;1;1;1;0;0;0
Portugal;235;1962;China;710;2;0;0;0;0;1;2;1;0;0;1
Portugal;235;1962;Cuba;40;1;0;0;0;0;1;1;0;0;1;0
Portugal;235;1962;"Democratic Republic of the Congo/Zaire";490;1;1;0;0;1;0;0;0;0;1;0
Portugal;235;1962;"South Africa";560;1;0;0;0;0;1;0;0;0;0;0
Portugal;235;1962;"Soviet Union/Russia";365;1;0;0;0;0;1;1;1;0;0;0
Portugal;235;1962;Tanzania;510;1;0;1;0;0;0;0;0;0;0;0
Portugal;235;1963;China;710;1;0;0;0;0;1;1;0;0;0;1
Portugal;235;1963;Cuba;40;1;0;0;0;0;1;1;0;0;1;0
Portugal;235;1963;"Democratic Republic of the Congo/Zaire";490;1;1;0;0;1;0;0;0;0;1;0
Portugal;235;1963;"South Africa";560;1;0;0;0;0;1;0;0;0;0;0
Portugal;235;1963;"Soviet Union/Russia";365;1;0;0;0;0;1;1;1;0;0;0
Portugal;235;1963;Tanzania;510;1;0;1;1;0;0;0;0;0;0;0
Portugal;235;1964;China;710;1;0;0;0;0;1;1;0;0;0;1
Portugal;235;1964;Cuba;40;1;0;0;0;0;1;1;0;0;1;0
Portugal;235;1964;"Democratic Republic of the Congo/Zaire";490;1;1;0;0;1;0;0;0;0;1;0
Portugal;235;1964;"South Africa";560;1;0;0;0;0;1;0;0;0;0;0
Portugal;235;1964;"Soviet Union/Russia";365;1;0;0;0;0;1;1;1;0;0;0
Portugal;235;1964;Tanzania;510;1;0;1;1;1;1;0;0;0;0;0
Portugal;235;1965;China;710;1;0;0;0;0;1;1;0;0;0;1
Portugal;235;1965;Cuba;40;1;0;0;0;0;1;1;0;0;1;0
Portugal;235;1965;"Democratic Republic of the Congo/Zaire";490;1;1;0;0;1;0;0;0;0;1;0
Portugal;235;1965;"South Africa";560;1;0;0;0;0;1;0;0;0;0;0
Portugal;235;1965;"Soviet Union/Russia";365;1;0;0;0;0;1;1;1;0;0;0
Portugal;235;1965;Tanzania;510;1;1;1;1;1;1;1;0;0;0;0
Portugal;235;1966;China;710;1;0;0;0;0;1;1;0;0;0;1
Portugal;235;1966;Cuba;40;1;0;0;0;0;1;1;0;0;1;0
Portugal;235;1966;"Democratic Republic of the Congo/Zaire";490;1;1;0;0;1;0;0;0;0;1;0
Portugal;235;1966;"South Africa";560;1;0;0;0;0;1;0;0;0;0;0
Portugal;235;1966;"Soviet Union/Russia";365;1;0;0;0;0;1;1;1;0;0;0
Portugal;235;1966;Tanzania;510;1;1;1;1;1;0;0;0;0;0;0
Portugal;235;1967;China;710;1;0;0;0;0;1;1;0;0;0;1
Portugal;235;1967;Cuba;40;1;0;0;0;0;1;1;0;0;1;0
Portugal;235;1967;"Democratic Republic of the Congo/Zaire";490;1;1;0;0;1;0;0;0;0;1;0
Portugal;235;1967;"South Africa";560;1;0;0;0;0;1;0;0;0;0;0
Portugal;235;1967;"Soviet Union/Russia";365;1;0;0;0;0;1;1;1;0;0;0
Portugal;235;1967;Tanzania;510;1;1;1;1;1;0;0;0;0;0;0
Portugal;235;1968;China;710;1;0;0;0;0;1;1;0;0;0;1
Portugal;235;1968;Cuba;40;1;0;0;0;0;1;1;0;0;1;0
Portugal;235;1968;"Democratic Republic of the Congo/Zaire";490;1;1;0;0;1;0;0;0;0;1;0
Portugal;235;1968;"South Africa";560;1;0;0;0;0;1;0;0;0;0;0
Portugal;235;1968;"Soviet Union/Russia";365;1;0;0;0;0;1;1;1;0;0;0
Portugal;235;1968;Tanzania;510;1;1;0;0;0;0;0;0;0;0;0
Portugal;235;1969;China;710;1;0;0;0;0;1;1;0;0;0;1
Portugal;235;1969;Cuba;40;1;0;0;0;0;1;1;0;0;1;0
Portugal;235;1969;"Democratic Republic of the Congo/Zaire";490;1;1;0;0;1;0;0;0;0;1;0
Portugal;235;1969;"South Africa";560;1;0;0;0;0;1;0;0;0;0;0
Portugal;235;1969;"Soviet Union/Russia";365;1;0;0;0;0;1;1;1;0;0;0
Portugal;235;1969;Tanzania;510;1;1;0;0;0;0;0;0;0;0;0
Portugal;235;1970;China;710;1;0;0;0;0;1;1;0;0;0;1
Portugal;235;1970;Cuba;40;1;0;0;0;0;1;1;0;0;1;0
Portugal;235;1970;"Democratic Republic of the Congo/Zaire";490;1;1;0;0;1;0;0;0;0;1;0
Portugal;235;1970;"South Africa";560;1;0;0;0;0;1;0;0;0;0;0
Portugal;235;1970;"Soviet Union/Russia";365;1;0;0;0;0;1;1;1;0;0;0
Portugal;235;1970;Tanzania;510;1;1;0;0;0;0;0;0;0;0;0
Portugal;235;1971;China;710;1;0;0;0;0;1;1;0;0;0;1
Portugal;235;1971;Cuba;40;1;0;0;0;0;1;1;0;0;1;0
Portugal;235;1971;"Democratic Republic of the Congo/Zaire";490;1;1;0;0;1;0;0;0;0;1;0
Portugal;235;1971;"South Africa";560;1;0;0;0;0;1;0;0;0;0;0
Portugal;235;1971;"Soviet Union/Russia";365;1;0;0;0;0;1;1;1;0;0;0
Portugal;235;1971;Tanzania;510;1;1;0;0;0;0;0;0;0;0;0
Portugal;235;1972;China;710;1;0;0;0;0;1;1;0;0;0;1
Portugal;235;1972;Cuba;40;1;0;0;0;0;1;1;0;0;1;0
Portugal;235;1972;"Democratic Republic of the Congo/Zaire";490;1;1;0;0;1;0;0;0;0;1;0
Portugal;235;1972;"South Africa";560;1;0;0;0;0;1;0;0;0;0;0
Portugal;235;1972;"Soviet Union/Russia";365;1;0;0;0;0;1;1;1;0;0;0
Portugal;235;1972;Tanzania;510;1;1;0;0;0;0;0;0;0;0;0
Portugal;235;1973;China;710;1;0;0;0;0;1;1;0;0;0;1
Portugal;235;1973;Cuba;40;1;0;0;0;0;1;1;0;0;1;0
Portugal;235;1973;"Democratic Republic of the Congo/Zaire";490;1;1;0;0;1;0;0;0;0;1;0
Portugal;235;1973;"South Africa";560;1;0;0;0;0;1;0;0;0;0;0
Portugal;235;1973;"Soviet Union/Russia";365;1;0;0;0;0;1;1;1;0;0;0
Portugal;235;1973;Tanzania;510;1;1;0;0;0;0;0;0;0;0;0
Portugal;235;1974;China;710;1;0;0;0;0;1;1;0;0;0;1
Portugal;235;1974;Cuba;40;1;0;0;0;0;1;1;0;0;1;0
Portugal;235;1974;"Democratic Republic of the Congo/Zaire";490;1;1;0;0;1;0;0;0;0;1;0
Portugal;235;1974;"South Africa";560;1;0;0;0;0;1;0;0;0;0;0
Portugal;235;1974;"Soviet Union/Russia";365;1;0;0;0;0;1;1;1;0;0;0
Portugal;235;1974;Tanzania;510;0;0;0;0;0;0;0;0;0;0;0
Rwanda;517;1990;Belgium;211;0;0;0;0;0;0;0;0;0;0;0
Rwanda;517;1990;Tanzania;510;0;0;0;0;0;0;0;0;0;0;0
Rwanda;517;1990;Uganda;500;1;1;0;1;1;1;1;1;1;0;0
Rwanda;517;1991;Belgium;211;0;0;0;0;0;0;0;0;0;0;0
Rwanda;517;1991;Tanzania;510;0;0;0;0;0;0;0;0;0;0;0
Rwanda;517;1991;Uganda;500;1;1;0;1;1;1;1;1;1;0;0
Rwanda;517;1992;Belgium;211;0;0;0;0;0;0;0;0;0;0;0
Rwanda;517;1992;Tanzania;510;0;0;0;0;0;0;0;0;0;0;0
Rwanda;517;1992;Uganda;500;1;1;0;1;1;1;1;1;1;0;0
Rwanda;517;1993;Belgium;211;0;0;0;0;0;0;0;0;0;0;0
Rwanda;517;1993;Tanzania;510;0;0;0;0;0;0;0;0;0;0;0
Rwanda;517;1993;Uganda;500;1;1;0;1;1;1;1;1;1;0;0
Rwanda;517;1994;Belgium;211;0;0;0;0;0;0;0;0;0;0;0
Rwanda;517;1994;Tanzania;510;0;0;0;0;0;0;0;0;0;0;0
Rwanda;517;1994;Uganda;500;1;1;0;1;1;1;1;1;1;0;0
Rwanda;517;1996;Burundi;516;0;0;0;0;0;0;0;0;0;0;0
Rwanda;517;1996;"Democratic Republic of the Congo/Zaire";490;0;0;0;0;0;0;0;0;0;0;0
Rwanda;517;1997;Burundi;516;0;0;0;0;0;0;0;0;0;0;0
Rwanda;517;1997;"Democratic Republic of the Congo/Zaire";490;0;0;0;0;0;0;0;0;0;0;0
Rwanda;517;1998;Burundi;516;0;0;0;0;0;0;0;0;0;0;0
Rwanda;517;1998;"Democratic Republic of the Congo/Zaire";490;0;0;0;0;0;0;0;0;0;0;0
Rwanda;517;1999;Burundi;516;0;0;0;0;0;0;0;0;0;0;0
Rwanda;517;1999;"Democratic Republic of the Congo/Zaire";490;0;0;0;0;0;0;0;0;0;0;0
Rwanda;517;2000;Burundi;516;0;0;0;0;0;0;0;0;0;0;0
Rwanda;517;2000;Canada;20;0;0;0;0;0;0;0;0;0;0;0
Rwanda;517;2000;Congo;484;0;0;0;0;0;0;0;0;0;0;0
Rwanda;517;2000;"Democratic Republic of the Congo/Zaire";490;0;0;0;0;0;0;0;0;0;0;0
Rwanda;517;2000;France;220;0;0;0;0;0;0;0;0;0;0;0
Rwanda;517;2000;Germany;255;0;0;0;0;0;0;0;0;0;0;0
Rwanda;517;2000;Netherlands;210;0;0;0;0;0;0;0;0;0;0;0
Rwanda;517;2000;"North Korea";731;0;0;0;0;0;0;0;0;0;0;0
Rwanda;517;2000;Spain;230;0;0;0;0;0;0;0;0;0;0;0
Rwanda;517;2000;Sudan;625;0;0;0;0;0;0;0;0;0;0;0
Rwanda;517;2000;Uganda;500;0;0;0;0;0;0;0;0;0;0;0
Rwanda;517;2000;"United States of America";2;0;0;0;0;0;0;0;0;0;0;0
Rwanda;517;2001;Canada;20;0;0;0;0;0;0;0;0;0;0;0
Rwanda;517;2001;Congo;484;1;1;1;0;1;0;1;0;0;0;0
Rwanda;517;2001;France;220;0;0;0;0;0;0;0;0;0;0;0
Rwanda;517;2001;Germany;255;0;0;0;0;0;0;0;0;0;0;0
Rwanda;517;2001;Netherlands;210;0;0;0;0;0;0;0;0;0;0;0
Rwanda;517;2001;"North Korea";731;0;0;0;0;0;0;0;0;0;0;0
Rwanda;517;2001;Spain;230;0;0;0;0;0;0;0;0;0;0;0
Rwanda;517;2001;Sudan;625;0;0;0;0;0;0;0;0;0;0;0
Rwanda;517;2001;Uganda;500;0;0;0;0;0;0;0;0;0;0;0
Rwanda;517;2001;"United States of America";2;0;0;0;0;0;0;0;0;0;0;0
Rwanda;517;2002;Canada;20;0;0;0;0;0;0;0;0;0;0;0
Rwanda;517;2002;Congo;484;1;1;1;0;1;0;1;0;0;0;0
Rwanda;517;2002;France;220;0;0;0;0;0;0;0;0;0;0;0
Rwanda;517;2002;Germany;255;0;0;0;0;0;0;0;0;0;0;0
Rwanda;517;2002;Netherlands;210;0;0;0;0;0;0;0;0;0;0;0
Rwanda;517;2002;"North Korea";731;0;0;0;0;0;0;0;0;0;0;0
Rwanda;517;2002;Spain;230;0;0;0;0;0;0;0;0;0;0;0
Rwanda;517;2002;Sudan;625;0;0;0;0;0;0;0;0;0;0;0
Rwanda;517;2002;Uganda;500;0;0;0;0;0;0;0;0;0;0;0
Rwanda;517;2002;"United States of America";2;0;0;0;0;0;0;0;0;0;0;0
Rwanda;517;2003;Canada;20;0;0;0;0;0;0;0;0;0;0;0
Rwanda;517;2003;Congo;484;1;1;1;0;1;0;1;0;0;0;0
Rwanda;517;2003;France;220;0;0;0;0;0;0;0;0;0;0;0
Rwanda;517;2003;Germany;255;0;0;0;0;0;0;0;0;0;0;0
Rwanda;517;2003;Netherlands;210;0;0;0;0;0;0;0;0;0;0;0
Rwanda;517;2003;"North Korea";731;0;0;0;0;0;0;0;0;0;0;0
Rwanda;517;2003;Spain;230;0;0;0;0;0;0;0;0;0;0;0
Rwanda;517;2003;Sudan;625;0;0;0;0;0;0;0;0;0;0;0
Rwanda;517;2003;Uganda;500;0;0;0;0;0;0;0;0;0;0;0
Rwanda;517;2003;"United States of America";2;0;0;0;0;0;0;0;0;0;0;0
Rwanda;517;2004;Canada;20;0;0;0;0;0;0;0;0;0;0;0
Rwanda;517;2004;Congo;484;1;1;1;0;1;0;1;0;0;0;0
Rwanda;517;2004;France;220;0;0;0;0;0;0;0;0;0;0;0
Rwanda;517;2004;Germany;255;0;0;0;0;0;0;0;0;0;0;0
Rwanda;517;2004;Netherlands;210;0;0;0;0;0;0;0;0;0;0;0
Rwanda;517;2004;"North Korea";731;0;0;0;0;0;0;0;0;0;0;0
Rwanda;517;2004;Spain;230;0;0;0;0;0;0;0;0;0;0;0
Rwanda;517;2004;Sudan;625;0;0;0;0;0;0;0;0;0;0;0
Rwanda;517;2004;Uganda;500;0;0;0;0;0;0;0;0;0;0;0
Rwanda;517;2004;"United States of America";2;0;0;0;0;0;0;0;0;0;0;0
Rwanda;517;2005;Canada;20;0;0;0;0;0;0;0;0;0;0;0
Rwanda;517;2005;Congo;484;1;1;1;0;1;0;1;0;0;0;0
Rwanda;517;2005;France;220;0;0;0;0;0;0;0;0;0;0;0
Rwanda;517;2005;Germany;255;0;0;0;0;0;0;0;0;0;0;0
Rwanda;517;2005;Netherlands;210;0;0;0;0;0;0;0;0;0;0;0
Rwanda;517;2005;"North Korea";731;0;0;0;0;0;0;0;0;0;0;0
Rwanda;517;2005;Spain;230;0;0;0;0;0;0;0;0;0;0;0
Rwanda;517;2005;Sudan;625;0;0;0;0;0;0;0;0;0;0;0
Rwanda;517;2005;Uganda;500;0;0;0;0;0;0;0;0;0;0;0
Rwanda;517;2005;"United States of America";2;0;0;0;0;0;0;0;0;0;0;0
Rwanda;517;2006;Canada;20;0;0;0;0;0;0;0;0;0;0;0
Rwanda;517;2006;Congo;484;1;1;1;0;1;0;1;0;0;0;0
Rwanda;517;2006;France;220;0;0;0;0;0;0;0;0;0;0;0
Rwanda;517;2006;Germany;255;0;0;0;0;0;0;0;0;0;0;0
Rwanda;517;2006;Netherlands;210;0;0;0;0;0;0;0;0;0;0;0
Rwanda;517;2006;"North Korea";731;0;0;0;0;0;0;0;0;0;0;0
Rwanda;517;2006;Spain;230;0;0;0;0;0;0;0;0;0;0;0
Rwanda;517;2006;Sudan;625;0;0;0;0;0;0;0;0;0;0;0
Rwanda;517;2006;Uganda;500;0;0;0;0;0;0;0;0;0;0;0
Rwanda;517;2006;"United States of America";2;0;0;0;0;0;0;0;0;0;0;0
Rwanda;517;2007;Canada;20;0;0;0;0;0;0;0;0;0;0;0
Rwanda;517;2007;Congo;484;1;1;1;0;1;0;1;0;0;0;0
Rwanda;517;2007;France;220;0;0;0;0;0;0;0;0;0;0;0
Rwanda;517;2007;Germany;255;0;0;0;0;0;0;0;0;0;0;0
Rwanda;517;2007;Netherlands;210;0;0;0;0;0;0;0;0;0;0;0
Rwanda;517;2007;"North Korea";731;0;0;0;0;0;0;0;0;0;0;0
Rwanda;517;2007;Spain;230;0;0;0;0;0;0;0;0;0;0;0
Rwanda;517;2007;Sudan;625;0;0;0;0;0;0;0;0;0;0;0
Rwanda;517;2007;Uganda;500;0;0;0;0;0;0;0;0;0;0;0
Rwanda;517;2007;"United States of America";2;0;0;0;0;0;0;0;0;0;0;0
Rwanda;517;2008;Canada;20;0;0;0;0;0;0;0;0;0;0;0
Rwanda;517;2008;Congo;484;1;1;1;0;1;0;1;0;0;0;0
Rwanda;517;2008;France;220;0;0;0;0;0;0;0;0;0;0;0
Rwanda;517;2008;Germany;255;0;0;0;0;0;0;0;0;0;0;0
Rwanda;517;2008;Netherlands;210;0;0;0;0;0;0;0;0;0;0;0
Rwanda;517;2008;"North Korea";731;0;0;0;0;0;0;0;0;0;0;0
Rwanda;517;2008;Spain;230;0;0;0;0;0;0;0;0;0;0;0
Rwanda;517;2008;Sudan;625;0;0;0;0;0;0;0;0;0;0;0
Rwanda;517;2008;Uganda;500;0;0;0;0;0;0;0;0;0;0;0
Rwanda;517;2008;"United States of America";2;0;0;0;0;0;0;0;0;0;0;0
Rwanda;517;2009;Canada;20;0;0;0;0;0;0;0;0;0;0;0
Rwanda;517;2009;Congo;484;1;1;1;0;1;0;1;0;0;0;0
Rwanda;517;2009;France;220;0;0;0;0;0;0;0;0;0;0;0
Rwanda;517;2009;Germany;255;0;0;0;0;0;0;0;0;0;0;0
Rwanda;517;2009;Netherlands;210;0;0;0;0;0;0;0;0;0;0;0
Rwanda;517;2009;"North Korea";731;0;0;0;0;0;0;0;0;0;0;0
Rwanda;517;2009;Spain;230;0;0;0;0;0;0;0;0;0;0;0
Rwanda;517;2009;Sudan;625;0;0;0;0;0;0;0;0;0;0;0
Rwanda;517;2009;Uganda;500;0;0;0;0;0;0;0;0;0;0;0
Rwanda;517;2009;"United States of America";2;0;0;0;0;0;0;0;0;0;0;0
Rwanda;517;2010;Canada;20;0;0;0;0;0;0;0;0;0;0;0
Rwanda;517;2010;Congo;484;1;1;1;0;1;0;1;0;0;0;0
Rwanda;517;2010;France;220;0;0;0;0;0;0;0;0;0;0;0
Rwanda;517;2010;Germany;255;0;0;0;0;0;0;0;0;0;0;0
Rwanda;517;2010;Netherlands;210;0;0;0;0;0;0;0;0;0;0;0
Rwanda;517;2010;"North Korea";731;0;0;0;0;0;0;0;0;0;0;0
Rwanda;517;2010;Spain;230;0;0;0;0;0;0;0;0;0;0;0
Rwanda;517;2010;Sudan;625;0;0;0;0;0;0;0;0;0;0;0
Rwanda;517;2010;Uganda;500;0;0;0;0;0;0;0;0;0;0;0
Rwanda;517;2010;"United States of America";2;0;0;0;0;0;0;0;0;0;0;0
Senegal;433;1982;France;220;0;0;0;0;0;0;0;0;0;0;0
Senegal;433;1982;Gambia;420;0;0;0;0;0;0;0;0;0;0;0
Senegal;433;1982;Guinea-Bissau;404;0;0;0;0;0;0;0;0;0;0;0
Senegal;433;1982;Iran;630;0;0;0;0;0;0;0;0;0;0;0
Senegal;433;1982;Mauritania;435;0;0;0;0;0;0;0;0;0;0;0
Senegal;433;1983;France;220;0;0;0;0;0;0;0;0;0;0;0
Senegal;433;1983;Gambia;420;0;0;0;0;0;0;0;0;0;0;0
Senegal;433;1983;Guinea-Bissau;404;0;0;0;0;0;0;0;0;0;0;0
Senegal;433;1983;Iran;630;0;0;0;0;0;0;0;0;0;0;0
Senegal;433;1983;Mauritania;435;0;0;0;0;0;0;0;0;0;0;0
Senegal;433;1984;France;220;0;0;0;0;0;0;0;0;0;0;0
Senegal;433;1984;Gambia;420;0;0;0;0;0;0;0;0;0;0;0
Senegal;433;1984;Guinea-Bissau;404;0;0;0;0;0;0;0;0;0;0;0
Senegal;433;1984;Iran;630;0;0;0;0;0;0;0;0;0;0;0
Senegal;433;1984;Mauritania;435;0;0;0;0;0;0;0;0;0;0;0
Senegal;433;1985;France;220;0;0;0;0;0;0;0;0;0;0;0
Senegal;433;1985;Gambia;420;0;0;0;0;0;0;0;0;0;0;0
Senegal;433;1985;Guinea-Bissau;404;0;0;0;0;0;0;0;0;0;0;0
Senegal;433;1985;Iran;630;0;0;0;0;0;0;0;0;0;0;0
Senegal;433;1985;Mauritania;435;0;0;0;0;0;0;0;0;0;0;0
Senegal;433;1986;France;220;0;0;0;0;0;0;0;0;0;0;0
Senegal;433;1986;Gambia;420;0;0;0;0;0;0;0;0;0;0;0
Senegal;433;1986;Guinea-Bissau;404;0;0;0;0;0;0;0;0;0;0;0
Senegal;433;1986;Iran;630;0;0;0;0;0;0;0;0;0;0;0
Senegal;433;1986;Mauritania;435;0;0;0;0;0;0;0;0;0;0;0
Senegal;433;1987;France;220;0;0;0;0;0;0;0;0;0;0;0
Senegal;433;1987;Gambia;420;0;0;0;0;0;0;0;0;0;0;0
Senegal;433;1987;Guinea-Bissau;404;0;0;0;0;0;0;0;0;0;0;0
Senegal;433;1987;Iran;630;0;0;0;0;0;0;0;0;0;0;0
Senegal;433;1987;Mauritania;435;0;0;0;0;0;0;0;0;0;0;0
Senegal;433;1988;France;220;0;0;0;0;0;0;0;0;0;0;0
Senegal;433;1988;Gambia;420;0;0;0;0;0;0;0;0;0;0;0
Senegal;433;1988;Guinea-Bissau;404;0;0;0;0;0;0;0;0;0;0;0
Senegal;433;1988;Iran;630;0;0;0;0;0;0;0;0;0;0;0
Senegal;433;1988;Mauritania;435;0;0;0;0;0;0;0;0;0;0;0
Senegal;433;1989;France;220;0;0;0;0;0;0;0;0;0;0;0
Senegal;433;1989;Gambia;420;0;0;0;0;0;0;0;0;0;0;0
Senegal;433;1989;Guinea-Bissau;404;0;0;0;0;0;0;0;0;0;0;0
Senegal;433;1989;Iran;630;0;0;0;0;0;0;0;0;0;0;0
Senegal;433;1989;Mauritania;435;1;0;0;0;0;0;1;0;0;0;0
Senegal;433;1990;France;220;0;0;0;0;0;0;0;0;0;0;0
Senegal;433;1990;Gambia;420;0;0;0;0;0;0;0;0;0;0;0
Senegal;433;1990;Guinea-Bissau;404;0;0;0;0;0;0;0;0;0;0;0
Senegal;433;1990;Iran;630;0;0;0;0;0;0;0;0;0;0;0
Senegal;433;1990;Mauritania;435;1;0;0;0;0;0;1;0;0;0;0
Senegal;433;1991;France;220;0;0;0;0;0;0;0;0;0;0;0
Senegal;433;1991;Gambia;420;0;0;0;0;0;0;0;0;0;0;0
Senegal;433;1991;Guinea-Bissau;404;0;0;0;0;0;0;0;0;0;0;0
Senegal;433;1991;Iran;630;0;0;0;0;0;0;0;0;0;0;0
Senegal;433;1991;Mauritania;435;1;0;0;0;0;0;1;0;0;0;0
Senegal;433;1992;France;220;0;0;0;0;0;0;0;0;0;0;0
Senegal;433;1992;Gambia;420;0;0;0;0;0;0;0;0;0;0;0
Senegal;433;1992;Guinea-Bissau;404;0;0;0;0;0;0;0;0;0;0;0
Senegal;433;1992;Iran;630;0;0;0;0;0;0;0;0;0;0;0
Senegal;433;1992;Mauritania;435;1;0;0;0;0;0;1;0;0;0;0
Senegal;433;1993;France;220;0;0;0;0;0;0;0;0;0;0;0
Senegal;433;1993;Gambia;420;0;0;0;0;0;0;0;0;0;0;0
Senegal;433;1993;Guinea-Bissau;404;0;0;0;0;0;0;0;0;0;0;0
Senegal;433;1993;Iran;630;0;0;0;0;0;0;0;0;0;0;0
Senegal;433;1993;Mauritania;435;1;0;0;0;0;0;1;0;0;0;0
Senegal;433;1994;France;220;0;0;0;0;0;0;0;0;0;0;0
Senegal;433;1994;Gambia;420;0;0;0;0;0;0;0;0;0;0;0
Senegal;433;1994;Guinea-Bissau;404;0;0;0;0;0;0;0;0;0;0;0
Senegal;433;1994;Iran;630;0;0;0;0;0;0;0;0;0;0;0
Senegal;433;1994;Mauritania;435;1;0;0;0;0;0;1;0;0;0;0
Senegal;433;1995;France;220;0;0;0;0;0;0;0;0;0;0;0
Senegal;433;1995;Gambia;420;0;0;0;0;0;0;0;0;0;0;0
Senegal;433;1995;Guinea-Bissau;404;0;0;0;0;0;0;0;0;0;0;0
Senegal;433;1995;Iran;630;0;0;0;0;0;0;0;0;0;0;0
Senegal;433;1995;Mauritania;435;0;0;0;0;0;0;0;0;0;0;0
Senegal;433;1996;France;220;0;0;0;0;0;0;0;0;0;0;0
Senegal;433;1996;Gambia;420;0;0;0;0;0;0;0;0;0;0;0
Senegal;433;1996;Guinea-Bissau;404;0;0;0;0;0;0;0;0;0;0;0
Senegal;433;1996;Iran;630;0;0;0;0;0;0;0;0;0;0;0
Senegal;433;1996;Mauritania;435;0;0;0;0;0;0;0;0;0;0;0
Senegal;433;1997;France;220;0;0;0;0;0;0;0;0;0;0;0
Senegal;433;1997;Gambia;420;0;0;0;0;0;0;0;0;0;0;0
Senegal;433;1997;Guinea-Bissau;404;0;0;0;0;0;0;0;0;0;0;0
Senegal;433;1997;Iran;630;0;0;0;0;0;0;0;0;0;0;0
Senegal;433;1997;Mauritania;435;0;0;0;0;0;0;0;0;0;0;0
Senegal;433;1998;France;220;0;0;0;0;0;0;0;0;0;0;0
Senegal;433;1998;Gambia;420;0;0;0;0;0;0;0;0;0;0;0
Senegal;433;1998;Guinea-Bissau;404;1;0;0;0;0;0;1;0;0;0;0
Senegal;433;1998;Iran;630;0;0;0;0;0;0;0;0;0;0;0
Senegal;433;1998;Mauritania;435;0;0;0;0;0;0;0;0;0;0;0
Senegal;433;1999;France;220;0;0;0;0;0;0;0;0;0;0;0
Senegal;433;1999;Gambia;420;0;0;0;0;0;0;0;0;0;0;0
Senegal;433;1999;Guinea-Bissau;404;1;0;0;0;0;0;1;0;0;0;0
Senegal;433;1999;Iran;630;0;0;0;0;0;0;0;0;0;0;0
Senegal;433;1999;Mauritania;435;0;0;0;0;0;0;0;0;0;0;0
Senegal;433;2000;France;220;0;0;0;0;0;0;0;0;0;0;0
Senegal;433;2000;Gambia;420;0;0;0;0;0;0;0;0;0;0;0
Senegal;433;2000;Guinea-Bissau;404;1;0;0;0;0;0;1;0;0;0;0
Senegal;433;2000;Iran;630;0;0;0;0;0;0;0;0;0;0;0
Senegal;433;2000;Mauritania;435;0;0;0;0;0;0;0;0;0;0;0
Senegal;433;2001;France;220;0;0;0;0;0;0;0;0;0;0;0
Senegal;433;2001;Gambia;420;0;0;0;0;0;0;0;0;0;0;0
Senegal;433;2001;Guinea-Bissau;404;1;0;0;0;0;0;1;0;0;0;0
Senegal;433;2001;Iran;630;0;0;0;0;0;0;0;0;0;0;0
Senegal;433;2001;Mauritania;435;0;0;0;0;0;0;0;0;0;0;0
Senegal;433;2002;France;220;0;0;0;0;0;0;0;0;0;0;0
Senegal;433;2002;Gambia;420;0;0;0;0;0;0;0;0;0;0;0
Senegal;433;2002;Guinea-Bissau;404;1;0;0;0;0;0;1;0;0;0;0
Senegal;433;2002;Iran;630;0;0;0;0;0;0;0;0;0;0;0
Senegal;433;2002;Mauritania;435;0;0;0;0;0;0;0;0;0;0;0
Senegal;433;2003;France;220;0;0;0;0;0;0;0;0;0;0;0
Senegal;433;2003;Gambia;420;0;0;0;0;0;0;0;0;0;0;0
Senegal;433;2003;Guinea-Bissau;404;1;0;0;0;0;0;1;0;0;0;0
Senegal;433;2003;Iran;630;0;0;0;0;0;0;0;0;0;0;0
Senegal;433;2003;Mauritania;435;0;0;0;0;0;0;0;0;0;0;0
Senegal;433;2004;France;220;0;0;0;0;0;0;0;0;0;0;0
Senegal;433;2004;Gambia;420;0;0;0;0;0;0;0;0;0;0;0
Senegal;433;2004;Guinea-Bissau;404;1;0;0;0;0;0;1;0;0;0;0
Senegal;433;2004;Iran;630;0;0;0;0;0;0;0;0;0;0;0
Senegal;433;2004;Mauritania;435;0;0;0;0;0;0;0;0;0;0;0
Senegal;433;2005;France;220;0;0;0;0;0;0;0;0;0;0;0
Senegal;433;2005;Gambia;420;0;0;0;0;0;0;0;0;0;0;0
Senegal;433;2005;Guinea-Bissau;404;1;0;0;0;0;0;1;0;0;0;0
Senegal;433;2005;Iran;630;0;0;0;0;0;0;0;0;0;0;0
Senegal;433;2005;Mauritania;435;0;0;0;0;0;0;0;0;0;0;0
Senegal;433;2006;France;220;0;0;0;0;0;0;0;0;0;0;0
Senegal;433;2006;Gambia;420;0;0;0;0;0;0;0;0;0;0;0
Senegal;433;2006;Guinea-Bissau;404;1;0;0;0;0;0;1;0;0;0;0
Senegal;433;2006;Iran;630;0;0;0;0;0;0;0;0;0;0;0
Senegal;433;2006;Mauritania;435;0;0;0;0;0;0;0;0;0;0;0
Senegal;433;2007;France;220;0;0;0;0;0;0;0;0;0;0;0
Senegal;433;2007;Gambia;420;0;0;0;0;0;0;0;0;0;0;0
Senegal;433;2007;Guinea-Bissau;404;1;0;0;0;0;0;1;0;0;0;0
Senegal;433;2007;Iran;630;0;0;0;0;0;0;0;0;0;0;0
Senegal;433;2007;Mauritania;435;0;0;0;0;0;0;0;0;0;0;0
Senegal;433;2008;France;220;0;0;0;0;0;0;0;0;0;0;0
Senegal;433;2008;Gambia;420;0;0;0;0;0;0;0;0;0;0;0
Senegal;433;2008;Guinea-Bissau;404;1;0;0;0;0;0;1;0;0;0;0
Senegal;433;2008;Iran;630;0;0;0;0;0;0;0;0;0;0;0
Senegal;433;2008;Mauritania;435;0;0;0;0;0;0;0;0;0;0;0
Senegal;433;2009;France;220;0;0;0;0;0;0;0;0;0;0;0
Senegal;433;2009;Gambia;420;0;0;0;0;0;0;0;0;0;0;0
Senegal;433;2009;Guinea-Bissau;404;1;0;0;0;0;0;1;0;0;0;0
Senegal;433;2009;Iran;630;0;0;0;0;0;0;0;0;0;0;0
Senegal;433;2009;Mauritania;435;0;0;0;0;0;0;0;0;0;0;0
Senegal;433;2010;France;220;0;0;0;0;0;0;0;0;0;0;0
Senegal;433;2010;Gambia;420;1;0;0;0;0;1;1;0;0;0;0
Senegal;433;2010;Guinea-Bissau;404;1;0;0;0;0;0;1;0;0;0;0
Senegal;433;2010;Iran;630;1;0;0;0;0;0;1;0;0;0;0
Senegal;433;2010;Mauritania;435;0;0;0;0;0;0;0;0;0;0;0
"Sierra Leone";451;1991;"Burkina Faso";439;1;0;0;0;0;0;1;0;0;1;0
"Sierra Leone";451;1991;Liberia;450;1;1;0;0;0;1;1;1;1;0;1
"Sierra Leone";451;1991;Libya;620;1;0;0;0;0;1;0;0;0;0;0
"Sierra Leone";451;1991;Ukraine;369;0;0;0;0;0;0;0;0;0;0;0
"Sierra Leone";451;1992;"Burkina Faso";439;1;0;0;0;0;0;1;0;0;0;0
"Sierra Leone";451;1992;Liberia;450;1;1;0;0;0;1;1;0;1;0;0
"Sierra Leone";451;1992;Libya;620;0;0;0;0;0;0;0;0;0;0;0
"Sierra Leone";451;1992;Ukraine;369;0;0;0;0;0;0;0;0;0;0;0
"Sierra Leone";451;1993;"Burkina Faso";439;1;0;0;0;0;0;1;0;0;0;0
"Sierra Leone";451;1993;Liberia;450;1;1;1;0;0;1;1;0;1;0;0
"Sierra Leone";451;1993;Libya;620;0;0;0;0;0;0;0;0;0;0;0
"Sierra Leone";451;1993;Ukraine;369;0;0;0;0;0;0;0;0;0;0;0
"Sierra Leone";451;1994;"Burkina Faso";439;1;0;0;0;0;0;1;0;0;0;0
"Sierra Leone";451;1994;Liberia;450;1;1;1;0;0;1;1;0;1;0;0
"Sierra Leone";451;1994;Libya;620;0;0;0;0;0;0;0;0;0;0;0
"Sierra Leone";451;1994;Ukraine;369;0;0;0;0;0;0;0;0;0;0;0
"Sierra Leone";451;1995;"Burkina Faso";439;1;0;0;0;0;0;1;0;0;0;0
"Sierra Leone";451;1995;Liberia;450;1;1;1;0;0;1;1;0;1;0;0
"Sierra Leone";451;1995;Libya;620;0;0;0;0;0;0;0;0;0;0;0
"Sierra Leone";451;1995;Ukraine;369;0;0;0;0;0;0;0;0;0;0;0
"Sierra Leone";451;1996;"Burkina Faso";439;1;0;0;0;0;0;1;0;0;0;0
"Sierra Leone";451;1996;Liberia;450;1;1;0;0;0;1;1;0;1;0;0
"Sierra Leone";451;1996;Libya;620;0;0;0;0;0;0;0;0;0;0;0
"Sierra Leone";451;1996;Ukraine;369;0;0;0;0;0;0;0;0;0;0;0
"Sierra Leone";451;1997;"Burkina Faso";439;1;0;0;0;0;0;1;0;0;0;0
"Sierra Leone";451;1997;Guinea;438;0;0;0;0;0;0;0;0;0;0;0
"Sierra Leone";451;1997;Liberia;450;2;2;0;0;0;1;2;1;2;1;0
"Sierra Leone";451;1997;Libya;620;0;0;0;0;0;0;0;0;0;0;0
"Sierra Leone";451;1997;Ukraine;369;0;0;0;0;0;0;0;0;0;0;0
"Sierra Leone";451;1998;"Burkina Faso";439;1;0;0;0;0;0;1;0;0;0;0
"Sierra Leone";451;1998;Guinea;438;0;0;0;0;0;0;0;0;0;0;0
"Sierra Leone";451;1998;Liberia;450;2;2;1;0;0;1;2;1;2;1;0
"Sierra Leone";451;1998;Libya;620;0;0;0;0;0;0;0;0;0;0;0
"Sierra Leone";451;1998;Ukraine;369;0;0;0;0;0;0;0;0;0;0;0
"Sierra Leone";451;1999;"Burkina Faso";439;1;0;0;0;0;0;1;0;0;0;0
"Sierra Leone";451;1999;Guinea;438;0;0;0;0;0;0;0;0;0;0;0
"Sierra Leone";451;1999;Liberia;450;2;2;1;0;0;1;2;1;2;1;0
"Sierra Leone";451;1999;Libya;620;0;0;0;0;0;0;0;0;0;0;0
"Sierra Leone";451;1999;Ukraine;369;0;0;0;0;0;0;0;0;0;0;0
"Sierra Leone";451;2000;"Burkina Faso";439;1;0;0;0;0;0;1;0;1;0;0
"Sierra Leone";451;2000;Guinea;438;0;0;0;0;0;0;0;0;0;0;0
"Sierra Leone";451;2000;Liberia;450;2;2;1;0;0;1;2;1;2;1;0
"Sierra Leone";451;2000;Libya;620;0;0;0;0;0;0;0;0;0;0;0
"Sierra Leone";451;2000;Ukraine;369;0;0;0;0;0;0;0;0;0;0;0
"Sierra Leone";451;2001;"Burkina Faso";439;0;0;0;0;0;0;0;0;0;0;0
"Sierra Leone";451;2001;Liberia;450;1;0;0;0;0;0;0;0;1;0;0
"Sierra Leone";451;2001;Libya;620;0;0;0;0;0;0;0;0;0;0;0
"Sierra Leone";451;2001;Ukraine;369;0;0;0;0;0;0;0;0;0;0;0
Somalia;520;1978;Ethiopia;530;1;1;1;1;1;0;1;1;0;0;0
Somalia;520;1979;Ethiopia;530;1;1;1;1;1;0;1;1;0;0;0
Somalia;520;1980;Ethiopia;530;1;1;1;1;1;0;1;1;0;0;0
Somalia;520;1981;Ethiopia;530;1;1;1;1;1;0;1;1;0;0;0
Somalia;520;1982;Ethiopia;530;2;2;2;2;2;0;2;1;0;0;1
Somalia;520;1983;Ethiopia;530;2;2;2;2;2;0;2;1;0;0;1
Somalia;520;1984;Ethiopia;530;2;2;2;2;2;0;1;1;0;0;0
Somalia;520;1985;Ethiopia;530;1;1;1;1;1;0;0;0;0;0;0
Somalia;520;1986;Ethiopia;530;1;1;1;1;1;0;0;0;0;0;0
Somalia;520;1987;Ethiopia;530;1;1;1;1;1;0;1;0;0;0;1
Somalia;520;1988;Ethiopia;530;1;1;1;1;1;0;1;0;0;0;0
Somalia;520;1989;Ethiopia;530;0;0;0;0;0;0;0;0;0;0;0
Somalia;520;1989;Italy;325;0;0;0;0;0;0;0;0;0;0;0
Somalia;520;1989;Kenya;501;1;0;1;0;0;0;0;0;0;0;0
Somalia;520;1989;"United Kingdom";200;0;0;0;0;0;0;0;0;0;0;0
Somalia;520;1990;Ethiopia;530;0;0;0;0;0;0;0;0;0;0;0
Somalia;520;1990;Italy;325;0;0;0;0;0;0;0;0;0;0;0
Somalia;520;1990;Kenya;501;1;0;1;0;0;0;0;0;0;0;0
Somalia;520;1990;"United Kingdom";200;0;0;0;0;0;0;0;0;0;0;0
Somalia;520;1991;Ethiopia;530;0;0;0;0;0;0;0;0;0;0;0
Somalia;520;1991;Italy;325;0;0;0;0;0;0;0;0;0;0;0
Somalia;520;1991;Kenya;501;1;0;1;0;0;0;0;0;0;0;0
Somalia;520;1991;"United Kingdom";200;0;0;0;0;0;0;0;0;0;0;0
Somalia;520;2001;Ethiopia;530;1;0;1;1;0;0;0;0;0;0;0
Somalia;520;2002;Ethiopia;530;1;0;0;0;0;1;1;1;0;0;0
Somalia;520;2003;Ethiopia;530;0;0;0;0;0;0;0;0;0;0;0
Somalia;520;2004;Ethiopia;530;0;0;0;0;0;0;0;0;0;0;0
Somalia;520;2006;Egypt;651;1;0;0;0;0;0;1;1;0;0;0
Somalia;520;2006;Eritrea;531;2;1;0;0;0;0;1;1;0;1;0
Somalia;520;2006;Iran;630;1;0;0;0;0;0;1;1;0;0;0
Somalia;520;2006;Kenya;501;0;0;0;0;0;0;0;0;0;0;0
Somalia;520;2006;Libya;620;1;0;0;0;0;0;1;1;0;0;0
Somalia;520;2006;Qatar;694;0;0;0;0;0;0;0;0;0;0;0
Somalia;520;2006;"Saudi Arabia";670;1;0;0;0;0;0;1;1;0;0;0
Somalia;520;2006;Sudan;625;1;0;0;0;0;0;1;1;0;0;0
Somalia;520;2006;Sweden;380;0;0;0;0;0;0;0;0;0;0;0
Somalia;520;2006;Syria;652;1;0;0;0;0;0;1;1;0;0;0
Somalia;520;2006;"United Kingdom";200;0;0;0;0;0;0;0;0;0;0;0
Somalia;520;2006;Yemen;679;1;0;0;0;0;0;1;1;0;1;0
Somalia;520;2006;Zimbabwe;552;1;0;0;0;0;0;1;1;0;0;0
Somalia;520;2007;Djibouti;522;0;0;0;0;0;0;0;0;0;0;0
Somalia;520;2007;Egypt;651;1;0;0;0;0;0;0;1;0;0;0
Somalia;520;2007;Eritrea;531;2;1;1;1;0;0;1;1;0;0;0
Somalia;520;2007;Iran;630;0;0;0;0;0;0;0;0;0;0;0
Somalia;520;2007;Kenya;501;0;0;0;0;0;0;0;0;0;0;0
Somalia;520;2007;Libya;620;0;0;0;0;0;0;0;0;0;0;0
Somalia;520;2007;Qatar;694;0;0;0;0;0;0;0;0;0;0;0
Somalia;520;2007;"Saudi Arabia";670;0;0;0;0;0;0;0;0;0;0;0
Somalia;520;2007;Sudan;625;0;0;0;0;0;0;0;0;0;0;0
Somalia;520;2007;Sweden;380;0;0;0;0;0;0;0;0;0;0;0
Somalia;520;2007;Syria;652;0;0;0;0;0;0;0;0;0;0;0
Somalia;520;2007;"United Kingdom";200;0;0;0;0;0;0;0;0;0;0;0
Somalia;520;2007;Yemen;679;0;0;0;0;0;0;0;0;0;0;0
Somalia;520;2007;Zimbabwe;552;0;0;0;0;0;0;0;0;0;0;0
Somalia;520;2008;Djibouti;522;0;0;0;0;0;0;0;0;0;0;0
Somalia;520;2008;Egypt;651;1;0;0;0;0;0;0;1;0;0;0
Somalia;520;2008;Eritrea;531;3;1;1;0;0;0;2;2;0;0;0
Somalia;520;2008;Iran;630;0;0;0;0;0;0;0;0;0;0;0
Somalia;520;2008;Kenya;501;0;0;0;0;0;0;0;0;0;0;0
Somalia;520;2008;Libya;620;0;0;0;0;0;0;0;0;0;0;0
Somalia;520;2008;Qatar;694;0;0;0;0;0;0;0;0;0;0;0
Somalia;520;2008;"Saudi Arabia";670;0;0;0;0;0;0;0;0;0;0;0
Somalia;520;2008;Sudan;625;0;0;0;0;0;0;0;0;0;0;0
Somalia;520;2008;Sweden;380;0;0;0;0;0;0;0;0;0;0;0
Somalia;520;2008;Syria;652;0;0;0;0;0;0;0;0;0;0;0
Somalia;520;2008;"United Kingdom";200;0;0;0;0;0;0;0;0;0;0;0
Somalia;520;2008;Yemen;679;0;0;0;0;0;0;0;0;0;0;0
Somalia;520;2008;Zimbabwe;552;0;0;0;0;0;0;0;0;0;0;0
Somalia;520;2009;Djibouti;522;0;0;0;0;0;0;0;0;0;0;0
Somalia;520;2009;Eritrea;531;2;0;0;0;0;0;2;1;0;0;0
Somalia;520;2009;Iran;630;0;0;0;0;0;0;0;0;0;0;0
Somalia;520;2009;Kenya;501;0;0;0;0;0;0;0;0;0;0;0
Somalia;520;2009;Libya;620;0;0;0;0;0;0;0;0;0;0;0
Somalia;520;2009;Qatar;694;0;0;0;0;0;0;0;0;0;0;0
Somalia;520;2009;"United States of America";2;0;0;0;0;0;0;0;0;0;0;0
Somalia;520;2009;Yemen;679;0;0;0;0;0;0;0;0;0;0;0
Somalia;520;2010;Eritrea;531;2;0;0;0;0;1;2;1;1;0;0
Somalia;520;2010;Iran;630;1;0;0;0;0;0;1;1;0;0;0
Somalia;520;2010;Kenya;501;0;0;0;0;0;0;0;0;0;0;0
Somalia;520;2010;Libya;620;1;0;0;0;0;0;1;1;0;0;0
Somalia;520;2010;Qatar;694;1;0;0;0;0;0;1;1;0;0;0
Somalia;520;2010;"United States of America";2;0;0;0;0;0;0;0;0;0;0;0
Somalia;520;2010;Yemen;679;1;0;0;0;0;0;1;0;0;0;0
"South Africa";560;1960;Angola;540;1;0;1;0;0;0;0;0;0;0;0
"South Africa";560;1960;"Soviet Union/Russia";365;0;0;0;0;0;0;0;0;0;0;0
"South Africa";560;1960;Zambia;551;0;0;0;0;0;0;0;0;0;0;0
"South Africa";560;1961;Angola;540;1;0;1;0;0;0;0;0;0;0;0
"South Africa";560;1961;Botswana;571;0;0;0;0;0;0;0;0;0;0;0
"South Africa";560;1961;Cuba;40;0;0;0;0;0;0;0;0;0;0;0
"South Africa";560;1961;Mozambique;541;0;0;0;0;0;0;0;0;0;0;0
"South Africa";560;1961;"Soviet Union/Russia";365;0;0;0;0;0;0;0;0;0;0;0
"South Africa";560;1961;Tanzania;510;0;0;0;0;0;0;0;0;0;0;0
"South Africa";560;1961;Uganda;500;0;0;0;0;0;0;0;0;0;0;0
"South Africa";560;1961;Zambia;551;0;0;0;0;0;0;0;0;0;0;0
"South Africa";560;1961;Zimbabwe;552;0;0;0;0;0;0;0;0;0;0;0
"South Africa";560;1962;Angola;540;1;0;1;0;0;0;0;0;0;0;0
"South Africa";560;1962;Botswana;571;0;0;0;0;0;0;0;0;0;0;0
"South Africa";560;1962;Cuba;40;0;0;0;0;0;0;0;0;0;0;0
"South Africa";560;1962;Mozambique;541;0;0;0;0;0;0;0;0;0;0;0
"South Africa";560;1962;"Soviet Union/Russia";365;0;0;0;0;0;0;0;0;0;0;0
"South Africa";560;1962;Tanzania;510;0;0;0;0;0;0;0;0;0;0;0
"South Africa";560;1962;Uganda;500;0;0;0;0;0;0;0;0;0;0;0
"South Africa";560;1962;Zambia;551;0;0;0;0;0;0;0;0;0;0;0
"South Africa";560;1962;Zimbabwe;552;0;0;0;0;0;0;0;0;0;0;0
"South Africa";560;1963;Angola;540;1;0;1;0;0;0;0;0;0;0;0
"South Africa";560;1963;Botswana;571;0;0;0;0;0;0;0;0;0;0;0
"South Africa";560;1963;Cuba;40;0;0;0;0;0;0;0;0;0;0;0
"South Africa";560;1963;Mozambique;541;0;0;0;0;0;0;0;0;0;0;0
"South Africa";560;1963;"Soviet Union/Russia";365;0;0;0;0;0;0;0;0;0;0;0
"South Africa";560;1963;Tanzania;510;0;0;0;0;0;0;0;0;0;0;0
"South Africa";560;1963;Uganda;500;0;0;0;0;0;0;0;0;0;0;0
"South Africa";560;1963;Zambia;551;0;0;0;0;0;0;0;0;0;0;0
"South Africa";560;1963;Zimbabwe;552;0;0;0;0;0;0;0;0;0;0;0
"South Africa";560;1964;Angola;540;1;0;1;0;0;0;0;0;0;0;0
"South Africa";560;1964;Botswana;571;0;0;0;0;0;0;0;0;0;0;0
"South Africa";560;1964;Cuba;40;0;0;0;0;0;0;0;0;0;0;0
"South Africa";560;1964;Mozambique;541;0;0;0;0;0;0;0;0;0;0;0
"South Africa";560;1964;"Soviet Union/Russia";365;0;0;0;0;0;0;0;0;0;0;0
"South Africa";560;1964;Tanzania;510;0;0;0;0;0;0;0;0;0;0;0
"South Africa";560;1964;Uganda;500;0;0;0;0;0;0;0;0;0;0;0
"South Africa";560;1964;Zambia;551;0;0;0;0;0;0;0;0;0;0;0
"South Africa";560;1964;Zimbabwe;552;0;0;0;0;0;0;0;0;0;0;0
"South Africa";560;1965;Angola;540;1;0;1;0;0;0;0;0;0;0;0
"South Africa";560;1965;Botswana;571;0;0;0;0;0;0;0;0;0;0;0
"South Africa";560;1965;Cuba;40;0;0;0;0;0;0;0;0;0;0;0
"South Africa";560;1965;Mozambique;541;0;0;0;0;0;0;0;0;0;0;0
"South Africa";560;1965;"Soviet Union/Russia";365;0;0;0;0;0;0;0;0;0;0;0
"South Africa";560;1965;Tanzania;510;0;0;0;0;0;0;0;0;0;0;0
"South Africa";560;1965;Uganda;500;0;0;0;0;0;0;0;0;0;0;0
"South Africa";560;1965;Zambia;551;0;0;0;0;0;0;0;0;0;0;0
"South Africa";560;1965;Zimbabwe;552;0;0;0;0;0;0;0;0;0;0;0
"South Africa";560;1966;Angola;540;1;1;1;1;1;0;0;0;0;0;0
"South Africa";560;1966;Botswana;571;0;0;0;0;0;0;0;0;0;0;0
"South Africa";560;1966;Cuba;40;0;0;0;0;0;0;0;0;0;0;0
"South Africa";560;1966;Mozambique;541;0;0;0;0;0;0;0;0;0;0;0
"South Africa";560;1966;"Soviet Union/Russia";365;0;0;0;0;0;0;0;0;0;0;0
"South Africa";560;1966;Tanzania;510;0;0;0;0;0;0;0;0;0;0;0
"South Africa";560;1966;Uganda;500;0;0;0;0;0;0;0;0;0;0;0
"South Africa";560;1966;Zambia;551;0;0;0;0;0;0;0;0;0;0;0
"South Africa";560;1966;Zimbabwe;552;0;0;0;0;0;0;0;0;0;0;0
"South Africa";560;1967;Angola;540;1;1;1;1;1;0;0;0;0;0;0
"South Africa";560;1967;Botswana;571;0;0;0;0;0;0;0;0;0;0;0
"South Africa";560;1967;Cuba;40;0;0;0;0;0;0;0;0;0;0;0
"South Africa";560;1967;Mozambique;541;0;0;0;0;0;0;0;0;0;0;0
"South Africa";560;1967;"Soviet Union/Russia";365;0;0;0;0;0;0;0;0;0;0;0
"South Africa";560;1967;Tanzania;510;0;0;0;0;0;0;0;0;0;0;0
"South Africa";560;1967;Uganda;500;0;0;0;0;0;0;0;0;0;0;0
"South Africa";560;1967;Zambia;551;0;0;0;0;0;0;0;0;0;0;0
"South Africa";560;1967;Zimbabwe;552;0;0;0;0;0;0;0;0;0;0;0
"South Africa";560;1968;Angola;540;1;1;1;1;1;0;0;0;0;0;0
"South Africa";560;1968;Botswana;571;0;0;0;0;0;0;0;0;0;0;0
"South Africa";560;1968;Cuba;40;0;0;0;0;0;0;0;0;0;0;0
"South Africa";560;1968;Mozambique;541;0;0;0;0;0;0;0;0;0;0;0
"South Africa";560;1968;"Soviet Union/Russia";365;0;0;0;0;0;0;0;0;0;0;0
"South Africa";560;1968;Tanzania;510;0;0;0;0;0;0;0;0;0;0;0
"South Africa";560;1968;Uganda;500;0;0;0;0;0;0;0;0;0;0;0
"South Africa";560;1968;Zambia;551;0;0;0;0;0;0;0;0;0;0;0
"South Africa";560;1968;Zimbabwe;552;0;0;0;0;0;0;0;0;0;0;0
"South Africa";560;1969;Angola;540;1;1;1;1;1;0;0;0;0;0;0
"South Africa";560;1969;Botswana;571;0;0;0;0;0;0;0;0;0;0;0
"South Africa";560;1969;Cuba;40;0;0;0;0;0;0;0;0;0;0;0
"South Africa";560;1969;Mozambique;541;0;0;0;0;0;0;0;0;0;0;0
"South Africa";560;1969;"Soviet Union/Russia";365;0;0;0;0;0;0;0;0;0;0;0
"South Africa";560;1969;Tanzania;510;0;0;0;0;0;0;0;0;0;0;0
"South Africa";560;1969;Uganda;500;0;0;0;0;0;0;0;0;0;0;0
"South Africa";560;1969;Zambia;551;0;0;0;0;0;0;0;0;0;0;0
"South Africa";560;1969;Zimbabwe;552;0;0;0;0;0;0;0;0;0;0;0
"South Africa";560;1970;Angola;540;1;1;1;1;1;0;0;0;0;0;0
"South Africa";560;1970;Botswana;571;0;0;0;0;0;0;0;0;0;0;0
"South Africa";560;1970;Cuba;40;0;0;0;0;0;0;0;0;0;0;0
"South Africa";560;1970;Mozambique;541;0;0;0;0;0;0;0;0;0;0;0
"South Africa";560;1970;"Soviet Union/Russia";365;0;0;0;0;0;0;0;0;0;0;0
"South Africa";560;1970;Tanzania;510;0;0;0;0;0;0;0;0;0;0;0
"South Africa";560;1970;Uganda;500;0;0;0;0;0;0;0;0;0;0;0
"South Africa";560;1970;Zambia;551;0;0;0;0;0;0;0;0;0;0;0
"South Africa";560;1970;Zimbabwe;552;0;0;0;0;0;0;0;0;0;0;0
"South Africa";560;1971;Angola;540;1;1;1;1;1;0;0;0;0;0;0
"South Africa";560;1971;Botswana;571;0;0;0;0;0;0;0;0;0;0;0
"South Africa";560;1971;Cuba;40;0;0;0;0;0;0;0;0;0;0;0
"South Africa";560;1971;Mozambique;541;0;0;0;0;0;0;0;0;0;0;0
"South Africa";560;1971;"Soviet Union/Russia";365;0;0;0;0;0;0;0;0;0;0;0
"South Africa";560;1971;Tanzania;510;0;0;0;0;0;0;0;0;0;0;0
"South Africa";560;1971;Uganda;500;0;0;0;0;0;0;0;0;0;0;0
"South Africa";560;1971;Zambia;551;0;0;0;0;0;0;0;0;0;0;0
"South Africa";560;1971;Zimbabwe;552;0;0;0;0;0;0;0;0;0;0;0
"South Africa";560;1972;Angola;540;1;1;1;1;1;0;0;0;0;0;0
"South Africa";560;1972;Botswana;571;0;0;0;0;0;0;0;0;0;0;0
"South Africa";560;1972;Cuba;40;0;0;0;0;0;0;0;0;0;0;0
"South Africa";560;1972;Mozambique;541;0;0;0;0;0;0;0;0;0;0;0
"South Africa";560;1972;"Soviet Union/Russia";365;0;0;0;0;0;0;0;0;0;0;0
"South Africa";560;1972;Tanzania;510;0;0;0;0;0;0;0;0;0;0;0
"South Africa";560;1972;Uganda;500;0;0;0;0;0;0;0;0;0;0;0
"South Africa";560;1972;Zambia;551;0;0;0;0;0;0;0;0;0;0;0
"South Africa";560;1972;Zimbabwe;552;0;0;0;0;0;0;0;0;0;0;0
"South Africa";560;1973;Angola;540;1;1;1;1;1;0;0;0;0;0;0
"South Africa";560;1973;Botswana;571;0;0;0;0;0;0;0;0;0;0;0
"South Africa";560;1973;Cuba;40;0;0;0;0;0;0;0;0;0;0;0
"South Africa";560;1973;Mozambique;541;0;0;0;0;0;0;0;0;0;0;0
"South Africa";560;1973;"Soviet Union/Russia";365;0;0;0;0;0;0;0;0;0;0;0
"South Africa";560;1973;Tanzania;510;0;0;0;0;0;0;0;0;0;0;0
"South Africa";560;1973;Uganda;500;0;0;0;0;0;0;0;0;0;0;0
"South Africa";560;1973;Zambia;551;0;0;0;0;0;0;0;0;0;0;0
"South Africa";560;1973;Zimbabwe;552;0;0;0;0;0;0;0;0;0;0;0
"South Africa";560;1974;Angola;540;1;1;1;1;1;0;0;0;0;0;0
"South Africa";560;1974;Botswana;571;0;0;0;0;0;0;0;0;0;0;0
"South Africa";560;1974;Cuba;40;0;0;0;0;0;0;0;0;0;0;0
"South Africa";560;1974;Mozambique;541;0;0;0;0;0;0;0;0;0;0;0
"South Africa";560;1974;"Soviet Union/Russia";365;0;0;0;0;0;0;0;0;0;0;0
"South Africa";560;1974;Tanzania;510;0;0;0;0;0;0;0;0;0;0;0
"South Africa";560;1974;Uganda;500;0;0;0;0;0;0;0;0;0;0;0
"South Africa";560;1974;Zambia;551;0;0;0;0;0;0;0;0;0;0;0
"South Africa";560;1974;Zimbabwe;552;0;0;0;0;0;0;0;0;0;0;0
"South Africa";560;1975;Angola;540;1;1;1;1;1;0;0;0;0;0;0
"South Africa";560;1975;Botswana;571;0;0;0;0;0;0;0;0;0;0;0
"South Africa";560;1975;Cuba;40;0;0;0;0;0;0;0;0;0;0;0
"South Africa";560;1975;Mozambique;541;1;1;0;0;0;0;0;0;0;0;0
"South Africa";560;1975;"Soviet Union/Russia";365;1;0;0;0;0;1;1;0;0;0;0
"South Africa";560;1975;Tanzania;510;0;0;0;0;0;0;0;0;0;0;0
"South Africa";560;1975;Uganda;500;0;0;0;0;0;0;0;0;0;0;0
"South Africa";560;1975;Zambia;551;0;0;0;0;0;0;0;0;0;0;0
"South Africa";560;1975;Zimbabwe;552;0;0;0;0;0;0;0;0;0;0;0
"South Africa";560;1976;Angola;540;2;2;1;1;2;0;0;0;0;0;0
"South Africa";560;1976;Botswana;571;0;0;0;0;0;0;0;0;0;0;0
"South Africa";560;1976;Cuba;40;1;0;0;0;0;1;0;0;0;0;0
"South Africa";560;1976;Mozambique;541;1;1;0;0;0;0;0;0;0;0;0
"South Africa";560;1976;"Soviet Union/Russia";365;2;0;0;0;0;2;1;0;0;0;0
"South Africa";560;1976;Tanzania;510;0;0;0;0;0;0;0;0;0;0;0
"South Africa";560;1976;Uganda;500;0;0;0;0;0;0;0;0;0;0;0
"South Africa";560;1976;Zambia;551;0;0;0;0;0;0;0;0;0;0;0
"South Africa";560;1976;Zimbabwe;552;0;0;0;0;0;0;0;0;0;0;0
"South Africa";560;1977;Angola;540;2;2;1;1;2;0;0;0;0;0;0
"South Africa";560;1977;Botswana;571;0;0;0;0;0;0;0;0;0;0;0
"South Africa";560;1977;Cuba;40;1;0;0;0;0;1;0;0;0;0;0
"South Africa";560;1977;Mozambique;541;1;1;0;0;0;0;0;0;0;0;0
"South Africa";560;1977;"Soviet Union/Russia";365;2;0;0;0;0;2;1;0;0;0;0
"South Africa";560;1977;Tanzania;510;0;0;0;0;0;0;0;0;0;0;0
"South Africa";560;1977;Uganda;500;0;0;0;0;0;0;0;0;0;0;0
"South Africa";560;1977;Zambia;551;0;0;0;0;0;0;0;0;0;0;0
"South Africa";560;1977;Zimbabwe;552;0;0;0;0;0;0;0;0;0;0;0
"South Africa";560;1978;Angola;540;2;2;1;1;2;0;0;0;0;0;0
"South Africa";560;1978;Botswana;571;0;0;0;0;0;0;0;0;0;0;0
"South Africa";560;1978;Cuba;40;1;0;0;0;0;1;0;0;0;0;0
"South Africa";560;1978;Mozambique;541;1;1;0;0;0;0;0;0;0;0;0
"South Africa";560;1978;"Soviet Union/Russia";365;2;0;0;0;0;2;1;0;0;0;0
"South Africa";560;1978;Tanzania;510;0;0;0;0;0;0;0;0;0;0;0
"South Africa";560;1978;Uganda;500;0;0;0;0;0;0;0;0;0;0;0
"South Africa";560;1978;Zambia;551;0;0;0;0;0;0;0;0;0;0;0
"South Africa";560;1978;Zimbabwe;552;0;0;0;0;0;0;0;0;0;0;0
"South Africa";560;1979;Angola;540;2;2;1;1;2;0;0;0;0;0;0
"South Africa";560;1979;Botswana;571;0;0;0;0;0;0;0;0;0;0;0
"South Africa";560;1979;Cuba;40;1;0;0;0;0;1;0;0;0;0;0
"South Africa";560;1979;Mozambique;541;1;1;0;0;0;0;0;0;0;0;0
"South Africa";560;1979;"Soviet Union/Russia";365;2;0;0;0;0;2;1;0;0;0;0
"South Africa";560;1979;Tanzania;510;0;0;0;0;0;0;0;0;0;0;0
"South Africa";560;1979;Uganda;500;0;0;0;0;0;0;0;0;0;0;0
"South Africa";560;1979;Zambia;551;0;0;0;0;0;0;0;0;0;0;0
"South Africa";560;1979;Zimbabwe;552;0;0;0;0;0;0;0;0;0;0;0
"South Africa";560;1980;Angola;540;2;2;1;1;2;0;0;0;0;0;0
"South Africa";560;1980;Botswana;571;0;0;0;0;0;0;0;0;0;0;0
"South Africa";560;1980;Cuba;40;1;0;0;0;0;1;0;0;0;0;0
"South Africa";560;1980;Mozambique;541;1;1;0;0;0;0;0;0;0;0;0
"South Africa";560;1980;"Soviet Union/Russia";365;2;0;0;0;0;2;1;0;0;0;0
"South Africa";560;1980;Tanzania;510;0;0;0;0;0;0;0;0;0;0;0
"South Africa";560;1980;Uganda;500;0;0;0;0;0;0;0;0;0;0;0
"South Africa";560;1980;Zambia;551;0;0;0;0;0;0;0;0;0;0;0
"South Africa";560;1980;Zimbabwe;552;0;0;0;0;0;0;0;0;0;0;0
"South Africa";560;1981;Angola;540;2;2;1;1;2;0;0;0;0;0;0
"South Africa";560;1981;Botswana;571;0;0;0;0;0;0;0;0;0;0;0
"South Africa";560;1981;Cuba;40;1;0;0;0;0;1;0;0;0;0;0
"South Africa";560;1981;Mozambique;541;1;1;0;0;0;0;0;0;0;0;0
"South Africa";560;1981;"Soviet Union/Russia";365;2;0;0;0;0;2;1;0;0;0;0
"South Africa";560;1981;Tanzania;510;0;0;0;0;0;0;0;0;0;0;0
"South Africa";560;1981;Uganda;500;0;0;0;0;0;0;0;0;0;0;0
"South Africa";560;1981;Zambia;551;0;0;0;0;0;0;0;0;0;0;0
"South Africa";560;1981;Zimbabwe;552;0;0;0;0;0;0;0;0;0;0;0
"South Africa";560;1982;Angola;540;2;2;1;1;2;0;0;0;0;0;0
"South Africa";560;1982;Botswana;571;0;0;0;0;0;0;0;0;0;0;0
"South Africa";560;1982;Cuba;40;1;0;0;0;0;1;0;0;0;0;0
"South Africa";560;1982;Mozambique;541;1;1;0;0;0;0;0;0;0;0;0
"South Africa";560;1982;"Soviet Union/Russia";365;2;0;0;0;0;2;1;0;0;0;0
"South Africa";560;1982;Tanzania;510;1;1;0;1;0;0;0;0;0;0;0
"South Africa";560;1982;Uganda;500;0;0;0;0;0;0;0;0;0;0;0
"South Africa";560;1982;Zambia;551;0;0;0;0;0;0;0;0;0;0;0
"South Africa";560;1982;Zimbabwe;552;0;0;0;0;0;0;0;0;0;0;0
"South Africa";560;1983;Angola;540;2;2;1;1;2;0;0;0;0;0;0
"South Africa";560;1983;Botswana;571;0;0;0;0;0;0;0;0;0;0;0
"South Africa";560;1983;Cuba;40;1;0;0;0;0;1;0;0;0;0;0
"South Africa";560;1983;Mozambique;541;1;1;0;0;0;0;0;0;0;0;0
"South Africa";560;1983;"Soviet Union/Russia";365;2;0;0;0;0;2;1;0;0;0;0
"South Africa";560;1983;Tanzania;510;1;1;0;1;0;0;0;0;0;0;0
"South Africa";560;1983;Uganda;500;0;0;0;0;0;0;0;0;0;0;0
"South Africa";560;1983;Zambia;551;0;0;0;0;0;0;0;0;0;0;0
"South Africa";560;1983;Zimbabwe;552;0;0;0;0;0;0;0;0;0;0;0
"South Africa";560;1984;Angola;540;2;2;1;1;2;0;0;0;0;0;0
"South Africa";560;1984;Botswana;571;0;0;0;0;0;0;0;0;0;0;0
"South Africa";560;1984;Cuba;40;1;0;0;0;0;1;0;0;0;0;0
"South Africa";560;1984;Mozambique;541;1;1;0;0;0;0;0;0;0;0;0
"South Africa";560;1984;"Soviet Union/Russia";365;2;0;0;0;0;2;1;0;0;0;0
"South Africa";560;1984;Tanzania;510;1;1;0;1;0;0;0;0;0;0;0
"South Africa";560;1984;Uganda;500;0;0;0;0;0;0;0;0;0;0;0
"South Africa";560;1984;Zambia;551;0;0;0;0;0;0;0;0;0;0;0
"South Africa";560;1984;Zimbabwe;552;0;0;0;0;0;0;0;0;0;0;0
"South Africa";560;1985;Angola;540;2;2;1;1;2;0;0;0;0;0;0
"South Africa";560;1985;Botswana;571;0;0;0;0;0;0;0;0;0;0;0
"South Africa";560;1985;Cuba;40;1;0;0;0;0;1;0;0;0;0;0
"South Africa";560;1985;Mozambique;541;0;0;0;0;0;0;0;0;0;0;0
"South Africa";560;1985;"Soviet Union/Russia";365;2;0;0;0;0;2;1;0;0;0;0
"South Africa";560;1985;Tanzania;510;1;1;0;1;0;0;0;0;0;0;0
"South Africa";560;1985;Uganda;500;0;0;0;0;0;0;0;0;0;0;0
"South Africa";560;1985;Zambia;551;0;0;0;0;0;0;0;0;0;0;0
"South Africa";560;1985;Zimbabwe;552;0;0;0;0;0;0;0;0;0;0;0
"South Africa";560;1986;Angola;540;2;2;1;1;2;0;0;0;0;0;0
"South Africa";560;1986;Botswana;571;0;0;0;0;0;0;0;0;0;0;0
"South Africa";560;1986;Cuba;40;1;0;0;0;0;1;0;0;0;0;0
"South Africa";560;1986;Mozambique;541;0;0;0;0;0;0;0;0;0;0;0
"South Africa";560;1986;"Soviet Union/Russia";365;2;0;0;0;0;2;1;0;0;0;0
"South Africa";560;1986;Tanzania;510;1;1;0;1;0;0;0;0;0;0;0
"South Africa";560;1986;Uganda;500;0;0;0;0;0;0;0;0;0;0;0
"South Africa";560;1986;Zambia;551;0;0;0;0;0;0;0;0;0;0;0
"South Africa";560;1986;Zimbabwe;552;0;0;0;0;0;0;0;0;0;0;0
"South Africa";560;1987;Angola;540;2;2;1;1;2;0;0;0;0;0;0
"South Africa";560;1987;Botswana;571;0;0;0;0;0;0;0;0;0;0;0
"South Africa";560;1987;Cuba;40;1;0;0;0;0;1;0;0;0;0;0
"South Africa";560;1987;Mozambique;541;0;0;0;0;0;0;0;0;0;0;0
"South Africa";560;1987;"Soviet Union/Russia";365;2;0;0;0;0;2;1;0;0;0;0
"South Africa";560;1987;Tanzania;510;1;1;0;1;0;0;0;0;0;0;0
"South Africa";560;1987;Uganda;500;0;0;0;0;0;0;0;0;0;0;0
"South Africa";560;1987;Zambia;551;0;0;0;0;0;0;0;0;0;0;0
"South Africa";560;1987;Zimbabwe;552;0;0;0;0;0;0;0;0;0;0;0
"South Africa";560;1988;Angola;540;2;2;1;1;2;0;0;0;0;0;0
"South Africa";560;1988;Botswana;571;0;0;0;0;0;0;0;0;0;0;0
"South Africa";560;1988;Cuba;40;1;0;0;0;0;1;0;0;0;0;0
"South Africa";560;1988;Mozambique;541;0;0;0;0;0;0;0;0;0;0;0
"South Africa";560;1988;"Soviet Union/Russia";365;2;0;0;0;0;2;1;0;0;0;0
"South Africa";560;1988;Tanzania;510;1;1;0;1;0;0;0;0;0;0;0
"South Africa";560;1988;Uganda;500;0;0;0;0;0;0;0;0;0;0;0
"South Africa";560;1988;Zambia;551;0;0;0;0;0;0;0;0;0;0;0
"South Africa";560;1988;Zimbabwe;552;0;0;0;0;0;0;0;0;0;0;0
"South Africa";560;1989;Angola;540;2;2;1;1;2;0;0;0;0;0;0
"South Africa";560;1989;Botswana;571;0;0;0;0;0;0;0;0;0;0;0
"South Africa";560;1989;Cuba;40;0;0;0;0;0;0;0;0;0;0;0
"South Africa";560;1989;Mozambique;541;0;0;0;0;0;0;0;0;0;0;0
"South Africa";560;1989;"Soviet Union/Russia";365;1;0;0;0;0;1;1;0;0;0;0
"South Africa";560;1989;Tanzania;510;1;1;0;1;0;0;0;0;0;0;0
"South Africa";560;1989;Uganda;500;0;0;0;0;0;0;0;0;0;0;0
"South Africa";560;1989;Zambia;551;0;0;0;0;0;0;0;0;0;0;0
"South Africa";560;1989;Zimbabwe;552;0;0;0;0;0;0;0;0;0;0;0
"South Africa";560;1990;Angola;540;2;2;0;1;2;0;0;0;0;0;0
"South Africa";560;1990;Botswana;571;0;0;0;0;0;0;0;0;0;0;0
"South Africa";560;1990;Cuba;40;0;0;0;0;0;0;0;0;0;0;0
"South Africa";560;1990;Mozambique;541;0;0;0;0;0;0;0;0;0;0;0
"South Africa";560;1990;"Soviet Union/Russia";365;1;0;0;0;0;1;1;0;0;0;0
"South Africa";560;1990;Tanzania;510;1;1;0;1;1;0;0;0;0;0;0
"South Africa";560;1990;Uganda;500;1;0;0;0;1;0;0;0;0;0;0
"South Africa";560;1990;Zambia;551;0;0;0;0;0;0;0;0;0;0;0
"South Africa";560;1990;Zimbabwe;552;0;0;0;0;0;0;0;0;0;0;0
"South Africa";560;1991;Angola;540;0;0;0;0;0;0;0;0;0;0;0
"South Africa";560;1991;Botswana;571;0;0;0;0;0;0;0;0;0;0;0
"South Africa";560;1991;Cuba;40;0;0;0;0;0;0;0;0;0;0;0
"South Africa";560;1991;Mozambique;541;0;0;0;0;0;0;0;0;0;0;0
"South Africa";560;1991;"Soviet Union/Russia";365;0;0;0;0;0;0;0;0;0;0;0
"South Africa";560;1991;Tanzania;510;1;1;0;1;1;0;0;0;0;0;0
"South Africa";560;1991;Uganda;500;1;0;0;0;1;0;0;0;0;0;0
"South Africa";560;1991;Zambia;551;0;0;0;0;0;0;0;0;0;0;0
"South Africa";560;1991;Zimbabwe;552;0;0;0;0;0;0;0;0;0;0;0
"South Africa";560;1992;Angola;540;0;0;0;0;0;0;0;0;0;0;0
"South Africa";560;1992;Botswana;571;0;0;0;0;0;0;0;0;0;0;0
"South Africa";560;1992;Cuba;40;0;0;0;0;0;0;0;0;0;0;0
"South Africa";560;1992;Mozambique;541;0;0;0;0;0;0;0;0;0;0;0
"South Africa";560;1992;"Soviet Union/Russia";365;0;0;0;0;0;0;0;0;0;0;0
"South Africa";560;1992;Tanzania;510;1;1;0;1;1;0;0;0;0;0;0
"South Africa";560;1992;Uganda;500;1;0;0;0;1;0;0;0;0;0;0
"South Africa";560;1992;Zambia;551;0;0;0;0;0;0;0;0;0;0;0
"South Africa";560;1992;Zimbabwe;552;0;0;0;0;0;0;0;0;0;0;0
"South Africa";560;1993;Angola;540;0;0;0;0;0;0;0;0;0;0;0
"South Africa";560;1993;Botswana;571;0;0;0;0;0;0;0;0;0;0;0
"South Africa";560;1993;Cuba;40;0;0;0;0;0;0;0;0;0;0;0
"South Africa";560;1993;Mozambique;541;0;0;0;0;0;0;0;0;0;0;0
"South Africa";560;1993;"Soviet Union/Russia";365;0;0;0;0;0;0;0;0;0;0;0
"South Africa";560;1993;Tanzania;510;1;1;0;1;1;0;0;0;0;0;0
"South Africa";560;1993;Uganda;500;1;0;0;0;1;0;0;0;0;0;0
"South Africa";560;1993;Zambia;551;0;0;0;0;0;0;0;0;0;0;0
"South Africa";560;1993;Zimbabwe;552;0;0;0;0;0;0;0;0;0;0;0
"Soviet Union/Russia";365;1941;Sweden;380;0;0;0;0;0;0;0;0;0;0;0
"Soviet Union/Russia";365;1942;Sweden;380;0;0;0;0;0;0;0;0;0;0;0
"Soviet Union/Russia";365;1942;Switzerland;225;0;0;0;0;0;0;0;0;0;0;0
"Soviet Union/Russia";365;1943;Sweden;380;0;0;0;0;0;0;0;0;0;0;0
"Soviet Union/Russia";365;1943;Switzerland;225;0;0;0;0;0;0;0;0;0;0;0
"Soviet Union/Russia";365;1944;"German Federal Republic";260;0;0;0;0;0;0;0;0;0;0;0
"Soviet Union/Russia";365;1944;Germany;255;0;0;0;0;0;0;0;0;0;0;0
"Soviet Union/Russia";365;1944;Sweden;380;0;0;0;0;0;0;0;0;0;0;0
"Soviet Union/Russia";365;1944;Switzerland;225;1;0;0;0;0;0;1;0;0;0;0
"Soviet Union/Russia";365;1944;"United Kingdom";200;0;0;0;0;0;0;0;0;0;0;0
"Soviet Union/Russia";365;1945;"German Federal Republic";260;0;0;0;0;0;0;0;0;0;0;0
"Soviet Union/Russia";365;1945;Germany;255;0;0;0;0;0;0;0;0;0;0;0
"Soviet Union/Russia";365;1945;Sweden;380;0;0;0;0;0;0;0;0;0;0;0
"Soviet Union/Russia";365;1945;Switzerland;225;1;0;0;0;0;0;1;0;0;0;0
"Soviet Union/Russia";365;1945;"United Kingdom";200;0;0;0;0;0;0;0;0;0;0;0
"Soviet Union/Russia";365;1946;"German Federal Republic";260;0;0;0;0;0;0;0;0;0;0;0
"Soviet Union/Russia";365;1946;Germany;255;0;0;0;0;0;0;0;0;0;0;0
"Soviet Union/Russia";365;1946;Sweden;380;0;0;0;0;0;0;0;0;0;0;0
"Soviet Union/Russia";365;1946;Switzerland;225;1;0;0;0;0;0;1;0;0;0;0
"Soviet Union/Russia";365;1946;"United Kingdom";200;0;0;0;0;0;0;0;0;0;0;0
"Soviet Union/Russia";365;1946;"United States of America";2;0;0;0;0;0;0;0;0;0;0;0
"Soviet Union/Russia";365;1947;"German Federal Republic";260;0;0;0;0;0;0;0;0;0;0;0
"Soviet Union/Russia";365;1947;Germany;255;0;0;0;0;0;0;0;0;0;0;0
"Soviet Union/Russia";365;1947;Sweden;380;0;0;0;0;0;0;0;0;0;0;0
"Soviet Union/Russia";365;1947;Switzerland;225;0;0;0;0;0;0;0;0;0;0;0
"Soviet Union/Russia";365;1947;"United Kingdom";200;0;0;0;0;0;0;0;0;0;0;0
"Soviet Union/Russia";365;1947;"United States of America";2;0;0;0;0;0;0;0;0;0;0;0
"Soviet Union/Russia";365;1948;"German Federal Republic";260;0;0;0;0;0;0;0;0;0;0;0
"Soviet Union/Russia";365;1948;Germany;255;0;0;0;0;0;0;0;0;0;0;0
"Soviet Union/Russia";365;1948;Sweden;380;0;0;0;0;0;0;0;0;0;0;0
"Soviet Union/Russia";365;1948;Switzerland;225;0;0;0;0;0;0;0;0;0;0;0
"Soviet Union/Russia";365;1948;"United Kingdom";200;0;0;0;0;0;0;0;0;0;0;0
"Soviet Union/Russia";365;1948;"United States of America";2;1;1;0;0;0;0;1;0;0;0;0
"Soviet Union/Russia";365;1949;"German Federal Republic";260;0;0;0;0;0;0;0;0;0;0;0
"Soviet Union/Russia";365;1949;Germany;255;0;0;0;0;0;0;0;0;0;0;0
"Soviet Union/Russia";365;1949;Sweden;380;0;0;0;0;0;0;0;0;0;0;0
"Soviet Union/Russia";365;1949;Switzerland;225;0;0;0;0;0;0;0;0;0;0;0
"Soviet Union/Russia";365;1949;"United Kingdom";200;0;0;0;0;0;0;0;0;0;0;0
"Soviet Union/Russia";365;1949;"United States of America";2;1;1;0;0;0;0;1;0;0;0;0
"Soviet Union/Russia";365;1950;"German Federal Republic";260;0;0;0;0;0;0;0;0;0;0;0
"Soviet Union/Russia";365;1950;Germany;255;0;0;0;0;0;0;0;0;0;0;0
"Soviet Union/Russia";365;1950;Sweden;380;0;0;0;0;0;0;0;0;0;0;0
"Soviet Union/Russia";365;1950;Switzerland;225;0;0;0;0;0;0;0;0;0;0;0
"Soviet Union/Russia";365;1950;"United Kingdom";200;0;0;0;0;0;0;0;0;0;0;0
"Soviet Union/Russia";365;1950;"United States of America";2;1;1;0;0;0;0;1;0;0;0;0
"Soviet Union/Russia";365;1951;"German Federal Republic";260;0;0;0;0;0;0;0;0;0;0;0
"Soviet Union/Russia";365;1951;Germany;255;0;0;0;0;0;0;0;0;0;0;0
"Soviet Union/Russia";365;1951;Sweden;380;0;0;0;0;0;0;0;0;0;0;0
"Soviet Union/Russia";365;1951;"United Kingdom";200;0;0;0;0;0;0;0;0;0;0;0
"Soviet Union/Russia";365;1951;"United States of America";2;0;0;0;0;0;0;0;0;0;0;0
"Soviet Union/Russia";365;1952;"German Federal Republic";260;0;0;0;0;0;0;0;0;0;0;0
"Soviet Union/Russia";365;1952;Germany;255;0;0;0;0;0;0;0;0;0;0;0
"Soviet Union/Russia";365;1952;Sweden;380;0;0;0;0;0;0;0;0;0;0;0
"Soviet Union/Russia";365;1952;"United Kingdom";200;0;0;0;0;0;0;0;0;0;0;0
"Soviet Union/Russia";365;1953;"German Federal Republic";260;0;0;0;0;0;0;0;0;0;0;0
"Soviet Union/Russia";365;1953;Germany;255;0;0;0;0;0;0;0;0;0;0;0
"Soviet Union/Russia";365;1953;Sweden;380;0;0;0;0;0;0;0;0;0;0;0
"Soviet Union/Russia";365;1953;"United Kingdom";200;0;0;0;0;0;0;0;0;0;0;0
"Soviet Union/Russia";365;1954;"German Federal Republic";260;0;0;0;0;0;0;0;0;0;0;0
"Soviet Union/Russia";365;1954;Germany;255;0;0;0;0;0;0;0;0;0;0;0
"Soviet Union/Russia";365;1954;Sweden;380;0;0;0;0;0;0;0;0;0;0;0
"Soviet Union/Russia";365;1954;"United Kingdom";200;0;0;0;0;0;0;0;0;0;0;0
"Soviet Union/Russia";365;1955;"German Federal Republic";260;0;0;0;0;0;0;0;0;0;0;0
"Soviet Union/Russia";365;1955;Germany;255;0;0;0;0;0;0;0;0;0;0;0
"Soviet Union/Russia";365;1955;Sweden;380;0;0;0;0;0;0;0;0;0;0;0
"Soviet Union/Russia";365;1955;"United Kingdom";200;0;0;0;0;0;0;0;0;0;0;0
"Soviet Union/Russia";365;1956;"German Federal Republic";260;0;0;0;0;0;0;0;0;0;0;0
"Soviet Union/Russia";365;1956;Germany;255;0;0;0;0;0;0;0;0;0;0;0
"Soviet Union/Russia";365;1956;Sweden;380;0;0;0;0;0;0;0;0;0;0;0
"Soviet Union/Russia";365;1956;"United Kingdom";200;0;0;0;0;0;0;0;0;0;0;0
"Soviet Union/Russia";365;2007;Turkey;640;1;1;0;0;0;0;0;0;0;0;0
"Soviet Union/Russia";365;2008;Turkey;640;1;1;0;0;0;0;0;0;0;0;0
"Soviet Union/Russia";365;2009;Turkey;640;0;0;0;0;0;0;0;0;0;0;0
"Soviet Union/Russia";365;2010;Turkey;640;0;0;0;0;0;0;0;0;0;0;0
Spain;230;1957;Morocco;600;1;1;0;1;0;0;0;0;0;1;0
Spain;230;1958;Morocco;600;1;1;0;1;0;0;0;0;0;1;0
Spain;230;1959;Algeria;615;0;0;0;0;0;0;0;0;0;0;0
Spain;230;1959;Cuba;40;0;0;0;0;0;0;0;0;0;0;0
Spain;230;1959;France;220;0;0;0;0;0;0;0;0;0;0;0
Spain;230;1959;Lebanon;660;0;0;0;0;0;0;0;0;0;0;0
Spain;230;1959;Libya;620;0;0;0;0;0;0;0;0;0;0;0
Spain;230;1959;"Yemen People's Republic";680;0;0;0;0;0;0;0;0;0;0;0
Spain;230;1960;Algeria;615;0;0;0;0;0;0;0;0;0;0;0
Spain;230;1960;Cuba;40;0;0;0;0;0;0;0;0;0;0;0
Spain;230;1960;France;220;0;0;0;0;0;0;0;0;0;0;0
Spain;230;1960;Lebanon;660;0;0;0;0;0;0;0;0;0;0;0
Spain;230;1960;Libya;620;0;0;0;0;0;0;0;0;0;0;0
Spain;230;1960;"Yemen People's Republic";680;0;0;0;0;0;0;0;0;0;0;0
Spain;230;1961;Algeria;615;0;0;0;0;0;0;0;0;0;0;0
Spain;230;1961;Cuba;40;0;0;0;0;0;0;0;0;0;0;0
Spain;230;1961;France;220;0;0;0;0;0;0;0;0;0;0;0
Spain;230;1961;Lebanon;660;0;0;0;0;0;0;0;0;0;0;0
Spain;230;1961;Libya;620;0;0;0;0;0;0;0;0;0;0;0
Spain;230;1961;"Yemen People's Republic";680;0;0;0;0;0;0;0;0;0;0;0
Spain;230;1962;Algeria;615;0;0;0;0;0;0;0;0;0;0;0
Spain;230;1962;Cuba;40;0;0;0;0;0;0;0;0;0;0;0
Spain;230;1962;France;220;0;0;0;0;0;0;0;0;0;0;0
Spain;230;1962;Lebanon;660;0;0;0;0;0;0;0;0;0;0;0
Spain;230;1962;Libya;620;0;0;0;0;0;0;0;0;0;0;0
Spain;230;1962;"Yemen People's Republic";680;0;0;0;0;0;0;0;0;0;0;0
Spain;230;1963;Algeria;615;0;0;0;0;0;0;0;0;0;0;0
Spain;230;1963;Cuba;40;0;0;0;0;0;0;0;0;0;0;0
Spain;230;1963;France;220;0;0;0;0;0;0;0;0;0;0;0
Spain;230;1963;Lebanon;660;0;0;0;0;0;0;0;0;0;0;0
Spain;230;1963;Libya;620;0;0;0;0;0;0;0;0;0;0;0
Spain;230;1963;"Yemen People's Republic";680;0;0;0;0;0;0;0;0;0;0;0
Spain;230;1964;Algeria;615;0;0;0;0;0;0;0;0;0;0;0
Spain;230;1964;Cuba;40;0;0;0;0;0;0;0;0;0;0;0
Spain;230;1964;France;220;0;0;0;0;0;0;0;0;0;0;0
Spain;230;1964;Lebanon;660;0;0;0;0;0;0;0;0;0;0;0
Spain;230;1964;Libya;620;0;0;0;0;0;0;0;0;0;0;0
Spain;230;1964;"Yemen People's Republic";680;0;0;0;0;0;0;0;0;0;0;0
Spain;230;1965;Algeria;615;0;0;0;0;0;0;0;0;0;0;0
Spain;230;1965;Cuba;40;0;0;0;0;0;0;0;0;0;0;0
Spain;230;1965;France;220;0;0;0;0;0;0;0;0;0;0;0
Spain;230;1965;Lebanon;660;0;0;0;0;0;0;0;0;0;0;0
Spain;230;1965;Libya;620;0;0;0;0;0;0;0;0;0;0;0
Spain;230;1965;"Yemen People's Republic";680;0;0;0;0;0;0;0;0;0;0;0
Spain;230;1966;Algeria;615;0;0;0;0;0;0;0;0;0;0;0
Spain;230;1966;Cuba;40;0;0;0;0;0;0;0;0;0;0;0
Spain;230;1966;France;220;0;0;0;0;0;0;0;0;0;0;0
Spain;230;1966;Lebanon;660;0;0;0;0;0;0;0;0;0;0;0
Spain;230;1966;Libya;620;0;0;0;0;0;0;0;0;0;0;0
Spain;230;1966;"Yemen People's Republic";680;0;0;0;0;0;0;0;0;0;0;0
Spain;230;1967;Algeria;615;0;0;0;0;0;0;0;0;0;0;0
Spain;230;1967;Cuba;40;0;0;0;0;0;0;0;0;0;0;0
Spain;230;1967;France;220;0;0;0;0;0;0;0;0;0;0;0
Spain;230;1967;Lebanon;660;0;0;0;0;0;0;0;0;0;0;0
Spain;230;1967;Libya;620;0;0;0;0;0;0;0;0;0;0;0
Spain;230;1967;"Yemen People's Republic";680;0;0;0;0;0;0;0;0;0;0;0
Spain;230;1968;Algeria;615;0;0;0;0;0;0;0;0;0;0;0
Spain;230;1968;Cuba;40;0;0;0;0;0;0;0;0;0;0;0
Spain;230;1968;France;220;0;0;0;0;0;0;0;0;0;0;0
Spain;230;1968;Lebanon;660;0;0;0;0;0;0;0;0;0;0;0
Spain;230;1968;Libya;620;0;0;0;0;0;0;0;0;0;0;0
Spain;230;1968;"Yemen People's Republic";680;0;0;0;0;0;0;0;0;0;0;0
Spain;230;1969;Algeria;615;0;0;0;0;0;0;0;0;0;0;0
Spain;230;1969;Cuba;40;0;0;0;0;0;0;0;0;0;0;0
Spain;230;1969;France;220;0;0;0;0;0;0;0;0;0;0;0
Spain;230;1969;Lebanon;660;0;0;0;0;0;0;0;0;0;0;0
Spain;230;1969;Libya;620;0;0;0;0;0;0;0;0;0;0;0
Spain;230;1969;"Yemen People's Republic";680;0;0;0;0;0;0;0;0;0;0;0
Spain;230;1970;Algeria;615;0;0;0;0;0;0;0;0;0;0;0
Spain;230;1970;Cuba;40;0;0;0;0;0;0;0;0;0;0;0
Spain;230;1970;France;220;0;0;0;0;0;0;0;0;0;0;0
Spain;230;1970;Lebanon;660;0;0;0;0;0;0;0;0;0;0;0
Spain;230;1970;Libya;620;1;0;0;0;1;0;0;0;0;0;0
Spain;230;1970;"Yemen People's Republic";680;1;0;0;0;1;0;0;0;0;0;0
Spain;230;1971;Algeria;615;0;0;0;0;0;0;0;0;0;0;0
Spain;230;1971;Cuba;40;0;0;0;0;0;0;0;0;0;0;0
Spain;230;1971;France;220;0;0;0;0;0;0;0;0;0;0;0
Spain;230;1971;Lebanon;660;0;0;0;0;0;0;0;0;0;0;0
Spain;230;1971;Libya;620;1;0;0;0;1;0;0;0;0;0;0
Spain;230;1971;"Yemen People's Republic";680;1;0;0;0;1;0;0;0;0;0;0
Spain;230;1972;Algeria;615;0;0;0;0;0;0;0;0;0;0;0
Spain;230;1972;Cuba;40;0;0;0;0;0;0;0;0;0;0;0
Spain;230;1972;France;220;0;0;0;0;0;0;0;0;0;0;0
Spain;230;1972;Lebanon;660;0;0;0;0;0;0;0;0;0;0;0
Spain;230;1972;Libya;620;1;0;0;0;1;0;0;0;0;0;0
Spain;230;1972;"Yemen People's Republic";680;1;0;0;0;1;0;0;0;0;0;0
Spain;230;1973;Algeria;615;0;0;0;0;0;0;0;0;0;0;0
Spain;230;1973;Cuba;40;0;0;0;0;0;0;0;0;0;0;0
Spain;230;1973;France;220;0;0;0;0;0;0;0;0;0;0;0
Spain;230;1973;Lebanon;660;0;0;0;0;0;0;0;0;0;0;0
Spain;230;1973;Libya;620;1;0;0;0;1;0;0;0;0;0;0
Spain;230;1973;"Yemen People's Republic";680;1;0;0;0;1;0;0;0;0;0;0
Spain;230;1974;Algeria;615;0;0;0;0;0;0;0;0;0;0;0
Spain;230;1974;Cuba;40;0;0;0;0;0;0;0;0;0;0;0
Spain;230;1974;France;220;0;0;0;0;0;0;0;0;0;0;0
Spain;230;1974;Lebanon;660;0;0;0;0;0;0;0;0;0;0;0
Spain;230;1974;Libya;620;1;0;0;0;1;0;0;0;0;0;0
Spain;230;1974;"Yemen People's Republic";680;1;0;0;0;1;0;0;0;0;0;0
Spain;230;1975;Algeria;615;0;0;0;0;0;0;0;0;0;0;0
Spain;230;1975;Cuba;40;0;0;0;0;0;0;0;0;0;0;0
Spain;230;1975;France;220;0;0;0;0;0;0;0;0;0;0;0
Spain;230;1975;Lebanon;660;0;0;0;0;0;0;0;0;0;0;0
Spain;230;1975;Libya;620;1;0;0;0;1;0;0;0;0;0;0
Spain;230;1975;"Yemen People's Republic";680;1;0;0;0;1;0;0;0;0;0;0
Spain;230;1976;Algeria;615;0;0;0;0;0;0;0;0;0;0;0
Spain;230;1976;Cuba;40;0;0;0;0;0;0;0;0;0;0;0
Spain;230;1976;France;220;0;0;0;0;0;0;0;0;0;0;0
Spain;230;1976;Lebanon;660;0;0;0;0;0;0;0;0;0;0;0
Spain;230;1976;Libya;620;1;0;0;0;1;0;0;0;0;0;0
Spain;230;1976;"Yemen People's Republic";680;1;0;0;0;1;0;0;0;0;0;0
Spain;230;1977;Algeria;615;0;0;0;0;0;0;0;0;0;0;0
Spain;230;1977;Cuba;40;0;0;0;0;0;0;0;0;0;0;0
Spain;230;1977;France;220;0;0;0;0;0;0;0;0;0;0;0
Spain;230;1977;Lebanon;660;0;0;0;0;0;0;0;0;0;0;0
Spain;230;1977;Libya;620;1;0;0;0;1;0;0;0;0;0;0
Spain;230;1977;"Yemen People's Republic";680;1;0;0;0;1;0;0;0;0;0;0
Spain;230;1978;Algeria;615;1;0;0;0;1;0;0;0;0;0;0
Spain;230;1978;Cuba;40;1;0;0;0;0;1;0;0;0;0;0
Spain;230;1978;France;220;0;0;0;0;0;0;0;0;0;0;0
Spain;230;1978;Lebanon;660;0;0;0;0;0;0;0;0;0;0;0
Spain;230;1978;Libya;620;1;0;0;0;1;0;0;0;0;0;0
Spain;230;1978;"Yemen People's Republic";680;1;0;0;0;1;0;0;0;0;0;0
Spain;230;1979;Algeria;615;1;0;0;0;1;0;0;0;0;0;0
Spain;230;1979;Cuba;40;0;0;0;0;0;0;0;0;0;0;0
Spain;230;1979;France;220;0;0;0;0;0;0;0;0;0;0;0
Spain;230;1979;Lebanon;660;0;0;0;0;0;0;0;0;0;0;0
Spain;230;1979;Libya;620;1;0;0;0;1;0;0;0;0;0;0
Spain;230;1979;"Yemen People's Republic";680;1;0;0;0;1;0;0;0;0;0;0
Spain;230;1980;Algeria;615;1;0;0;0;1;0;0;0;0;0;0
Spain;230;1980;Cuba;40;0;0;0;0;0;0;0;0;0;0;0
Spain;230;1980;France;220;0;0;0;0;0;0;0;0;0;0;0
Spain;230;1980;Lebanon;660;0;0;0;0;0;0;0;0;0;0;0
Spain;230;1980;Libya;620;1;0;0;0;1;0;0;0;0;0;0
Spain;230;1980;"Yemen People's Republic";680;1;0;0;0;1;0;0;0;0;0;0
Spain;230;1981;Algeria;615;1;0;0;0;1;0;0;0;0;0;0
Spain;230;1981;Cuba;40;0;0;0;0;0;0;0;0;0;0;0
Spain;230;1981;France;220;0;0;0;0;0;0;0;0;0;0;0
Spain;230;1981;Lebanon;660;0;0;0;0;0;0;0;0;0;0;0
Spain;230;1981;Libya;620;1;0;0;0;1;0;0;0;0;0;0
Spain;230;1981;"Yemen People's Republic";680;0;0;0;0;0;0;0;0;0;0;0
Spain;230;1982;Algeria;615;1;0;0;0;1;0;0;0;0;0;0
Spain;230;1982;Cuba;40;0;0;0;0;0;0;0;0;0;0;0
Spain;230;1982;France;220;0;0;0;0;0;0;0;0;0;0;0
Spain;230;1982;Lebanon;660;0;0;0;0;0;0;0;0;0;0;0
Spain;230;1982;Libya;620;1;0;0;0;1;0;0;0;0;0;0
Spain;230;1982;"Yemen People's Republic";680;0;0;0;0;0;0;0;0;0;0;0
Spain;230;1983;Algeria;615;1;0;0;0;1;0;0;0;0;0;0
Spain;230;1983;Cuba;40;0;0;0;0;0;0;0;0;0;0;0
Spain;230;1983;France;220;0;0;0;0;0;0;0;0;0;0;0
Spain;230;1983;Lebanon;660;0;0;0;0;0;0;0;0;0;0;0
Spain;230;1983;Libya;620;1;0;0;0;1;0;0;0;0;0;0
Spain;230;1983;"Yemen People's Republic";680;0;0;0;0;0;0;0;0;0;0;0
Spain;230;1984;Algeria;615;1;0;0;0;1;0;0;0;0;0;0
Spain;230;1984;Cuba;40;0;0;0;0;0;0;0;0;0;0;0
Spain;230;1984;France;220;0;0;0;0;0;0;0;0;0;0;0
Spain;230;1984;Lebanon;660;0;0;0;0;0;0;0;0;0;0;0
Spain;230;1984;Libya;620;0;0;0;0;0;0;0;0;0;0;0
Spain;230;1984;"Yemen People's Republic";680;0;0;0;0;0;0;0;0;0;0;0
Spain;230;1985;Algeria;615;1;0;0;0;1;0;0;0;0;0;0
Spain;230;1985;Cuba;40;0;0;0;0;0;0;0;0;0;0;0
Spain;230;1985;France;220;0;0;0;0;0;0;0;0;0;0;0
Spain;230;1985;Lebanon;660;0;0;0;0;0;0;0;0;0;0;0
Spain;230;1985;Libya;620;0;0;0;0;0;0;0;0;0;0;0
Spain;230;1985;"Yemen People's Republic";680;0;0;0;0;0;0;0;0;0;0;0
Spain;230;1986;Algeria;615;1;0;0;0;1;0;0;0;0;0;0
Spain;230;1986;Cuba;40;0;0;0;0;0;0;0;0;0;0;0
Spain;230;1986;France;220;0;0;0;0;0;0;0;0;0;0;0
Spain;230;1986;Lebanon;660;0;0;0;0;0;0;0;0;0;0;0
Spain;230;1986;Libya;620;0;0;0;0;0;0;0;0;0;0;0
Spain;230;1986;"Yemen People's Republic";680;0;0;0;0;0;0;0;0;0;0;0
Spain;230;1987;Algeria;615;1;0;0;0;1;0;0;0;0;0;0
Spain;230;1987;Cuba;40;0;0;0;0;0;0;0;0;0;0;0
Spain;230;1987;France;220;0;0;0;0;0;0;0;0;0;0;0
Spain;230;1987;Lebanon;660;0;0;0;0;0;0;0;0;0;0;0
Spain;230;1987;Libya;620;0;0;0;0;0;0;0;0;0;0;0
Spain;230;1987;"Yemen People's Republic";680;0;0;0;0;0;0;0;0;0;0;0
Spain;230;1988;Algeria;615;1;0;0;0;1;0;0;0;0;0;0
Spain;230;1988;Cuba;40;0;0;0;0;0;0;0;0;0;0;0
Spain;230;1988;France;220;0;0;0;0;0;0;0;0;0;0;0
Spain;230;1988;Lebanon;660;0;0;0;0;0;0;0;0;0;0;0
Spain;230;1988;Libya;620;0;0;0;0;0;0;0;0;0;0;0
Spain;230;1988;"Yemen People's Republic";680;0;0;0;0;0;0;0;0;0;0;0
Spain;230;1989;Algeria;615;0;0;0;0;0;0;0;0;0;0;0
Spain;230;1989;Cuba;40;0;0;0;0;0;0;0;0;0;0;0
Spain;230;1989;France;220;0;0;0;0;0;0;0;0;0;0;0
Spain;230;1989;Lebanon;660;0;0;0;0;0;0;0;0;0;0;0
Spain;230;1989;Libya;620;0;0;0;0;0;0;0;0;0;0;0
Spain;230;1989;"Yemen People's Republic";680;0;0;0;0;0;0;0;0;0;0;0
Spain;230;1990;Algeria;615;0;0;0;0;0;0;0;0;0;0;0
Spain;230;1990;Cuba;40;0;0;0;0;0;0;0;0;0;0;0
Spain;230;1990;France;220;0;0;0;0;0;0;0;0;0;0;0
Spain;230;1990;Lebanon;660;0;0;0;0;0;0;0;0;0;0;0
Spain;230;1990;Libya;620;0;0;0;0;0;0;0;0;0;0;0
Spain;230;1990;"Yemen People's Republic";680;0;0;0;0;0;0;0;0;0;0;0
Spain;230;1991;Algeria;615;0;0;0;0;0;0;0;0;0;0;0
Spain;230;1991;Cuba;40;0;0;0;0;0;0;0;0;0;0;0
Spain;230;1991;France;220;0;0;0;0;0;0;0;0;0;0;0
Spain;230;1991;Lebanon;660;0;0;0;0;0;0;0;0;0;0;0
Spain;230;1991;Libya;620;0;0;0;0;0;0;0;0;0;0;0
Spain;230;1991;"Yemen People's Republic";680;0;0;0;0;0;0;0;0;0;0;0
Spain;230;1992;Algeria;615;0;0;0;0;0;0;0;0;0;0;0
Spain;230;1992;Cuba;40;0;0;0;0;0;0;0;0;0;0;0
Spain;230;1992;France;220;0;0;0;0;0;0;0;0;0;0;0
Spain;230;1992;Lebanon;660;0;0;0;0;0;0;0;0;0;0;0
Spain;230;1992;Libya;620;0;0;0;0;0;0;0;0;0;0;0
Spain;230;1992;"Yemen People's Republic";680;0;0;0;0;0;0;0;0;0;0;0
Spain;230;1993;Algeria;615;0;0;0;0;0;0;0;0;0;0;0
Spain;230;1993;Cuba;40;0;0;0;0;0;0;0;0;0;0;0
Spain;230;1993;France;220;0;0;0;0;0;0;0;0;0;0;0
Spain;230;1993;Lebanon;660;0;0;0;0;0;0;0;0;0;0;0
Spain;230;1993;Libya;620;0;0;0;0;0;0;0;0;0;0;0
Spain;230;1993;"Yemen People's Republic";680;0;0;0;0;0;0;0;0;0;0;0
Spain;230;1994;Algeria;615;0;0;0;0;0;0;0;0;0;0;0
Spain;230;1994;Cuba;40;0;0;0;0;0;0;0;0;0;0;0
Spain;230;1994;France;220;0;0;0;0;0;0;0;0;0;0;0
Spain;230;1994;Lebanon;660;0;0;0;0;0;0;0;0;0;0;0
Spain;230;1994;Libya;620;0;0;0;0;0;0;0;0;0;0;0
Spain;230;1994;"Yemen People's Republic";680;0;0;0;0;0;0;0;0;0;0;0
Spain;230;1995;Algeria;615;0;0;0;0;0;0;0;0;0;0;0
Spain;230;1995;Cuba;40;0;0;0;0;0;0;0;0;0;0;0
Spain;230;1995;France;220;0;0;0;0;0;0;0;0;0;0;0
Spain;230;1995;Lebanon;660;0;0;0;0;0;0;0;0;0;0;0
Spain;230;1995;Libya;620;0;0;0;0;0;0;0;0;0;0;0
Spain;230;1995;"Yemen People's Republic";680;0;0;0;0;0;0;0;0;0;0;0
Spain;230;1996;Algeria;615;0;0;0;0;0;0;0;0;0;0;0
Spain;230;1996;Cuba;40;0;0;0;0;0;0;0;0;0;0;0
Spain;230;1996;France;220;0;0;0;0;0;0;0;0;0;0;0
Spain;230;1996;Lebanon;660;0;0;0;0;0;0;0;0;0;0;0
Spain;230;1996;Libya;620;0;0;0;0;0;0;0;0;0;0;0
Spain;230;1996;"Yemen People's Republic";680;0;0;0;0;0;0;0;0;0;0;0
Spain;230;1997;Algeria;615;0;0;0;0;0;0;0;0;0;0;0
Spain;230;1997;Cuba;40;0;0;0;0;0;0;0;0;0;0;0
Spain;230;1997;France;220;0;0;0;0;0;0;0;0;0;0;0
Spain;230;1997;Lebanon;660;0;0;0;0;0;0;0;0;0;0;0
Spain;230;1997;Libya;620;0;0;0;0;0;0;0;0;0;0;0
Spain;230;1997;"Yemen People's Republic";680;0;0;0;0;0;0;0;0;0;0;0
Spain;230;1998;Algeria;615;0;0;0;0;0;0;0;0;0;0;0
Spain;230;1998;Cuba;40;0;0;0;0;0;0;0;0;0;0;0
Spain;230;1998;France;220;0;0;0;0;0;0;0;0;0;0;0
Spain;230;1998;Lebanon;660;0;0;0;0;0;0;0;0;0;0;0
Spain;230;1998;Libya;620;0;0;0;0;0;0;0;0;0;0;0
Spain;230;1998;"Yemen People's Republic";680;0;0;0;0;0;0;0;0;0;0;0
Spain;230;1999;Algeria;615;0;0;0;0;0;0;0;0;0;0;0
Spain;230;1999;Cuba;40;0;0;0;0;0;0;0;0;0;0;0
Spain;230;1999;France;220;0;0;0;0;0;0;0;0;0;0;0
Spain;230;1999;Lebanon;660;0;0;0;0;0;0;0;0;0;0;0
Spain;230;1999;Libya;620;0;0;0;0;0;0;0;0;0;0;0
Spain;230;1999;"Yemen People's Republic";680;0;0;0;0;0;0;0;0;0;0;0
Spain;230;2000;Algeria;615;0;0;0;0;0;0;0;0;0;0;0
Spain;230;2000;Cuba;40;0;0;0;0;0;0;0;0;0;0;0
Spain;230;2000;France;220;0;0;0;0;0;0;0;0;0;0;0
Spain;230;2000;Lebanon;660;0;0;0;0;0;0;0;0;0;0;0
Spain;230;2000;Libya;620;0;0;0;0;0;0;0;0;0;0;0
Spain;230;2000;"Yemen People's Republic";680;0;0;0;0;0;0;0;0;0;0;0
Spain;230;2001;Algeria;615;0;0;0;0;0;0;0;0;0;0;0
Spain;230;2001;Cuba;40;0;0;0;0;0;0;0;0;0;0;0
Spain;230;2001;France;220;0;0;0;0;0;0;0;0;0;0;0
Spain;230;2001;Lebanon;660;0;0;0;0;0;0;0;0;0;0;0
Spain;230;2001;Libya;620;0;0;0;0;0;0;0;0;0;0;0
Spain;230;2001;"Yemen People's Republic";680;0;0;0;0;0;0;0;0;0;0;0
Spain;230;2002;Algeria;615;0;0;0;0;0;0;0;0;0;0;0
Spain;230;2002;Cuba;40;0;0;0;0;0;0;0;0;0;0;0
Spain;230;2002;France;220;0;0;0;0;0;0;0;0;0;0;0
Spain;230;2002;Lebanon;660;0;0;0;0;0;0;0;0;0;0;0
Spain;230;2002;Libya;620;0;0;0;0;0;0;0;0;0;0;0
Spain;230;2002;"Yemen People's Republic";680;0;0;0;0;0;0;0;0;0;0;0
Spain;230;2003;Algeria;615;0;0;0;0;0;0;0;0;0;0;0
Spain;230;2003;Cuba;40;0;0;0;0;0;0;0;0;0;0;0
Spain;230;2003;France;220;0;0;0;0;0;0;0;0;0;0;0
Spain;230;2003;Lebanon;660;0;0;0;0;0;0;0;0;0;0;0
Spain;230;2003;Libya;620;0;0;0;0;0;0;0;0;0;0;0
Spain;230;2003;"Yemen People's Republic";680;0;0;0;0;0;0;0;0;0;0;0
Spain;230;2004;Algeria;615;0;0;0;0;0;0;0;0;0;0;0
Spain;230;2004;Cuba;40;0;0;0;0;0;0;0;0;0;0;0
Spain;230;2004;France;220;0;0;0;0;0;0;0;0;0;0;0
Spain;230;2004;Lebanon;660;0;0;0;0;0;0;0;0;0;0;0
Spain;230;2004;Libya;620;0;0;0;0;0;0;0;0;0;0;0
Spain;230;2004;"Yemen People's Republic";680;0;0;0;0;0;0;0;0;0;0;0
Spain;230;2005;Algeria;615;0;0;0;0;0;0;0;0;0;0;0
Spain;230;2005;Cuba;40;0;0;0;0;0;0;0;0;0;0;0
Spain;230;2005;France;220;0;0;0;0;0;0;0;0;0;0;0
Spain;230;2005;Lebanon;660;0;0;0;0;0;0;0;0;0;0;0
Spain;230;2005;Libya;620;0;0;0;0;0;0;0;0;0;0;0
Spain;230;2005;"Yemen People's Republic";680;0;0;0;0;0;0;0;0;0;0;0
Spain;230;2006;Algeria;615;0;0;0;0;0;0;0;0;0;0;0
Spain;230;2006;Cuba;40;0;0;0;0;0;0;0;0;0;0;0
Spain;230;2006;France;220;0;0;0;0;0;0;0;0;0;0;0
Spain;230;2006;Lebanon;660;0;0;0;0;0;0;0;0;0;0;0
Spain;230;2006;Libya;620;0;0;0;0;0;0;0;0;0;0;0
Spain;230;2006;"Yemen People's Republic";680;0;0;0;0;0;0;0;0;0;0;0
Spain;230;2007;Algeria;615;0;0;0;0;0;0;0;0;0;0;0
Spain;230;2007;Cuba;40;0;0;0;0;0;0;0;0;0;0;0
Spain;230;2007;France;220;0;0;0;0;0;0;0;0;0;0;0
Spain;230;2007;Lebanon;660;0;0;0;0;0;0;0;0;0;0;0
Spain;230;2007;Libya;620;0;0;0;0;0;0;0;0;0;0;0
Spain;230;2007;"Yemen People's Republic";680;0;0;0;0;0;0;0;0;0;0;0
Spain;230;2008;Algeria;615;0;0;0;0;0;0;0;0;0;0;0
Spain;230;2008;Cuba;40;0;0;0;0;0;0;0;0;0;0;0
Spain;230;2008;France;220;0;0;0;0;0;0;0;0;0;0;0
Spain;230;2008;Lebanon;660;0;0;0;0;0;0;0;0;0;0;0
Spain;230;2008;Libya;620;0;0;0;0;0;0;0;0;0;0;0
Spain;230;2008;"Yemen People's Republic";680;0;0;0;0;0;0;0;0;0;0;0
Spain;230;2009;Algeria;615;0;0;0;0;0;0;0;0;0;0;0
Spain;230;2009;Cuba;40;0;0;0;0;0;0;0;0;0;0;0
Spain;230;2009;France;220;0;0;0;0;0;0;0;0;0;0;0
Spain;230;2009;Lebanon;660;0;0;0;0;0;0;0;0;0;0;0
Spain;230;2009;Libya;620;0;0;0;0;0;0;0;0;0;0;0
Spain;230;2009;"Yemen People's Republic";680;0;0;0;0;0;0;0;0;0;0;0
Spain;230;2010;Algeria;615;0;0;0;0;0;0;0;0;0;0;0
Spain;230;2010;Cuba;40;0;0;0;0;0;0;0;0;0;0;0
Spain;230;2010;France;220;0;0;0;0;0;0;0;0;0;0;0
Spain;230;2010;Lebanon;660;0;0;0;0;0;0;0;0;0;0;0
Spain;230;2010;Libya;620;0;0;0;0;0;0;0;0;0;0;0
Spain;230;2010;"Yemen People's Republic";680;0;0;0;0;0;0;0;0;0;0;0
"Sri Lanka";780;1972;Australia;900;0;0;0;0;0;0;0;0;0;0;0
"Sri Lanka";780;1972;Cambodia;811;0;0;0;0;0;0;0;0;0;0;0
"Sri Lanka";780;1972;Canada;20;0;0;0;0;0;0;0;0;0;0;0
"Sri Lanka";780;1972;France;220;0;0;0;0;0;0;0;0;0;0;0
"Sri Lanka";780;1972;India;750;0;0;0;0;0;0;0;0;0;0;0
"Sri Lanka";780;1972;Indonesia;850;0;0;0;0;0;0;0;0;0;0;0
"Sri Lanka";780;1972;Malaysia;820;0;0;0;0;0;0;0;0;0;0;0
"Sri Lanka";780;1972;Myanmar;775;0;0;0;0;0;0;0;0;0;0;0
"Sri Lanka";780;1972;"North Korea";731;0;0;0;0;0;0;0;0;0;0;0
"Sri Lanka";780;1972;Singapore;830;0;0;0;0;0;0;0;0;0;0;0
"Sri Lanka";780;1972;Thailand;800;0;0;0;0;0;0;0;0;0;0;0
"Sri Lanka";780;1972;Ukraine;369;0;0;0;0;0;0;0;0;0;0;0
"Sri Lanka";780;1972;"United Kingdom";200;0;0;0;0;0;0;0;0;0;0;0
"Sri Lanka";780;1972;"United States of America";2;0;0;0;0;0;0;0;0;0;0;0
"Sri Lanka";780;1972;Vietnam;816;0;0;0;0;0;0;0;0;0;0;0
"Sri Lanka";780;1973;Australia;900;0;0;0;0;0;0;0;0;0;0;0
"Sri Lanka";780;1973;Cambodia;811;0;0;0;0;0;0;0;0;0;0;0
"Sri Lanka";780;1973;Canada;20;0;0;0;0;0;0;0;0;0;0;0
"Sri Lanka";780;1973;France;220;0;0;0;0;0;0;0;0;0;0;0
"Sri Lanka";780;1973;India;750;0;0;0;0;0;0;0;0;0;0;0
"Sri Lanka";780;1973;Indonesia;850;0;0;0;0;0;0;0;0;0;0;0
"Sri Lanka";780;1973;Malaysia;820;0;0;0;0;0;0;0;0;0;0;0
"Sri Lanka";780;1973;Myanmar;775;0;0;0;0;0;0;0;0;0;0;0
"Sri Lanka";780;1973;"North Korea";731;0;0;0;0;0;0;0;0;0;0;0
"Sri Lanka";780;1973;Singapore;830;0;0;0;0;0;0;0;0;0;0;0
"Sri Lanka";780;1973;Thailand;800;0;0;0;0;0;0;0;0;0;0;0
"Sri Lanka";780;1973;Ukraine;369;0;0;0;0;0;0;0;0;0;0;0
"Sri Lanka";780;1973;"United Kingdom";200;0;0;0;0;0;0;0;0;0;0;0
"Sri Lanka";780;1973;"United States of America";2;0;0;0;0;0;0;0;0;0;0;0
"Sri Lanka";780;1973;Vietnam;816;0;0;0;0;0;0;0;0;0;0;0
"Sri Lanka";780;1974;Australia;900;0;0;0;0;0;0;0;0;0;0;0
"Sri Lanka";780;1974;Cambodia;811;0;0;0;0;0;0;0;0;0;0;0
"Sri Lanka";780;1974;Canada;20;0;0;0;0;0;0;0;0;0;0;0
"Sri Lanka";780;1974;France;220;0;0;0;0;0;0;0;0;0;0;0
"Sri Lanka";780;1974;India;750;0;0;0;0;0;0;0;0;0;0;0
"Sri Lanka";780;1974;Indonesia;850;0;0;0;0;0;0;0;0;0;0;0
"Sri Lanka";780;1974;Malaysia;820;0;0;0;0;0;0;0;0;0;0;0
"Sri Lanka";780;1974;Myanmar;775;0;0;0;0;0;0;0;0;0;0;0
"Sri Lanka";780;1974;"North Korea";731;0;0;0;0;0;0;0;0;0;0;0
"Sri Lanka";780;1974;Singapore;830;0;0;0;0;0;0;0;0;0;0;0
"Sri Lanka";780;1974;Thailand;800;0;0;0;0;0;0;0;0;0;0;0
"Sri Lanka";780;1974;Ukraine;369;0;0;0;0;0;0;0;0;0;0;0
"Sri Lanka";780;1974;"United Kingdom";200;0;0;0;0;0;0;0;0;0;0;0
"Sri Lanka";780;1974;"United States of America";2;0;0;0;0;0;0;0;0;0;0;0
"Sri Lanka";780;1974;Vietnam;816;0;0;0;0;0;0;0;0;0;0;0
"Sri Lanka";780;1975;Australia;900;0;0;0;0;0;0;0;0;0;0;0
"Sri Lanka";780;1975;Cambodia;811;0;0;0;0;0;0;0;0;0;0;0
"Sri Lanka";780;1975;Canada;20;0;0;0;0;0;0;0;0;0;0;0
"Sri Lanka";780;1975;France;220;0;0;0;0;0;0;0;0;0;0;0
"Sri Lanka";780;1975;India;750;0;0;0;0;0;0;0;0;0;0;0
"Sri Lanka";780;1975;Indonesia;850;0;0;0;0;0;0;0;0;0;0;0
"Sri Lanka";780;1975;Malaysia;820;0;0;0;0;0;0;0;0;0;0;0
"Sri Lanka";780;1975;Myanmar;775;0;0;0;0;0;0;0;0;0;0;0
"Sri Lanka";780;1975;"North Korea";731;0;0;0;0;0;0;0;0;0;0;0
"Sri Lanka";780;1975;Singapore;830;0;0;0;0;0;0;0;0;0;0;0
"Sri Lanka";780;1975;Thailand;800;0;0;0;0;0;0;0;0;0;0;0
"Sri Lanka";780;1975;Ukraine;369;0;0;0;0;0;0;0;0;0;0;0
"Sri Lanka";780;1975;"United Kingdom";200;0;0;0;0;0;0;0;0;0;0;0
"Sri Lanka";780;1975;"United States of America";2;0;0;0;0;0;0;0;0;0;0;0
"Sri Lanka";780;1975;Vietnam;816;0;0;0;0;0;0;0;0;0;0;0
"Sri Lanka";780;1976;Australia;900;0;0;0;0;0;0;0;0;0;0;0
"Sri Lanka";780;1976;Cambodia;811;0;0;0;0;0;0;0;0;0;0;0
"Sri Lanka";780;1976;Canada;20;0;0;0;0;0;0;0;0;0;0;0
"Sri Lanka";780;1976;France;220;0;0;0;0;0;0;0;0;0;0;0
"Sri Lanka";780;1976;India;750;0;0;0;0;0;0;0;0;0;0;0
"Sri Lanka";780;1976;Indonesia;850;0;0;0;0;0;0;0;0;0;0;0
"Sri Lanka";780;1976;Malaysia;820;0;0;0;0;0;0;0;0;0;0;0
"Sri Lanka";780;1976;Myanmar;775;0;0;0;0;0;0;0;0;0;0;0
"Sri Lanka";780;1976;"North Korea";731;0;0;0;0;0;0;0;0;0;0;0
"Sri Lanka";780;1976;Singapore;830;0;0;0;0;0;0;0;0;0;0;0
"Sri Lanka";780;1976;Thailand;800;0;0;0;0;0;0;0;0;0;0;0
"Sri Lanka";780;1976;Ukraine;369;0;0;0;0;0;0;0;0;0;0;0
"Sri Lanka";780;1976;"United Kingdom";200;0;0;0;0;0;0;0;0;0;0;0
"Sri Lanka";780;1976;"United States of America";2;0;0;0;0;0;0;0;0;0;0;0
"Sri Lanka";780;1976;Vietnam;816;0;0;0;0;0;0;0;0;0;0;0
"Sri Lanka";780;1977;Australia;900;0;0;0;0;0;0;0;0;0;0;0
"Sri Lanka";780;1977;Cambodia;811;0;0;0;0;0;0;0;0;0;0;0
"Sri Lanka";780;1977;Canada;20;0;0;0;0;0;0;0;0;0;0;0
"Sri Lanka";780;1977;France;220;0;0;0;0;0;0;0;0;0;0;0
"Sri Lanka";780;1977;India;750;0;0;0;0;0;0;0;0;0;0;0
"Sri Lanka";780;1977;Indonesia;850;0;0;0;0;0;0;0;0;0;0;0
"Sri Lanka";780;1977;Malaysia;820;0;0;0;0;0;0;0;0;0;0;0
"Sri Lanka";780;1977;Myanmar;775;0;0;0;0;0;0;0;0;0;0;0
"Sri Lanka";780;1977;"North Korea";731;0;0;0;0;0;0;0;0;0;0;0
"Sri Lanka";780;1977;Singapore;830;0;0;0;0;0;0;0;0;0;0;0
"Sri Lanka";780;1977;Thailand;800;0;0;0;0;0;0;0;0;0;0;0
"Sri Lanka";780;1977;Ukraine;369;0;0;0;0;0;0;0;0;0;0;0
"Sri Lanka";780;1977;"United Kingdom";200;0;0;0;0;0;0;0;0;0;0;0
"Sri Lanka";780;1977;"United States of America";2;0;0;0;0;0;0;0;0;0;0;0
"Sri Lanka";780;1977;Vietnam;816;0;0;0;0;0;0;0;0;0;0;0
"Sri Lanka";780;1978;Australia;900;0;0;0;0;0;0;0;0;0;0;0
"Sri Lanka";780;1978;Cambodia;811;0;0;0;0;0;0;0;0;0;0;0
"Sri Lanka";780;1978;Canada;20;0;0;0;0;0;0;0;0;0;0;0
"Sri Lanka";780;1978;France;220;0;0;0;0;0;0;0;0;0;0;0
"Sri Lanka";780;1978;India;750;0;0;0;0;0;0;0;0;0;0;0
"Sri Lanka";780;1978;Indonesia;850;0;0;0;0;0;0;0;0;0;0;0
"Sri Lanka";780;1978;Malaysia;820;0;0;0;0;0;0;0;0;0;0;0
"Sri Lanka";780;1978;Myanmar;775;0;0;0;0;0;0;0;0;0;0;0
"Sri Lanka";780;1978;"North Korea";731;0;0;0;0;0;0;0;0;0;0;0
"Sri Lanka";780;1978;Singapore;830;0;0;0;0;0;0;0;0;0;0;0
"Sri Lanka";780;1978;Thailand;800;0;0;0;0;0;0;0;0;0;0;0
"Sri Lanka";780;1978;Ukraine;369;0;0;0;0;0;0;0;0;0;0;0
"Sri Lanka";780;1978;"United Kingdom";200;0;0;0;0;0;0;0;0;0;0;0
"Sri Lanka";780;1978;"United States of America";2;0;0;0;0;0;0;0;0;0;0;0
"Sri Lanka";780;1978;Vietnam;816;0;0;0;0;0;0;0;0;0;0;0
"Sri Lanka";780;1979;Australia;900;0;0;0;0;0;0;0;0;0;0;0
"Sri Lanka";780;1979;Cambodia;811;0;0;0;0;0;0;0;0;0;0;0
"Sri Lanka";780;1979;Canada;20;0;0;0;0;0;0;0;0;0;0;0
"Sri Lanka";780;1979;France;220;0;0;0;0;0;0;0;0;0;0;0
"Sri Lanka";780;1979;India;750;0;0;0;0;0;0;0;0;0;0;0
"Sri Lanka";780;1979;Indonesia;850;0;0;0;0;0;0;0;0;0;0;0
"Sri Lanka";780;1979;Malaysia;820;0;0;0;0;0;0;0;0;0;0;0
"Sri Lanka";780;1979;Myanmar;775;0;0;0;0;0;0;0;0;0;0;0
"Sri Lanka";780;1979;"North Korea";731;0;0;0;0;0;0;0;0;0;0;0
"Sri Lanka";780;1979;Singapore;830;0;0;0;0;0;0;0;0;0;0;0
"Sri Lanka";780;1979;Thailand;800;0;0;0;0;0;0;0;0;0;0;0
"Sri Lanka";780;1979;Ukraine;369;0;0;0;0;0;0;0;0;0;0;0
"Sri Lanka";780;1979;"United Kingdom";200;0;0;0;0;0;0;0;0;0;0;0
"Sri Lanka";780;1979;"United States of America";2;0;0;0;0;0;0;0;0;0;0;0
"Sri Lanka";780;1979;Vietnam;816;0;0;0;0;0;0;0;0;0;0;0
"Sri Lanka";780;1980;Australia;900;0;0;0;0;0;0;0;0;0;0;0
"Sri Lanka";780;1980;Cambodia;811;0;0;0;0;0;0;0;0;0;0;0
"Sri Lanka";780;1980;Canada;20;0;0;0;0;0;0;0;0;0;0;0
"Sri Lanka";780;1980;France;220;0;0;0;0;0;0;0;0;0;0;0
"Sri Lanka";780;1980;India;750;0;0;0;0;0;0;0;0;0;0;0
"Sri Lanka";780;1980;Indonesia;850;0;0;0;0;0;0;0;0;0;0;0
"Sri Lanka";780;1980;Malaysia;820;0;0;0;0;0;0;0;0;0;0;0
"Sri Lanka";780;1980;Myanmar;775;0;0;0;0;0;0;0;0;0;0;0
"Sri Lanka";780;1980;"North Korea";731;0;0;0;0;0;0;0;0;0;0;0
"Sri Lanka";780;1980;Singapore;830;0;0;0;0;0;0;0;0;0;0;0
"Sri Lanka";780;1980;Thailand;800;0;0;0;0;0;0;0;0;0;0;0
"Sri Lanka";780;1980;Ukraine;369;0;0;0;0;0;0;0;0;0;0;0
"Sri Lanka";780;1980;"United Kingdom";200;0;0;0;0;0;0;0;0;0;0;0
"Sri Lanka";780;1980;"United States of America";2;0;0;0;0;0;0;0;0;0;0;0
"Sri Lanka";780;1980;Vietnam;816;0;0;0;0;0;0;0;0;0;0;0
"Sri Lanka";780;1981;Australia;900;0;0;0;0;0;0;0;0;0;0;0
"Sri Lanka";780;1981;Cambodia;811;0;0;0;0;0;0;0;0;0;0;0
"Sri Lanka";780;1981;Canada;20;0;0;0;0;0;0;0;0;0;0;0
"Sri Lanka";780;1981;France;220;0;0;0;0;0;0;0;0;0;0;0
"Sri Lanka";780;1981;India;750;0;0;0;0;0;0;0;0;0;0;0
"Sri Lanka";780;1981;Indonesia;850;0;0;0;0;0;0;0;0;0;0;0
"Sri Lanka";780;1981;Malaysia;820;0;0;0;0;0;0;0;0;0;0;0
"Sri Lanka";780;1981;Myanmar;775;0;0;0;0;0;0;0;0;0;0;0
"Sri Lanka";780;1981;"North Korea";731;0;0;0;0;0;0;0;0;0;0;0
"Sri Lanka";780;1981;Singapore;830;0;0;0;0;0;0;0;0;0;0;0
"Sri Lanka";780;1981;Thailand;800;0;0;0;0;0;0;0;0;0;0;0
"Sri Lanka";780;1981;Ukraine;369;0;0;0;0;0;0;0;0;0;0;0
"Sri Lanka";780;1981;"United Kingdom";200;0;0;0;0;0;0;0;0;0;0;0
"Sri Lanka";780;1981;"United States of America";2;0;0;0;0;0;0;0;0;0;0;0
"Sri Lanka";780;1981;Vietnam;816;0;0;0;0;0;0;0;0;0;0;0
"Sri Lanka";780;1982;Australia;900;0;0;0;0;0;0;0;0;0;0;0
"Sri Lanka";780;1982;Cambodia;811;0;0;0;0;0;0;0;0;0;0;0
"Sri Lanka";780;1982;Canada;20;0;0;0;0;0;0;0;0;0;0;0
"Sri Lanka";780;1982;France;220;0;0;0;0;0;0;0;0;0;0;0
"Sri Lanka";780;1982;India;750;1;0;0;0;1;1;0;0;0;0;0
"Sri Lanka";780;1982;Indonesia;850;0;0;0;0;0;0;0;0;0;0;0
"Sri Lanka";780;1982;Malaysia;820;0;0;0;0;0;0;0;0;0;0;0
"Sri Lanka";780;1982;Myanmar;775;0;0;0;0;0;0;0;0;0;0;0
"Sri Lanka";780;1982;"North Korea";731;0;0;0;0;0;0;0;0;0;0;0
"Sri Lanka";780;1982;Singapore;830;0;0;0;0;0;0;0;0;0;0;0
"Sri Lanka";780;1982;Thailand;800;0;0;0;0;0;0;0;0;0;0;0
"Sri Lanka";780;1982;Ukraine;369;0;0;0;0;0;0;0;0;0;0;0
"Sri Lanka";780;1982;"United Kingdom";200;0;0;0;0;0;0;0;0;0;0;0
"Sri Lanka";780;1982;"United States of America";2;0;0;0;0;0;0;0;0;0;0;0
"Sri Lanka";780;1982;Vietnam;816;0;0;0;0;0;0;0;0;0;0;0
"Sri Lanka";780;1983;Australia;900;0;0;0;0;0;0;0;0;0;0;0
"Sri Lanka";780;1983;Cambodia;811;0;0;0;0;0;0;0;0;0;0;0
"Sri Lanka";780;1983;Canada;20;0;0;0;0;0;0;0;0;0;0;0
"Sri Lanka";780;1983;France;220;0;0;0;0;0;0;0;0;0;0;0
"Sri Lanka";780;1983;India;750;2;2;2;1;2;2;1;1;0;0;0
"Sri Lanka";780;1983;Indonesia;850;0;0;0;0;0;0;0;0;0;0;0
"Sri Lanka";780;1983;Malaysia;820;0;0;0;0;0;0;0;0;0;0;0
"Sri Lanka";780;1983;Myanmar;775;0;0;0;0;0;0;0;0;0;0;0
"Sri Lanka";780;1983;"North Korea";731;0;0;0;0;0;0;0;0;0;0;0
"Sri Lanka";780;1983;Singapore;830;0;0;0;0;0;0;0;0;0;0;0
"Sri Lanka";780;1983;Thailand;800;0;0;0;0;0;0;0;0;0;0;0
"Sri Lanka";780;1983;Ukraine;369;0;0;0;0;0;0;0;0;0;0;0
"Sri Lanka";780;1983;"United Kingdom";200;0;0;0;0;0;0;0;0;0;0;0
"Sri Lanka";780;1983;"United States of America";2;0;0;0;0;0;0;0;0;0;0;0
"Sri Lanka";780;1983;Vietnam;816;0;0;0;0;0;0;0;0;0;0;0
"Sri Lanka";780;1984;Australia;900;0;0;0;0;0;0;0;0;0;0;0
"Sri Lanka";780;1984;Cambodia;811;0;0;0;0;0;0;0;0;0;0;0
"Sri Lanka";780;1984;Canada;20;0;0;0;0;0;0;0;0;0;0;0
"Sri Lanka";780;1984;France;220;0;0;0;0;0;0;0;0;0;0;0
"Sri Lanka";780;1984;India;750;3;3;2;1;3;3;1;1;0;0;0
"Sri Lanka";780;1984;Indonesia;850;0;0;0;0;0;0;0;0;0;0;0
"Sri Lanka";780;1984;Malaysia;820;0;0;0;0;0;0;0;0;0;0;0
"Sri Lanka";780;1984;Myanmar;775;0;0;0;0;0;0;0;0;0;0;0
"Sri Lanka";780;1984;"North Korea";731;0;0;0;0;0;0;0;0;0;0;0
"Sri Lanka";780;1984;Singapore;830;0;0;0;0;0;0;0;0;0;0;0
"Sri Lanka";780;1984;Thailand;800;0;0;0;0;0;0;0;0;0;0;0
"Sri Lanka";780;1984;Ukraine;369;0;0;0;0;0;0;0;0;0;0;0
"Sri Lanka";780;1984;"United Kingdom";200;0;0;0;0;0;0;0;0;0;0;0
"Sri Lanka";780;1984;"United States of America";2;0;0;0;0;0;0;0;0;0;0;0
"Sri Lanka";780;1984;Vietnam;816;0;0;0;0;0;0;0;0;0;0;0
"Sri Lanka";780;1985;Australia;900;0;0;0;0;0;0;0;0;0;0;0
"Sri Lanka";780;1985;Cambodia;811;0;0;0;0;0;0;0;0;0;0;0
"Sri Lanka";780;1985;Canada;20;0;0;0;0;0;0;0;0;0;0;0
"Sri Lanka";780;1985;France;220;0;0;0;0;0;0;0;0;0;0;0
"Sri Lanka";780;1985;India;750;3;3;2;2;3;3;2;1;0;0;0
"Sri Lanka";780;1985;Indonesia;850;0;0;0;0;0;0;0;0;0;0;0
"Sri Lanka";780;1985;Malaysia;820;0;0;0;0;0;0;0;0;0;0;0
"Sri Lanka";780;1985;Myanmar;775;0;0;0;0;0;0;0;0;0;0;0
"Sri Lanka";780;1985;"North Korea";731;0;0;0;0;0;0;0;0;0;0;0
"Sri Lanka";780;1985;Singapore;830;0;0;0;0;0;0;0;0;0;0;0
"Sri Lanka";780;1985;Thailand;800;0;0;0;0;0;0;0;0;0;0;0
"Sri Lanka";780;1985;Ukraine;369;0;0;0;0;0;0;0;0;0;0;0
"Sri Lanka";780;1985;"United Kingdom";200;0;0;0;0;0;0;0;0;0;0;0
"Sri Lanka";780;1985;"United States of America";2;0;0;0;0;0;0;0;0;0;0;0
"Sri Lanka";780;1985;Vietnam;816;0;0;0;0;0;0;0;0;0;0;0
"Sri Lanka";780;1986;Australia;900;0;0;0;0;0;0;0;0;0;0;0
"Sri Lanka";780;1986;Cambodia;811;0;0;0;0;0;0;0;0;0;0;0
"Sri Lanka";780;1986;Canada;20;0;0;0;0;0;0;0;0;0;0;0
"Sri Lanka";780;1986;France;220;0;0;0;0;0;0;0;0;0;0;0
"Sri Lanka";780;1986;India;750;3;3;2;2;3;3;3;1;0;0;0
"Sri Lanka";780;1986;Indonesia;850;0;0;0;0;0;0;0;0;0;0;0
"Sri Lanka";780;1986;Malaysia;820;0;0;0;0;0;0;0;0;0;0;0
"Sri Lanka";780;1986;Myanmar;775;0;0;0;0;0;0;0;0;0;0;0
"Sri Lanka";780;1986;"North Korea";731;0;0;0;0;0;0;0;0;0;0;0
"Sri Lanka";780;1986;Singapore;830;0;0;0;0;0;0;0;0;0;0;0
"Sri Lanka";780;1986;Thailand;800;0;0;0;0;0;0;0;0;0;0;0
"Sri Lanka";780;1986;Ukraine;369;0;0;0;0;0;0;0;0;0;0;0
"Sri Lanka";780;1986;"United Kingdom";200;0;0;0;0;0;0;0;0;0;0;0
"Sri Lanka";780;1986;"United States of America";2;0;0;0;0;0;0;0;0;0;0;0
"Sri Lanka";780;1986;Vietnam;816;0;0;0;0;0;0;0;0;0;0;0
"Sri Lanka";780;1987;Australia;900;0;0;0;0;0;0;0;0;0;0;0
"Sri Lanka";780;1987;Cambodia;811;0;0;0;0;0;0;0;0;0;0;0
"Sri Lanka";780;1987;Canada;20;0;0;0;0;0;0;0;0;0;0;0
"Sri Lanka";780;1987;France;220;0;0;0;0;0;0;0;0;0;0;0
"Sri Lanka";780;1987;India;750;3;3;2;2;3;3;2;1;0;0;0
"Sri Lanka";780;1987;Indonesia;850;0;0;0;0;0;0;0;0;0;0;0
"Sri Lanka";780;1987;Malaysia;820;0;0;0;0;0;0;0;0;0;0;0
"Sri Lanka";780;1987;Myanmar;775;0;0;0;0;0;0;0;0;0;0;0
"Sri Lanka";780;1987;"North Korea";731;0;0;0;0;0;0;0;0;0;0;0
"Sri Lanka";780;1987;Singapore;830;0;0;0;0;0;0;0;0;0;0;0
"Sri Lanka";780;1987;Thailand;800;0;0;0;0;0;0;0;0;0;0;0
"Sri Lanka";780;1987;Ukraine;369;0;0;0;0;0;0;0;0;0;0;0
"Sri Lanka";780;1987;"United Kingdom";200;0;0;0;0;0;0;0;0;0;0;0
"Sri Lanka";780;1987;"United States of America";2;0;0;0;0;0;0;0;0;0;0;0
"Sri Lanka";780;1987;Vietnam;816;0;0;0;0;0;0;0;0;0;0;0
"Sri Lanka";780;1988;Australia;900;0;0;0;0;0;0;0;0;0;0;0
"Sri Lanka";780;1988;Cambodia;811;0;0;0;0;0;0;0;0;0;0;0
"Sri Lanka";780;1988;Canada;20;0;0;0;0;0;0;0;0;0;0;0
"Sri Lanka";780;1988;France;220;0;0;0;0;0;0;0;0;0;0;0
"Sri Lanka";780;1988;India;750;1;1;0;1;1;1;1;0;0;0;0
"Sri Lanka";780;1988;Indonesia;850;0;0;0;0;0;0;0;0;0;0;0
"Sri Lanka";780;1988;Malaysia;820;0;0;0;0;0;0;0;0;0;0;0
"Sri Lanka";780;1988;Myanmar;775;0;0;0;0;0;0;0;0;0;0;0
"Sri Lanka";780;1988;"North Korea";731;0;0;0;0;0;0;0;0;0;0;0
"Sri Lanka";780;1988;Singapore;830;0;0;0;0;0;0;0;0;0;0;0
"Sri Lanka";780;1988;Thailand;800;0;0;0;0;0;0;0;0;0;0;0
"Sri Lanka";780;1988;Ukraine;369;0;0;0;0;0;0;0;0;0;0;0
"Sri Lanka";780;1988;"United Kingdom";200;0;0;0;0;0;0;0;0;0;0;0
"Sri Lanka";780;1988;"United States of America";2;0;0;0;0;0;0;0;0;0;0;0
"Sri Lanka";780;1988;Vietnam;816;0;0;0;0;0;0;0;0;0;0;0
"Sri Lanka";780;1989;Australia;900;0;0;0;0;0;0;0;0;0;0;0
"Sri Lanka";780;1989;Cambodia;811;0;0;0;0;0;0;0;0;0;0;0
"Sri Lanka";780;1989;Canada;20;0;0;0;0;0;0;0;0;0;0;0
"Sri Lanka";780;1989;France;220;0;0;0;0;0;0;0;0;0;0;0
"Sri Lanka";780;1989;India;750;1;1;0;1;1;1;1;0;0;0;0
"Sri Lanka";780;1989;Indonesia;850;0;0;0;0;0;0;0;0;0;0;0
"Sri Lanka";780;1989;Malaysia;820;0;0;0;0;0;0;0;0;0;0;0
"Sri Lanka";780;1989;Myanmar;775;0;0;0;0;0;0;0;0;0;0;0
"Sri Lanka";780;1989;"North Korea";731;0;0;0;0;0;0;0;0;0;0;0
"Sri Lanka";780;1989;Singapore;830;0;0;0;0;0;0;0;0;0;0;0
"Sri Lanka";780;1989;Thailand;800;0;0;0;0;0;0;0;0;0;0;0
"Sri Lanka";780;1989;Ukraine;369;0;0;0;0;0;0;0;0;0;0;0
"Sri Lanka";780;1989;"United Kingdom";200;0;0;0;0;0;0;0;0;0;0;0
"Sri Lanka";780;1989;"United States of America";2;0;0;0;0;0;0;0;0;0;0;0
"Sri Lanka";780;1989;Vietnam;816;0;0;0;0;0;0;0;0;0;0;0
"Sri Lanka";780;1990;Australia;900;0;0;0;0;0;0;0;0;0;0;0
"Sri Lanka";780;1990;Cambodia;811;0;0;0;0;0;0;0;0;0;0;0
"Sri Lanka";780;1990;Canada;20;0;0;0;0;0;0;0;0;0;0;0
"Sri Lanka";780;1990;France;220;0;0;0;0;0;0;0;0;0;0;0
"Sri Lanka";780;1990;India;750;0;0;0;0;0;0;0;0;0;0;0
"Sri Lanka";780;1990;Indonesia;850;0;0;0;0;0;0;0;0;0;0;0
"Sri Lanka";780;1990;Malaysia;820;0;0;0;0;0;0;0;0;0;0;0
"Sri Lanka";780;1990;Myanmar;775;0;0;0;0;0;0;0;0;0;0;0
"Sri Lanka";780;1990;"North Korea";731;0;0;0;0;0;0;0;0;0;0;0
"Sri Lanka";780;1990;Singapore;830;0;0;0;0;0;0;0;0;0;0;0
"Sri Lanka";780;1990;Thailand;800;0;0;0;0;0;0;0;0;0;0;0
"Sri Lanka";780;1990;Ukraine;369;0;0;0;0;0;0;0;0;0;0;0
"Sri Lanka";780;1990;"United Kingdom";200;0;0;0;0;0;0;0;0;0;0;0
"Sri Lanka";780;1990;"United States of America";2;0;0;0;0;0;0;0;0;0;0;0
"Sri Lanka";780;1990;Vietnam;816;0;0;0;0;0;0;0;0;0;0;0
"Sri Lanka";780;1991;Australia;900;0;0;0;0;0;0;0;0;0;0;0
"Sri Lanka";780;1991;Cambodia;811;0;0;0;0;0;0;0;0;0;0;0
"Sri Lanka";780;1991;Canada;20;0;0;0;0;0;0;0;0;0;0;0
"Sri Lanka";780;1991;France;220;0;0;0;0;0;0;0;0;0;0;0
"Sri Lanka";780;1991;India;750;0;0;0;0;0;0;0;0;0;0;0
"Sri Lanka";780;1991;Indonesia;850;0;0;0;0;0;0;0;0;0;0;0
"Sri Lanka";780;1991;Malaysia;820;0;0;0;0;0;0;0;0;0;0;0
"Sri Lanka";780;1991;Myanmar;775;0;0;0;0;0;0;0;0;0;0;0
"Sri Lanka";780;1991;"North Korea";731;0;0;0;0;0;0;0;0;0;0;0
"Sri Lanka";780;1991;Singapore;830;0;0;0;0;0;0;0;0;0;0;0
"Sri Lanka";780;1991;Thailand;800;0;0;0;0;0;0;0;0;0;0;0
"Sri Lanka";780;1991;Ukraine;369;0;0;0;0;0;0;0;0;0;0;0
"Sri Lanka";780;1991;"United Kingdom";200;0;0;0;0;0;0;0;0;0;0;0
"Sri Lanka";780;1991;"United States of America";2;0;0;0;0;0;0;0;0;0;0;0
"Sri Lanka";780;1991;Vietnam;816;0;0;0;0;0;0;0;0;0;0;0
"Sri Lanka";780;1992;Australia;900;0;0;0;0;0;0;0;0;0;0;0
"Sri Lanka";780;1992;Cambodia;811;0;0;0;0;0;0;0;0;0;0;0
"Sri Lanka";780;1992;Canada;20;0;0;0;0;0;0;0;0;0;0;0
"Sri Lanka";780;1992;France;220;0;0;0;0;0;0;0;0;0;0;0
"Sri Lanka";780;1992;India;750;0;0;0;0;0;0;0;0;0;0;0
"Sri Lanka";780;1992;Indonesia;850;0;0;0;0;0;0;0;0;0;0;0
"Sri Lanka";780;1992;Malaysia;820;0;0;0;0;0;0;0;0;0;0;0
"Sri Lanka";780;1992;Myanmar;775;0;0;0;0;0;0;0;0;0;0;0
"Sri Lanka";780;1992;"North Korea";731;0;0;0;0;0;0;0;0;0;0;0
"Sri Lanka";780;1992;Singapore;830;0;0;0;0;0;0;0;0;0;0;0
"Sri Lanka";780;1992;Thailand;800;0;0;0;0;0;0;0;0;0;0;0
"Sri Lanka";780;1992;Ukraine;369;0;0;0;0;0;0;0;0;0;0;0
"Sri Lanka";780;1992;"United Kingdom";200;0;0;0;0;0;0;0;0;0;0;0
"Sri Lanka";780;1992;"United States of America";2;0;0;0;0;0;0;0;0;0;0;0
"Sri Lanka";780;1992;Vietnam;816;0;0;0;0;0;0;0;0;0;0;0
"Sri Lanka";780;1993;Australia;900;0;0;0;0;0;0;0;0;0;0;0
"Sri Lanka";780;1993;Cambodia;811;0;0;0;0;0;0;0;0;0;0;0
"Sri Lanka";780;1993;Canada;20;0;0;0;0;0;0;0;0;0;0;0
"Sri Lanka";780;1993;France;220;0;0;0;0;0;0;0;0;0;0;0
"Sri Lanka";780;1993;India;750;0;0;0;0;0;0;0;0;0;0;0
"Sri Lanka";780;1993;Indonesia;850;0;0;0;0;0;0;0;0;0;0;0
"Sri Lanka";780;1993;Malaysia;820;0;0;0;0;0;0;0;0;0;0;0
"Sri Lanka";780;1993;Myanmar;775;0;0;0;0;0;0;0;0;0;0;0
"Sri Lanka";780;1993;"North Korea";731;0;0;0;0;0;0;0;0;0;0;0
"Sri Lanka";780;1993;Singapore;830;0;0;0;0;0;0;0;0;0;0;0
"Sri Lanka";780;1993;Thailand;800;0;0;0;0;0;0;0;0;0;0;0
"Sri Lanka";780;1993;Ukraine;369;0;0;0;0;0;0;0;0;0;0;0
"Sri Lanka";780;1993;"United Kingdom";200;0;0;0;0;0;0;0;0;0;0;0
"Sri Lanka";780;1993;"United States of America";2;0;0;0;0;0;0;0;0;0;0;0
"Sri Lanka";780;1993;Vietnam;816;0;0;0;0;0;0;0;0;0;0;0
"Sri Lanka";780;1994;Australia;900;0;0;0;0;0;0;0;0;0;0;0
"Sri Lanka";780;1994;Cambodia;811;0;0;0;0;0;0;0;0;0;0;0
"Sri Lanka";780;1994;Canada;20;0;0;0;0;0;0;0;0;0;0;0
"Sri Lanka";780;1994;France;220;0;0;0;0;0;0;0;0;0;0;0
"Sri Lanka";780;1994;India;750;0;0;0;0;0;0;0;0;0;0;0
"Sri Lanka";780;1994;Indonesia;850;0;0;0;0;0;0;0;0;0;0;0
"Sri Lanka";780;1994;Malaysia;820;0;0;0;0;0;0;0;0;0;0;0
"Sri Lanka";780;1994;Myanmar;775;0;0;0;0;0;0;0;0;0;0;0
"Sri Lanka";780;1994;"North Korea";731;1;0;0;0;0;0;0;0;1;0;0
"Sri Lanka";780;1994;Singapore;830;0;0;0;0;0;0;0;0;0;0;0
"Sri Lanka";780;1994;Thailand;800;0;0;0;0;0;0;0;0;0;0;0
"Sri Lanka";780;1994;Ukraine;369;0;0;0;0;0;0;0;0;0;0;0
"Sri Lanka";780;1994;"United Kingdom";200;0;0;0;0;0;0;0;0;0;0;0
"Sri Lanka";780;1994;"United States of America";2;0;0;0;0;0;0;0;0;0;0;0
"Sri Lanka";780;1994;Vietnam;816;0;0;0;0;0;0;0;0;0;0;0
"Sri Lanka";780;1995;Australia;900;0;0;0;0;0;0;0;0;0;0;0
"Sri Lanka";780;1995;Cambodia;811;0;0;0;0;0;0;0;0;0;0;0
"Sri Lanka";780;1995;Canada;20;0;0;0;0;0;0;0;0;0;0;0
"Sri Lanka";780;1995;France;220;0;0;0;0;0;0;0;0;0;0;0
"Sri Lanka";780;1995;India;750;0;0;0;0;0;0;0;0;0;0;0
"Sri Lanka";780;1995;Indonesia;850;0;0;0;0;0;0;0;0;0;0;0
"Sri Lanka";780;1995;Malaysia;820;0;0;0;0;0;0;0;0;0;0;0
"Sri Lanka";780;1995;Myanmar;775;0;0;0;0;0;0;0;0;0;0;0
"Sri Lanka";780;1995;"North Korea";731;1;0;0;0;0;0;0;0;1;0;0
"Sri Lanka";780;1995;Singapore;830;0;0;0;0;0;0;0;0;0;0;0
"Sri Lanka";780;1995;Thailand;800;0;0;0;0;0;0;0;0;0;0;0
"Sri Lanka";780;1995;Ukraine;369;0;0;0;0;0;0;0;0;0;0;0
"Sri Lanka";780;1995;"United Kingdom";200;0;0;0;0;0;0;0;0;0;0;0
"Sri Lanka";780;1995;"United States of America";2;0;0;0;0;0;0;0;0;0;0;0
"Sri Lanka";780;1995;Vietnam;816;0;0;0;0;0;0;0;0;0;0;0
"Sri Lanka";780;1996;Australia;900;0;0;0;0;0;0;0;0;0;0;0
"Sri Lanka";780;1996;Cambodia;811;0;0;0;0;0;0;0;0;0;0;0
"Sri Lanka";780;1996;Canada;20;0;0;0;0;0;0;0;0;0;0;0
"Sri Lanka";780;1996;France;220;0;0;0;0;0;0;0;0;0;0;0
"Sri Lanka";780;1996;India;750;0;0;0;0;0;0;0;0;0;0;0
"Sri Lanka";780;1996;Indonesia;850;0;0;0;0;0;0;0;0;0;0;0
"Sri Lanka";780;1996;Malaysia;820;0;0;0;0;0;0;0;0;0;0;0
"Sri Lanka";780;1996;Myanmar;775;0;0;0;0;0;0;0;0;0;0;0
"Sri Lanka";780;1996;"North Korea";731;1;0;0;0;0;0;0;0;1;0;0
"Sri Lanka";780;1996;Singapore;830;0;0;0;0;0;0;0;0;0;0;0
"Sri Lanka";780;1996;Thailand;800;0;0;0;0;0;0;0;0;0;0;0
"Sri Lanka";780;1996;Ukraine;369;0;0;0;0;0;0;0;0;0;0;0
"Sri Lanka";780;1996;"United Kingdom";200;0;0;0;0;0;0;0;0;0;0;0
"Sri Lanka";780;1996;"United States of America";2;0;0;0;0;0;0;0;0;0;0;0
"Sri Lanka";780;1996;Vietnam;816;0;0;0;0;0;0;0;0;0;0;0
"Sri Lanka";780;1997;Australia;900;0;0;0;0;0;0;0;0;0;0;0
"Sri Lanka";780;1997;Cambodia;811;0;0;0;0;0;0;0;0;0;0;0
"Sri Lanka";780;1997;Canada;20;0;0;0;0;0;0;0;0;0;0;0
"Sri Lanka";780;1997;France;220;0;0;0;0;0;0;0;0;0;0;0
"Sri Lanka";780;1997;India;750;0;0;0;0;0;0;0;0;0;0;0
"Sri Lanka";780;1997;Indonesia;850;0;0;0;0;0;0;0;0;0;0;0
"Sri Lanka";780;1997;Malaysia;820;0;0;0;0;0;0;0;0;0;0;0
"Sri Lanka";780;1997;Myanmar;775;0;0;0;0;0;0;0;0;0;0;0
"Sri Lanka";780;1997;"North Korea";731;1;0;0;0;0;0;1;0;1;0;0
"Sri Lanka";780;1997;Singapore;830;0;0;0;0;0;0;0;0;0;0;0
"Sri Lanka";780;1997;Thailand;800;0;0;0;0;0;0;0;0;0;0;0
"Sri Lanka";780;1997;Ukraine;369;0;0;0;0;0;0;0;0;0;0;0
"Sri Lanka";780;1997;"United Kingdom";200;0;0;0;0;0;0;0;0;0;0;0
"Sri Lanka";780;1997;"United States of America";2;0;0;0;0;0;0;0;0;0;0;0
"Sri Lanka";780;1997;Vietnam;816;0;0;0;0;0;0;0;0;0;0;0
"Sri Lanka";780;1998;Australia;900;0;0;0;0;0;0;0;0;0;0;0
"Sri Lanka";780;1998;Cambodia;811;0;0;0;0;0;0;0;0;0;0;0
"Sri Lanka";780;1998;Canada;20;0;0;0;0;0;0;0;0;0;0;0
"Sri Lanka";780;1998;France;220;0;0;0;0;0;0;0;0;0;0;0
"Sri Lanka";780;1998;India;750;0;0;0;0;0;0;0;0;0;0;0
"Sri Lanka";780;1998;Indonesia;850;0;0;0;0;0;0;0;0;0;0;0
"Sri Lanka";780;1998;Malaysia;820;0;0;0;0;0;0;0;0;0;0;0
"Sri Lanka";780;1998;Myanmar;775;0;0;0;0;0;0;0;0;0;0;0
"Sri Lanka";780;1998;"North Korea";731;1;0;0;0;0;0;1;0;0;0;0
"Sri Lanka";780;1998;Singapore;830;0;0;0;0;0;0;0;0;0;0;0
"Sri Lanka";780;1998;Thailand;800;0;0;0;0;0;0;0;0;0;0;0
"Sri Lanka";780;1998;Ukraine;369;0;0;0;0;0;0;0;0;0;0;0
"Sri Lanka";780;1998;"United Kingdom";200;0;0;0;0;0;0;0;0;0;0;0
"Sri Lanka";780;1998;"United States of America";2;0;0;0;0;0;0;0;0;0;0;0
"Sri Lanka";780;1998;Vietnam;816;0;0;0;0;0;0;0;0;0;0;0
"Sri Lanka";780;1999;Australia;900;0;0;0;0;0;0;0;0;0;0;0
"Sri Lanka";780;1999;Cambodia;811;0;0;0;0;0;0;0;0;0;0;0
"Sri Lanka";780;1999;Canada;20;0;0;0;0;0;0;0;0;0;0;0
"Sri Lanka";780;1999;France;220;0;0;0;0;0;0;0;0;0;0;0
"Sri Lanka";780;1999;India;750;0;0;0;0;0;0;0;0;0;0;0
"Sri Lanka";780;1999;Indonesia;850;0;0;0;0;0;0;0;0;0;0;0
"Sri Lanka";780;1999;Malaysia;820;0;0;0;0;0;0;0;0;0;0;0
"Sri Lanka";780;1999;Myanmar;775;0;0;0;0;0;0;0;0;0;0;0
"Sri Lanka";780;1999;"North Korea";731;1;0;0;0;0;0;1;0;0;0;0
"Sri Lanka";780;1999;Singapore;830;0;0;0;0;0;0;0;0;0;0;0
"Sri Lanka";780;1999;Thailand;800;0;0;0;0;0;0;0;0;0;0;0
"Sri Lanka";780;1999;Ukraine;369;0;0;0;0;0;0;0;0;0;0;0
"Sri Lanka";780;1999;"United Kingdom";200;0;0;0;0;0;0;0;0;0;0;0
"Sri Lanka";780;1999;"United States of America";2;0;0;0;0;0;0;0;0;0;0;0
"Sri Lanka";780;1999;Vietnam;816;0;0;0;0;0;0;0;0;0;0;0
"Sri Lanka";780;2000;Australia;900;0;0;0;0;0;0;0;0;0;0;0
"Sri Lanka";780;2000;Cambodia;811;0;0;0;0;0;0;0;0;0;0;0
"Sri Lanka";780;2000;Canada;20;0;0;0;0;0;0;0;0;0;0;0
"Sri Lanka";780;2000;France;220;0;0;0;0;0;0;0;0;0;0;0
"Sri Lanka";780;2000;India;750;0;0;0;0;0;0;0;0;0;0;0
"Sri Lanka";780;2000;Indonesia;850;0;0;0;0;0;0;0;0;0;0;0
"Sri Lanka";780;2000;Malaysia;820;0;0;0;0;0;0;0;0;0;0;0
"Sri Lanka";780;2000;Myanmar;775;0;0;0;0;0;0;0;0;0;0;0
"Sri Lanka";780;2000;"North Korea";731;1;0;0;0;0;0;1;0;0;0;0
"Sri Lanka";780;2000;Singapore;830;0;0;0;0;0;0;0;0;0;0;0
"Sri Lanka";780;2000;Thailand;800;0;0;0;0;0;0;0;0;0;0;0
"Sri Lanka";780;2000;Ukraine;369;0;0;0;0;0;0;0;0;0;0;0
"Sri Lanka";780;2000;"United Kingdom";200;0;0;0;0;0;0;0;0;0;0;0
"Sri Lanka";780;2000;"United States of America";2;0;0;0;0;0;0;0;0;0;0;0
"Sri Lanka";780;2000;Vietnam;816;0;0;0;0;0;0;0;0;0;0;0
"Sri Lanka";780;2001;Australia;900;0;0;0;0;0;0;0;0;0;0;0
"Sri Lanka";780;2001;Cambodia;811;0;0;0;0;0;0;0;0;0;0;0
"Sri Lanka";780;2001;Canada;20;0;0;0;0;0;0;0;0;0;0;0
"Sri Lanka";780;2001;France;220;0;0;0;0;0;0;0;0;0;0;0
"Sri Lanka";780;2001;India;750;0;0;0;0;0;0;0;0;0;0;0
"Sri Lanka";780;2001;Indonesia;850;0;0;0;0;0;0;0;0;0;0;0
"Sri Lanka";780;2001;Malaysia;820;0;0;0;0;0;0;0;0;0;0;0
"Sri Lanka";780;2001;Myanmar;775;0;0;0;0;0;0;0;0;0;0;0
"Sri Lanka";780;2001;"North Korea";731;1;0;0;0;0;0;1;0;0;0;0
"Sri Lanka";780;2001;Singapore;830;0;0;0;0;0;0;0;0;0;0;0
"Sri Lanka";780;2001;Thailand;800;0;0;0;0;0;0;0;0;0;0;0
"Sri Lanka";780;2001;Ukraine;369;0;0;0;0;0;0;0;0;0;0;0
"Sri Lanka";780;2001;"United Kingdom";200;0;0;0;0;0;0;0;0;0;0;0
"Sri Lanka";780;2001;"United States of America";2;0;0;0;0;0;0;0;0;0;0;0
"Sri Lanka";780;2001;Vietnam;816;0;0;0;0;0;0;0;0;0;0;0
"Sri Lanka";780;2002;Australia;900;0;0;0;0;0;0;0;0;0;0;0
"Sri Lanka";780;2002;Cambodia;811;0;0;0;0;0;0;0;0;0;0;0
"Sri Lanka";780;2002;Canada;20;0;0;0;0;0;0;0;0;0;0;0
"Sri Lanka";780;2002;France;220;0;0;0;0;0;0;0;0;0;0;0
"Sri Lanka";780;2002;India;750;0;0;0;0;0;0;0;0;0;0;0
"Sri Lanka";780;2002;Indonesia;850;0;0;0;0;0;0;0;0;0;0;0
"Sri Lanka";780;2002;Malaysia;820;0;0;0;0;0;0;0;0;0;0;0
"Sri Lanka";780;2002;Myanmar;775;0;0;0;0;0;0;0;0;0;0;0
"Sri Lanka";780;2002;"North Korea";731;1;0;0;0;0;0;1;0;0;0;0
"Sri Lanka";780;2002;Singapore;830;0;0;0;0;0;0;0;0;0;0;0
"Sri Lanka";780;2002;Thailand;800;0;0;0;0;0;0;0;0;0;0;0
"Sri Lanka";780;2002;Ukraine;369;0;0;0;0;0;0;0;0;0;0;0
"Sri Lanka";780;2002;"United Kingdom";200;0;0;0;0;0;0;0;0;0;0;0
"Sri Lanka";780;2002;"United States of America";2;0;0;0;0;0;0;0;0;0;0;0
"Sri Lanka";780;2002;Vietnam;816;0;0;0;0;0;0;0;0;0;0;0
"Sri Lanka";780;2003;Australia;900;0;0;0;0;0;0;0;0;0;0;0
"Sri Lanka";780;2003;Cambodia;811;0;0;0;0;0;0;0;0;0;0;0
"Sri Lanka";780;2003;Canada;20;0;0;0;0;0;0;0;0;0;0;0
"Sri Lanka";780;2003;France;220;0;0;0;0;0;0;0;0;0;0;0
"Sri Lanka";780;2003;India;750;0;0;0;0;0;0;0;0;0;0;0
"Sri Lanka";780;2003;Indonesia;850;0;0;0;0;0;0;0;0;0;0;0
"Sri Lanka";780;2003;Malaysia;820;0;0;0;0;0;0;0;0;0;0;0
"Sri Lanka";780;2003;Myanmar;775;0;0;0;0;0;0;0;0;0;0;0
"Sri Lanka";780;2003;"North Korea";731;1;0;0;0;0;0;1;0;0;0;0
"Sri Lanka";780;2003;Singapore;830;0;0;0;0;0;0;0;0;0;0;0
"Sri Lanka";780;2003;Thailand;800;0;0;0;0;0;0;0;0;0;0;0
"Sri Lanka";780;2003;Ukraine;369;0;0;0;0;0;0;0;0;0;0;0
"Sri Lanka";780;2003;"United Kingdom";200;0;0;0;0;0;0;0;0;0;0;0
"Sri Lanka";780;2003;"United States of America";2;0;0;0;0;0;0;0;0;0;0;0
"Sri Lanka";780;2003;Vietnam;816;0;0;0;0;0;0;0;0;0;0;0
"Sri Lanka";780;2004;Australia;900;0;0;0;0;0;0;0;0;0;0;0
"Sri Lanka";780;2004;Cambodia;811;0;0;0;0;0;0;0;0;0;0;0
"Sri Lanka";780;2004;Canada;20;0;0;0;0;0;0;0;0;0;0;0
"Sri Lanka";780;2004;France;220;0;0;0;0;0;0;0;0;0;0;0
"Sri Lanka";780;2004;India;750;0;0;0;0;0;0;0;0;0;0;0
"Sri Lanka";780;2004;Indonesia;850;0;0;0;0;0;0;0;0;0;0;0
"Sri Lanka";780;2004;Malaysia;820;0;0;0;0;0;0;0;0;0;0;0
"Sri Lanka";780;2004;Myanmar;775;0;0;0;0;0;0;0;0;0;0;0
"Sri Lanka";780;2004;"North Korea";731;1;0;0;0;0;0;1;0;0;0;0
"Sri Lanka";780;2004;Singapore;830;0;0;0;0;0;0;0;0;0;0;0
"Sri Lanka";780;2004;Thailand;800;0;0;0;0;0;0;0;0;0;0;0
"Sri Lanka";780;2004;Ukraine;369;0;0;0;0;0;0;0;0;0;0;0
"Sri Lanka";780;2004;"United Kingdom";200;0;0;0;0;0;0;0;0;0;0;0
"Sri Lanka";780;2004;"United States of America";2;0;0;0;0;0;0;0;0;0;0;0
"Sri Lanka";780;2004;Vietnam;816;0;0;0;0;0;0;0;0;0;0;0
"Sri Lanka";780;2005;Australia;900;0;0;0;0;0;0;0;0;0;0;0
"Sri Lanka";780;2005;Cambodia;811;0;0;0;0;0;0;0;0;0;0;0
"Sri Lanka";780;2005;Canada;20;0;0;0;0;0;0;0;0;0;0;0
"Sri Lanka";780;2005;France;220;0;0;0;0;0;0;0;0;0;0;0
"Sri Lanka";780;2005;India;750;0;0;0;0;0;0;0;0;0;0;0
"Sri Lanka";780;2005;Indonesia;850;0;0;0;0;0;0;0;0;0;0;0
"Sri Lanka";780;2005;Malaysia;820;0;0;0;0;0;0;0;0;0;0;0
"Sri Lanka";780;2005;Myanmar;775;0;0;0;0;0;0;0;0;0;0;0
"Sri Lanka";780;2005;"North Korea";731;1;0;0;0;0;0;1;0;0;0;0
"Sri Lanka";780;2005;Singapore;830;0;0;0;0;0;0;0;0;0;0;0
"Sri Lanka";780;2005;Thailand;800;0;0;0;0;0;0;0;0;0;0;0
"Sri Lanka";780;2005;Ukraine;369;0;0;0;0;0;0;0;0;0;0;0
"Sri Lanka";780;2005;"United Kingdom";200;0;0;0;0;0;0;0;0;0;0;0
"Sri Lanka";780;2005;"United States of America";2;0;0;0;0;0;0;0;0;0;0;0
"Sri Lanka";780;2005;Vietnam;816;0;0;0;0;0;0;0;0;0;0;0
"Sri Lanka";780;2006;Australia;900;0;0;0;0;0;0;0;0;0;0;0
"Sri Lanka";780;2006;Cambodia;811;0;0;0;0;0;0;0;0;0;0;0
"Sri Lanka";780;2006;Canada;20;0;0;0;0;0;0;0;0;0;0;0
"Sri Lanka";780;2006;France;220;0;0;0;0;0;0;0;0;0;0;0
"Sri Lanka";780;2006;India;750;0;0;0;0;0;0;0;0;0;0;0
"Sri Lanka";780;2006;Indonesia;850;0;0;0;0;0;0;0;0;0;0;0
"Sri Lanka";780;2006;Malaysia;820;0;0;0;0;0;0;0;0;0;0;0
"Sri Lanka";780;2006;Myanmar;775;0;0;0;0;0;0;0;0;0;0;0
"Sri Lanka";780;2006;"North Korea";731;1;0;0;0;0;0;1;0;0;0;0
"Sri Lanka";780;2006;Singapore;830;0;0;0;0;0;0;0;0;0;0;0
"Sri Lanka";780;2006;Thailand;800;0;0;0;0;0;0;0;0;0;0;0
"Sri Lanka";780;2006;Ukraine;369;0;0;0;0;0;0;0;0;0;0;0
"Sri Lanka";780;2006;"United Kingdom";200;0;0;0;0;0;0;0;0;0;0;0
"Sri Lanka";780;2006;"United States of America";2;0;0;0;0;0;0;0;0;0;0;0
"Sri Lanka";780;2006;Vietnam;816;0;0;0;0;0;0;0;0;0;0;0
"Sri Lanka";780;2007;Australia;900;0;0;0;0;0;0;0;0;0;0;0
"Sri Lanka";780;2007;Cambodia;811;0;0;0;0;0;0;0;0;0;0;0
"Sri Lanka";780;2007;Canada;20;0;0;0;0;0;0;0;0;0;0;0
"Sri Lanka";780;2007;France;220;0;0;0;0;0;0;0;0;0;0;0
"Sri Lanka";780;2007;India;750;0;0;0;0;0;0;0;0;0;0;0
"Sri Lanka";780;2007;Indonesia;850;0;0;0;0;0;0;0;0;0;0;0
"Sri Lanka";780;2007;Malaysia;820;0;0;0;0;0;0;0;0;0;0;0
"Sri Lanka";780;2007;Myanmar;775;0;0;0;0;0;0;0;0;0;0;0
"Sri Lanka";780;2007;"North Korea";731;1;0;0;0;0;0;1;0;0;0;0
"Sri Lanka";780;2007;Singapore;830;0;0;0;0;0;0;0;0;0;0;0
"Sri Lanka";780;2007;Thailand;800;0;0;0;0;0;0;0;0;0;0;0
"Sri Lanka";780;2007;Ukraine;369;0;0;0;0;0;0;0;0;0;0;0
"Sri Lanka";780;2007;"United Kingdom";200;0;0;0;0;0;0;0;0;0;0;0
"Sri Lanka";780;2007;"United States of America";2;0;0;0;0;0;0;0;0;0;0;0
"Sri Lanka";780;2007;Vietnam;816;0;0;0;0;0;0;0;0;0;0;0
"Sri Lanka";780;2008;Australia;900;0;0;0;0;0;0;0;0;0;0;0
"Sri Lanka";780;2008;Cambodia;811;0;0;0;0;0;0;0;0;0;0;0
"Sri Lanka";780;2008;Canada;20;0;0;0;0;0;0;0;0;0;0;0
"Sri Lanka";780;2008;France;220;0;0;0;0;0;0;0;0;0;0;0
"Sri Lanka";780;2008;India;750;0;0;0;0;0;0;0;0;0;0;0
"Sri Lanka";780;2008;Indonesia;850;0;0;0;0;0;0;0;0;0;0;0
"Sri Lanka";780;2008;Malaysia;820;0;0;0;0;0;0;0;0;0;0;0
"Sri Lanka";780;2008;Myanmar;775;0;0;0;0;0;0;0;0;0;0;0
"Sri Lanka";780;2008;"North Korea";731;1;0;0;0;0;0;1;0;0;0;0
"Sri Lanka";780;2008;Singapore;830;0;0;0;0;0;0;0;0;0;0;0
"Sri Lanka";780;2008;Thailand;800;0;0;0;0;0;0;0;0;0;0;0
"Sri Lanka";780;2008;Ukraine;369;0;0;0;0;0;0;0;0;0;0;0
"Sri Lanka";780;2008;"United Kingdom";200;0;0;0;0;0;0;0;0;0;0;0
"Sri Lanka";780;2008;"United States of America";2;0;0;0;0;0;0;0;0;0;0;0
"Sri Lanka";780;2008;Vietnam;816;0;0;0;0;0;0;0;0;0;0;0
"Sri Lanka";780;2009;Australia;900;0;0;0;0;0;0;0;0;0;0;0
"Sri Lanka";780;2009;Cambodia;811;0;0;0;0;0;0;0;0;0;0;0
"Sri Lanka";780;2009;Canada;20;0;0;0;0;0;0;0;0;0;0;0
"Sri Lanka";780;2009;France;220;0;0;0;0;0;0;0;0;0;0;0
"Sri Lanka";780;2009;India;750;0;0;0;0;0;0;0;0;0;0;0
"Sri Lanka";780;2009;Indonesia;850;0;0;0;0;0;0;0;0;0;0;0
"Sri Lanka";780;2009;Malaysia;820;0;0;0;0;0;0;0;0;0;0;0
"Sri Lanka";780;2009;Myanmar;775;0;0;0;0;0;0;0;0;0;0;0
"Sri Lanka";780;2009;"North Korea";731;1;0;0;0;0;0;1;0;0;0;0
"Sri Lanka";780;2009;Singapore;830;0;0;0;0;0;0;0;0;0;0;0
"Sri Lanka";780;2009;Thailand;800;0;0;0;0;0;0;0;0;0;0;0
"Sri Lanka";780;2009;Ukraine;369;0;0;0;0;0;0;0;0;0;0;0
"Sri Lanka";780;2009;"United Kingdom";200;0;0;0;0;0;0;0;0;0;0;0
"Sri Lanka";780;2009;"United States of America";2;0;0;0;0;0;0;0;0;0;0;0
"Sri Lanka";780;2009;Vietnam;816;0;0;0;0;0;0;0;0;0;0;0
"Sri Lanka";780;2010;Australia;900;0;0;0;0;0;0;0;0;0;0;0
"Sri Lanka";780;2010;Cambodia;811;0;0;0;0;0;0;0;0;0;0;0
"Sri Lanka";780;2010;Canada;20;0;0;0;0;0;0;0;0;0;0;0
"Sri Lanka";780;2010;France;220;0;0;0;0;0;0;0;0;0;0;0
"Sri Lanka";780;2010;India;750;0;0;0;0;0;0;0;0;0;0;0
"Sri Lanka";780;2010;Indonesia;850;0;0;0;0;0;0;0;0;0;0;0
"Sri Lanka";780;2010;Malaysia;820;0;0;0;0;0;0;0;0;0;0;0
"Sri Lanka";780;2010;Myanmar;775;0;0;0;0;0;0;0;0;0;0;0
"Sri Lanka";780;2010;"North Korea";731;1;0;0;0;0;0;1;0;0;0;0
"Sri Lanka";780;2010;Singapore;830;0;0;0;0;0;0;0;0;0;0;0
"Sri Lanka";780;2010;Thailand;800;0;0;0;0;0;0;0;0;0;0;0
"Sri Lanka";780;2010;Ukraine;369;0;0;0;0;0;0;0;0;0;0;0
"Sri Lanka";780;2010;"United Kingdom";200;0;0;0;0;0;0;0;0;0;0;0
"Sri Lanka";780;2010;"United States of America";2;0;0;0;0;0;0;0;0;0;0;0
"Sri Lanka";780;2010;Vietnam;816;0;0;0;0;0;0;0;0;0;0;0
Sudan;625;1956;Egypt;651;1;1;0;0;0;0;0;0;0;0;0
Sudan;625;1957;Egypt;651;1;1;0;0;0;0;0;0;0;0;0
Sudan;625;1958;Egypt;651;1;1;0;0;0;0;0;0;0;0;0
Sudan;625;1959;Egypt;651;1;1;0;0;0;0;0;0;0;0;0
Sudan;625;1960;Egypt;651;1;1;0;0;0;0;0;0;0;0;0
Sudan;625;1961;Egypt;651;1;1;0;0;0;0;0;0;0;0;0
Sudan;625;1962;Egypt;651;1;1;0;0;0;0;0;0;0;0;0
Sudan;625;1963;Congo;484;1;1;1;0;0;0;0;0;0;0;0
Sudan;625;1963;Egypt;651;1;1;0;0;0;0;0;0;0;0;0
Sudan;625;1963;Ethiopia;530;1;1;1;0;0;0;1;1;1;0;0
Sudan;625;1963;Israel;666;0;0;0;0;0;0;0;0;0;0;0
Sudan;625;1963;Kenya;501;0;0;0;0;0;0;0;0;0;0;0
Sudan;625;1963;Uganda;500;1;1;1;0;0;0;0;0;0;0;0
Sudan;625;1963;"United Kingdom";200;0;0;0;0;0;0;0;0;0;0;0
Sudan;625;1963;"United States of America";2;1;0;0;0;0;0;1;1;0;0;0
Sudan;625;1964;Congo;484;1;1;1;0;0;0;0;0;0;0;0
Sudan;625;1964;Egypt;651;1;1;0;0;0;0;0;0;0;0;0
Sudan;625;1964;Ethiopia;530;1;1;1;0;0;0;1;1;1;0;0
Sudan;625;1964;Israel;666;0;0;0;0;0;0;0;0;0;0;0
Sudan;625;1964;Kenya;501;0;0;0;0;0;0;0;0;0;0;0
Sudan;625;1964;Uganda;500;1;1;1;0;0;0;0;0;0;0;0
Sudan;625;1964;"United Kingdom";200;0;0;0;0;0;0;0;0;0;0;0
Sudan;625;1964;"United States of America";2;1;0;0;0;0;0;1;1;0;0;0
Sudan;625;1965;Congo;484;1;1;1;0;0;0;0;0;0;0;0
Sudan;625;1965;Egypt;651;1;1;0;0;0;0;0;0;0;0;0
Sudan;625;1965;Ethiopia;530;1;1;1;0;0;0;1;1;1;0;0
Sudan;625;1965;Israel;666;0;0;0;0;0;0;0;0;0;0;0
Sudan;625;1965;Kenya;501;0;0;0;0;0;0;0;0;0;0;0
Sudan;625;1965;Uganda;500;1;1;1;0;0;0;0;0;0;0;0
Sudan;625;1965;"United Kingdom";200;0;0;0;0;0;0;0;0;0;0;0
Sudan;625;1965;"United States of America";2;1;0;0;0;0;0;1;1;0;0;0
Sudan;625;1966;Congo;484;1;1;1;0;0;0;0;0;0;0;0
Sudan;625;1966;Egypt;651;1;1;0;0;0;0;0;0;0;0;0
Sudan;625;1966;Ethiopia;530;1;1;1;0;0;0;1;1;1;0;0
Sudan;625;1966;Israel;666;0;0;0;0;0;0;0;0;0;0;0
Sudan;625;1966;Kenya;501;0;0;0;0;0;0;0;0;0;0;0
Sudan;625;1966;Uganda;500;1;1;1;0;0;0;0;0;0;0;0
Sudan;625;1966;"United Kingdom";200;0;0;0;0;0;0;0;0;0;0;0
Sudan;625;1966;"United States of America";2;1;0;0;0;0;0;1;1;0;0;0
Sudan;625;1967;Congo;484;1;1;1;0;0;0;0;0;0;0;0
Sudan;625;1967;Egypt;651;1;1;0;0;0;0;0;0;0;0;0
Sudan;625;1967;Ethiopia;530;1;1;1;0;0;0;1;1;1;0;0
Sudan;625;1967;Israel;666;1;0;0;0;0;0;1;1;0;0;0
Sudan;625;1967;Kenya;501;0;0;0;0;0;0;0;0;0;0;0
Sudan;625;1967;Uganda;500;1;1;1;0;0;0;0;0;0;0;0
Sudan;625;1967;"United Kingdom";200;0;0;0;0;0;0;0;0;0;0;0
Sudan;625;1967;"United States of America";2;1;0;0;0;0;0;1;1;0;0;0
Sudan;625;1968;Congo;484;1;1;1;0;0;0;0;0;0;0;0
Sudan;625;1968;Egypt;651;1;1;0;0;0;0;0;0;0;0;0
Sudan;625;1968;Ethiopia;530;1;1;1;0;0;0;1;1;1;0;0
Sudan;625;1968;Israel;666;1;0;0;0;0;0;1;1;0;0;0
Sudan;625;1968;Kenya;501;0;0;0;0;0;0;0;0;0;0;0
Sudan;625;1968;Uganda;500;1;1;1;0;0;0;0;0;0;0;0
Sudan;625;1968;"United Kingdom";200;0;0;0;0;0;0;0;0;0;0;0
Sudan;625;1968;"United States of America";2;1;0;0;0;0;0;1;1;0;0;0
Sudan;625;1969;Congo;484;1;1;1;0;0;0;0;0;0;0;0
Sudan;625;1969;Egypt;651;1;1;0;0;0;0;0;0;0;0;0
Sudan;625;1969;Ethiopia;530;1;1;1;0;0;0;1;1;1;0;0
Sudan;625;1969;Israel;666;1;0;0;0;0;0;1;1;0;0;0
Sudan;625;1969;Kenya;501;0;0;0;0;0;0;0;0;0;0;0
Sudan;625;1969;Uganda;500;1;1;1;0;0;0;0;0;0;0;0
Sudan;625;1969;"United Kingdom";200;0;0;0;0;0;0;0;0;0;0;0
Sudan;625;1969;"United States of America";2;1;0;0;0;0;0;1;1;0;0;0
Sudan;625;1970;Congo;484;1;1;1;0;0;0;0;0;0;0;0
Sudan;625;1970;Egypt;651;1;1;0;0;0;0;0;0;0;0;0
Sudan;625;1970;Ethiopia;530;1;1;1;0;0;0;1;1;1;0;0
Sudan;625;1970;Israel;666;1;0;0;0;0;0;1;1;0;0;0
Sudan;625;1970;Kenya;501;0;0;0;0;0;0;0;0;0;0;0
Sudan;625;1970;Uganda;500;1;1;1;0;0;0;0;0;0;0;0
Sudan;625;1970;"United Kingdom";200;0;0;0;0;0;0;0;0;0;0;0
Sudan;625;1970;"United States of America";2;1;0;0;0;0;0;1;1;0;0;0
Sudan;625;1971;Congo;484;1;1;1;0;0;0;0;0;0;0;0
Sudan;625;1971;Egypt;651;1;1;0;0;0;0;0;0;0;0;0
Sudan;625;1971;Ethiopia;530;1;1;1;0;0;0;1;1;1;0;0
Sudan;625;1971;Israel;666;1;0;0;0;0;0;1;1;0;0;0
Sudan;625;1971;Kenya;501;0;0;0;0;0;0;0;0;0;0;0
Sudan;625;1971;Uganda;500;1;1;1;0;0;0;0;0;0;0;0
Sudan;625;1971;"United Kingdom";200;0;0;0;0;0;0;0;0;0;0;0
Sudan;625;1971;"United States of America";2;1;0;0;0;0;0;1;1;0;0;0
Sudan;625;1972;Congo;484;1;1;1;0;0;0;0;0;0;0;0
Sudan;625;1972;Ethiopia;530;1;1;1;0;0;0;1;1;1;0;0
Sudan;625;1972;Israel;666;1;0;0;0;0;0;1;1;0;0;0
Sudan;625;1972;Kenya;501;0;0;0;0;0;0;0;0;0;0;0
Sudan;625;1972;Uganda;500;1;1;1;0;0;0;0;0;0;0;0
Sudan;625;1972;"United Kingdom";200;0;0;0;0;0;0;0;0;0;0;0
Sudan;625;1972;"United States of America";2;1;0;0;0;0;0;1;1;0;0;0
Sudan;625;1981;Israel;666;0;0;0;0;0;0;0;0;0;0;0
Sudan;625;1982;Israel;666;0;0;0;0;0;0;0;0;0;0;0
Sudan;625;1983;Israel;666;0;0;0;0;0;0;0;0;0;0;0
Sudan;625;1984;Israel;666;0;0;0;0;0;0;0;0;0;0;0
Sudan;625;1985;Israel;666;0;0;0;0;0;0;0;0;0;0;0
Sudan;625;1986;Israel;666;1;0;0;0;0;0;1;1;0;0;0
Sudan;625;1987;Israel;666;1;0;0;0;0;0;1;1;0;0;0
Sudan;625;1988;Israel;666;1;0;0;0;0;0;1;1;0;0;0
Sudan;625;1989;Egypt;651;1;0;1;1;0;0;0;0;0;0;0
Sudan;625;1989;Eritrea;531;1;0;0;1;0;0;1;0;0;0;0
Sudan;625;1989;Ethiopia;530;0;0;0;0;0;0;0;0;0;0;0
Sudan;625;1989;Israel;666;1;0;0;0;0;0;1;1;0;0;0
Sudan;625;1989;"United States of America";2;0;0;0;0;0;0;0;0;0;0;0
Sudan;625;1990;Egypt;651;1;0;1;1;0;0;0;0;0;0;0
Sudan;625;1990;Eritrea;531;1;0;0;1;0;0;1;0;0;0;0
Sudan;625;1990;Ethiopia;530;0;0;0;0;0;0;0;0;0;0;0
Sudan;625;1990;Israel;666;1;0;0;0;0;0;1;1;0;0;0
Sudan;625;1990;"United States of America";2;0;0;0;0;0;0;0;0;0;0;0
Sudan;625;1991;Egypt;651;1;0;1;1;0;0;0;0;0;0;0
Sudan;625;1991;Eritrea;531;1;0;0;1;0;0;1;0;0;0;0
Sudan;625;1991;Ethiopia;530;0;0;0;0;0;0;0;0;0;0;0
Sudan;625;1991;Israel;666;1;0;0;0;0;0;1;1;0;0;0
Sudan;625;1991;"United States of America";2;0;0;0;0;0;0;0;0;0;0;0
Sudan;625;1992;Egypt;651;1;0;1;1;0;0;0;0;0;0;0
Sudan;625;1992;Eritrea;531;1;0;0;1;0;0;1;0;0;0;0
Sudan;625;1992;Ethiopia;530;0;0;0;0;0;0;0;0;0;0;0
Sudan;625;1992;Israel;666;1;0;0;0;0;0;1;1;0;0;0
Sudan;625;1992;"United States of America";2;0;0;0;0;0;0;0;0;0;0;0
Sudan;625;1993;Egypt;651;1;0;1;1;0;0;0;0;0;0;0
Sudan;625;1993;Eritrea;531;1;0;0;1;0;0;1;0;0;0;0
Sudan;625;1993;Ethiopia;530;0;0;0;0;0;0;0;0;0;0;0
Sudan;625;1993;Israel;666;1;0;0;0;0;0;1;1;0;0;0
Sudan;625;1993;"United States of America";2;0;0;0;0;0;0;0;0;0;0;0
Sudan;625;1994;Egypt;651;1;0;1;1;0;0;0;0;0;0;0
Sudan;625;1994;Eritrea;531;1;0;0;1;0;0;1;0;0;0;0
Sudan;625;1994;Ethiopia;530;0;0;0;0;0;0;0;0;0;0;0
Sudan;625;1994;Israel;666;1;0;0;0;0;0;1;1;0;0;0
Sudan;625;1994;"United States of America";2;0;0;0;0;0;0;0;0;0;0;0
Sudan;625;1995;Egypt;651;1;0;1;1;0;0;0;0;0;0;0
Sudan;625;1995;Eritrea;531;1;0;0;1;0;0;1;0;0;0;0
Sudan;625;1995;Ethiopia;530;0;0;0;0;0;0;0;0;0;0;0
Sudan;625;1995;Israel;666;1;0;0;0;0;0;1;1;0;0;0
Sudan;625;1995;"United States of America";2;0;0;0;0;0;0;0;0;0;0;0
Sudan;625;1996;Egypt;651;1;0;1;1;0;0;0;0;0;0;0
Sudan;625;1996;Eritrea;531;1;0;0;1;0;0;1;0;0;0;0
Sudan;625;1996;Ethiopia;530;0;0;0;0;0;0;0;0;0;0;0
Sudan;625;1996;Israel;666;1;0;0;0;0;0;1;1;0;0;0
Sudan;625;1996;"United States of America";2;0;0;0;0;0;0;0;0;0;0;0
Sudan;625;1997;Egypt;651;1;0;1;1;0;0;0;0;0;0;0
Sudan;625;1997;Eritrea;531;1;0;1;1;0;0;1;0;0;1;0
Sudan;625;1997;Ethiopia;530;1;0;1;0;0;0;0;0;0;1;0
Sudan;625;1997;Israel;666;1;0;0;0;0;0;1;1;0;0;0
Sudan;625;1997;"United States of America";2;0;0;0;0;0;0;0;0;0;0;0
Sudan;625;1998;Egypt;651;1;0;1;1;0;0;0;0;0;0;0
Sudan;625;1998;Eritrea;531;1;0;1;1;0;0;1;0;0;1;0
Sudan;625;1998;Ethiopia;530;1;0;1;0;0;0;0;0;0;1;0
Sudan;625;1998;Israel;666;1;0;0;0;0;0;1;1;0;0;0
Sudan;625;1998;"United States of America";2;0;0;0;0;0;0;0;0;0;0;0
Sudan;625;1999;Egypt;651;1;0;1;1;0;0;0;0;0;0;0
Sudan;625;1999;Eritrea;531;1;0;1;1;0;0;1;0;0;1;0
Sudan;625;1999;Ethiopia;530;1;0;1;0;0;0;0;0;0;1;0
Sudan;625;1999;Israel;666;1;0;0;0;0;0;1;1;0;0;0
Sudan;625;1999;"United States of America";2;0;0;0;0;0;0;0;0;0;0;0
Sudan;625;2000;Egypt;651;1;0;1;1;0;0;0;0;0;0;0
Sudan;625;2000;Eritrea;531;1;0;1;1;0;0;1;0;0;1;0
Sudan;625;2000;Ethiopia;530;1;0;1;0;0;0;0;0;0;1;0
Sudan;625;2000;Israel;666;1;0;0;0;0;0;1;1;0;0;0
Sudan;625;2000;"United States of America";2;0;0;0;0;0;0;0;0;0;0;0
Sudan;625;2001;Egypt;651;1;0;1;1;0;0;0;0;0;0;0
Sudan;625;2001;Eritrea;531;1;0;1;1;0;0;1;0;0;1;0
Sudan;625;2001;Ethiopia;530;1;0;1;0;0;0;0;0;0;1;0
Sudan;625;2001;Israel;666;1;0;0;0;0;0;1;1;0;0;0
Sudan;625;2001;"United States of America";2;1;0;0;0;0;0;0;1;0;0;0
Sudan;625;2002;Egypt;651;1;0;1;1;0;0;0;0;0;0;0
Sudan;625;2002;Eritrea;531;1;0;1;1;0;0;1;0;0;1;0
Sudan;625;2002;Ethiopia;530;1;0;1;0;0;0;0;0;0;1;0
Sudan;625;2002;Israel;666;1;0;0;0;0;0;1;1;0;0;0
Sudan;625;2002;"United States of America";2;0;0;0;0;0;0;0;0;0;0;0
Sudan;625;2003;Chad;483;1;0;1;0;0;0;0;1;0;0;0
Sudan;625;2003;Egypt;651;1;0;1;1;0;0;0;0;0;0;0
Sudan;625;2003;Eritrea;531;2;1;1;1;0;0;2;1;1;1;0
Sudan;625;2003;Ethiopia;530;1;0;1;0;0;0;0;0;0;1;0
Sudan;625;2003;France;220;0;0;0;0;0;0;0;0;0;0;0
Sudan;625;2003;Israel;666;1;0;0;0;0;0;1;1;0;0;0
Sudan;625;2003;Libya;620;0;0;0;0;0;0;0;0;0;0;0
Sudan;625;2003;Ukraine;369;0;0;0;0;0;0;0;0;0;0;0
Sudan;625;2003;"United States of America";2;1;0;0;1;0;0;0;0;0;0;0
Sudan;625;2004;Chad;483;1;0;1;0;0;0;0;0;0;0;0
Sudan;625;2004;Egypt;651;1;0;1;1;0;0;0;0;0;0;0
Sudan;625;2004;Eritrea;531;2;0;1;1;0;0;2;1;1;1;0
Sudan;625;2004;Ethiopia;530;1;0;1;0;0;0;0;0;0;1;0
Sudan;625;2004;France;220;0;0;0;0;0;0;0;0;0;0;0
Sudan;625;2004;Israel;666;1;0;0;0;0;0;1;1;0;0;0
Sudan;625;2004;Libya;620;0;0;0;0;0;0;0;0;0;0;0
Sudan;625;2004;Ukraine;369;0;0;0;0;0;0;0;0;0;0;0
Sudan;625;2004;"United States of America";2;1;0;0;1;0;0;0;0;0;0;0
Sudan;625;2005;Chad;483;1;0;1;0;0;0;0;0;0;0;0
Sudan;625;2005;Egypt;651;1;0;1;1;0;0;0;0;0;0;0
Sudan;625;2005;Eritrea;531;2;0;1;1;0;0;2;1;1;1;0
Sudan;625;2005;Ethiopia;530;1;0;1;0;0;0;0;0;0;1;0
Sudan;625;2005;France;220;0;0;0;0;0;0;0;0;0;0;0
Sudan;625;2005;Israel;666;0;0;0;0;0;0;0;0;0;0;0
Sudan;625;2005;Libya;620;0;0;0;0;0;0;0;0;0;0;0
Sudan;625;2005;Ukraine;369;0;0;0;0;0;0;0;0;0;0;0
Sudan;625;2005;"United States of America";2;1;0;0;1;0;0;0;0;0;0;0
Sudan;625;2006;Chad;483;2;1;1;0;0;0;0;0;1;0;0
Sudan;625;2006;Eritrea;531;0;0;0;0;0;0;0;0;0;0;0
Sudan;625;2006;France;220;0;0;0;0;0;0;0;0;0;0;0
Sudan;625;2006;Israel;666;0;0;0;0;0;0;0;0;0;0;0
Sudan;625;2006;Libya;620;0;0;0;0;0;0;0;0;0;0;0
Sudan;625;2006;Ukraine;369;0;0;0;0;0;0;0;0;0;0;0
Sudan;625;2006;"United Kingdom";200;1;1;0;1;0;0;0;0;0;0;0
Sudan;625;2006;"United States of America";2;1;0;0;1;0;0;0;0;0;0;0
Sudan;625;2007;Chad;483;2;1;1;0;0;0;0;0;1;0;0
Sudan;625;2007;Eritrea;531;0;0;0;0;0;0;0;0;0;0;0
Sudan;625;2007;France;220;0;0;0;0;0;0;0;0;0;0;0
Sudan;625;2007;Israel;666;0;0;0;0;0;0;0;0;0;0;0
Sudan;625;2007;Libya;620;0;0;0;0;0;0;0;0;0;0;0
Sudan;625;2007;Ukraine;369;0;0;0;0;0;0;0;0;0;0;0
Sudan;625;2007;"United Kingdom";200;1;1;0;1;0;0;0;0;0;0;0
Sudan;625;2007;"United States of America";2;1;0;0;1;0;0;0;0;0;0;0
Sudan;625;2008;Chad;483;1;1;0;0;0;0;0;0;1;0;0
Sudan;625;2008;Eritrea;531;0;0;0;0;0;0;0;0;0;0;0
Sudan;625;2008;France;220;0;0;0;0;0;0;0;0;0;0;0
Sudan;625;2008;Israel;666;1;0;0;1;0;0;0;1;0;0;0
Sudan;625;2008;Libya;620;1;0;0;0;0;0;1;0;0;0;0
Sudan;625;2008;Ukraine;369;0;0;0;0;0;0;0;0;0;0;0
Sudan;625;2008;"United Kingdom";200;1;1;0;1;0;0;0;0;0;0;0
Sudan;625;2008;"United States of America";2;1;0;0;1;0;0;0;0;0;0;0
Sudan;625;2009;Chad;483;1;1;0;0;0;0;0;0;1;0;0
Sudan;625;2009;Eritrea;531;0;0;0;0;0;0;0;0;0;0;0
Sudan;625;2009;France;220;0;0;0;0;0;0;0;0;0;0;0
Sudan;625;2009;Israel;666;1;0;0;1;0;0;0;1;0;0;0
Sudan;625;2009;Libya;620;1;0;0;0;0;0;1;0;0;0;0
Sudan;625;2009;Ukraine;369;0;0;0;0;0;0;0;0;0;0;0
Sudan;625;2009;"United Kingdom";200;1;1;0;1;0;0;0;0;0;0;0
Sudan;625;2009;"United States of America";2;1;0;0;1;0;0;0;0;0;0;0
Sudan;625;2010;Chad;483;1;1;0;0;0;0;0;0;1;0;0
Sudan;625;2010;Eritrea;531;0;0;0;0;0;0;0;0;0;0;0
Sudan;625;2010;France;220;0;0;0;0;0;0;0;0;0;0;0
Sudan;625;2010;Israel;666;1;0;0;1;0;0;0;1;0;0;0
Sudan;625;2010;Libya;620;1;0;1;0;0;0;1;1;0;0;0
Sudan;625;2010;Ukraine;369;0;0;0;0;0;0;0;0;0;0;0
Sudan;625;2010;"United Kingdom";200;1;1;0;1;0;0;0;0;0;0;0
Sudan;625;2010;"United States of America";2;1;0;0;1;0;0;0;0;0;0;0
Suriname;115;1986;Guinea;438;0;0;0;0;0;0;0;0;0;0;0
Suriname;115;1986;Netherlands;210;0;0;0;0;0;0;0;0;0;0;0
Suriname;115;1987;Guinea;438;0;0;0;0;0;0;0;0;0;0;0
Suriname;115;1987;Netherlands;210;0;0;0;0;0;0;0;0;0;0;0
Suriname;115;1988;Guinea;438;0;0;0;0;0;0;0;0;0;0;0
Suriname;115;1988;Netherlands;210;0;0;0;0;0;0;0;0;0;0;0
Suriname;115;1989;Guinea;438;0;0;0;0;0;0;0;0;0;0;0
Suriname;115;1989;Netherlands;210;0;0;0;0;0;0;0;0;0;0;0
Suriname;115;1990;Guinea;438;0;0;0;0;0;0;0;0;0;0;0
Suriname;115;1990;Netherlands;210;0;0;0;0;0;0;0;0;0;0;0
Suriname;115;1991;Guinea;438;0;0;0;0;0;0;0;0;0;0;0
Suriname;115;1991;Netherlands;210;0;0;0;0;0;0;0;0;0;0;0
Suriname;115;1992;Guinea;438;0;0;0;0;0;0;0;0;0;0;0
Suriname;115;1992;Netherlands;210;0;0;0;0;0;0;0;0;0;0;0
Syria;652;1945;Iraq;645;0;0;0;0;0;0;0;0;0;0;0
Syria;652;1945;Jordan;663;0;0;0;0;0;0;0;0;0;0;0
Syria;652;1945;Turkey;640;0;0;0;0;0;0;0;0;0;0;0
Syria;652;1946;Iraq;645;0;0;0;0;0;0;0;0;0;0;0
Syria;652;1946;Jordan;663;0;0;0;0;0;0;0;0;0;0;0
Syria;652;1946;Turkey;640;0;0;0;0;0;0;0;0;0;0;0
Syria;652;1947;Iraq;645;0;0;0;0;0;0;0;0;0;0;0
Syria;652;1947;Jordan;663;0;0;0;0;0;0;0;0;0;0;0
Syria;652;1947;Turkey;640;0;0;0;0;0;0;0;0;0;0;0
Syria;652;1948;Iraq;645;0;0;0;0;0;0;0;0;0;0;0
Syria;652;1948;Jordan;663;0;0;0;0;0;0;0;0;0;0;0
Syria;652;1948;Turkey;640;0;0;0;0;0;0;0;0;0;0;0
Syria;652;1949;Iraq;645;0;0;0;0;0;0;0;0;0;0;0
Syria;652;1949;Jordan;663;0;0;0;0;0;0;0;0;0;0;0
Syria;652;1949;Turkey;640;0;0;0;0;0;0;0;0;0;0;0
Syria;652;1950;Iraq;645;0;0;0;0;0;0;0;0;0;0;0
Syria;652;1950;Jordan;663;0;0;0;0;0;0;0;0;0;0;0
Syria;652;1950;Turkey;640;0;0;0;0;0;0;0;0;0;0;0
Syria;652;1951;Iraq;645;0;0;0;0;0;0;0;0;0;0;0
Syria;652;1951;Jordan;663;0;0;0;0;0;0;0;0;0;0;0
Syria;652;1951;Turkey;640;0;0;0;0;0;0;0;0;0;0;0
Syria;652;1952;Iraq;645;0;0;0;0;0;0;0;0;0;0;0
Syria;652;1952;Jordan;663;0;0;0;0;0;0;0;0;0;0;0
Syria;652;1952;Turkey;640;0;0;0;0;0;0;0;0;0;0;0
Syria;652;1953;Iraq;645;0;0;0;0;0;0;0;0;0;0;0
Syria;652;1953;Jordan;663;0;0;0;0;0;0;0;0;0;0;0
Syria;652;1953;Turkey;640;0;0;0;0;0;0;0;0;0;0;0
Syria;652;1954;Iraq;645;0;0;0;0;0;0;0;0;0;0;0
Syria;652;1954;Jordan;663;0;0;0;0;0;0;0;0;0;0;0
Syria;652;1954;Turkey;640;0;0;0;0;0;0;0;0;0;0;0
Syria;652;1955;Iraq;645;0;0;0;0;0;0;0;0;0;0;0
Syria;652;1955;Jordan;663;0;0;0;0;0;0;0;0;0;0;0
Syria;652;1955;Turkey;640;0;0;0;0;0;0;0;0;0;0;0
Syria;652;1956;Iraq;645;0;0;0;0;0;0;0;0;0;0;0
Syria;652;1956;Jordan;663;0;0;0;0;0;0;0;0;0;0;0
Syria;652;1956;Turkey;640;0;0;0;0;0;0;0;0;0;0;0
Syria;652;1957;Iraq;645;0;0;0;0;0;0;0;0;0;0;0
Syria;652;1957;Jordan;663;0;0;0;0;0;0;0;0;0;0;0
Syria;652;1957;Turkey;640;0;0;0;0;0;0;0;0;0;0;0
Syria;652;1958;Iraq;645;0;0;0;0;0;0;0;0;0;0;0
Syria;652;1958;Jordan;663;0;0;0;0;0;0;0;0;0;0;0
Syria;652;1958;Turkey;640;0;0;0;0;0;0;0;0;0;0;0
Syria;652;1959;Iraq;645;0;0;0;0;0;0;0;0;0;0;0
Syria;652;1959;Jordan;663;0;0;0;0;0;0;0;0;0;0;0
Syria;652;1959;Turkey;640;0;0;0;0;0;0;0;0;0;0;0
Syria;652;1960;Iraq;645;0;0;0;0;0;0;0;0;0;0;0
Syria;652;1960;Jordan;663;0;0;0;0;0;0;0;0;0;0;0
Syria;652;1960;Turkey;640;0;0;0;0;0;0;0;0;0;0;0
Syria;652;1961;Iraq;645;0;0;0;0;0;0;0;0;0;0;0
Syria;652;1961;Jordan;663;0;0;0;0;0;0;0;0;0;0;0
Syria;652;1961;Turkey;640;0;0;0;0;0;0;0;0;0;0;0
Syria;652;1962;Iraq;645;0;0;0;0;0;0;0;0;0;0;0
Syria;652;1962;Jordan;663;0;0;0;0;0;0;0;0;0;0;0
Syria;652;1962;Turkey;640;0;0;0;0;0;0;0;0;0;0;0
Syria;652;1963;Iraq;645;0;0;0;0;0;0;0;0;0;0;0
Syria;652;1963;Jordan;663;0;0;0;0;0;0;0;0;0;0;0
Syria;652;1963;Turkey;640;0;0;0;0;0;0;0;0;0;0;0
Syria;652;1964;Iraq;645;0;0;0;0;0;0;0;0;0;0;0
Syria;652;1964;Jordan;663;0;0;0;0;0;0;0;0;0;0;0
Syria;652;1964;Turkey;640;0;0;0;0;0;0;0;0;0;0;0
Syria;652;1965;Iraq;645;0;0;0;0;0;0;0;0;0;0;0
Syria;652;1965;Jordan;663;0;0;0;0;0;0;0;0;0;0;0
Syria;652;1965;Turkey;640;0;0;0;0;0;0;0;0;0;0;0
Syria;652;1966;Iraq;645;0;0;0;0;0;0;0;0;0;0;0
Syria;652;1966;Jordan;663;0;0;0;0;0;0;0;0;0;0;0
Syria;652;1966;Turkey;640;0;0;0;0;0;0;0;0;0;0;0
Syria;652;1967;Iraq;645;0;0;0;0;0;0;0;0;0;0;0
Syria;652;1967;Jordan;663;0;0;0;0;0;0;0;0;0;0;0
Syria;652;1967;Turkey;640;0;0;0;0;0;0;0;0;0;0;0
Syria;652;1968;Iraq;645;0;0;0;0;0;0;0;0;0;0;0
Syria;652;1968;Jordan;663;0;0;0;0;0;0;0;0;0;0;0
Syria;652;1968;Turkey;640;0;0;0;0;0;0;0;0;0;0;0
Syria;652;1969;Iraq;645;0;0;0;0;0;0;0;0;0;0;0
Syria;652;1969;Jordan;663;0;0;0;0;0;0;0;0;0;0;0
Syria;652;1969;Turkey;640;0;0;0;0;0;0;0;0;0;0;0
Syria;652;1970;Iraq;645;0;0;0;0;0;0;0;0;0;0;0
Syria;652;1970;Jordan;663;0;0;0;0;0;0;0;0;0;0;0
Syria;652;1970;Turkey;640;0;0;0;0;0;0;0;0;0;0;0
Syria;652;1971;Iraq;645;0;0;0;0;0;0;0;0;0;0;0
Syria;652;1971;Jordan;663;0;0;0;0;0;0;0;0;0;0;0
Syria;652;1971;Turkey;640;0;0;0;0;0;0;0;0;0;0;0
Syria;652;1972;Iraq;645;0;0;0;0;0;0;0;0;0;0;0
Syria;652;1972;Jordan;663;0;0;0;0;0;0;0;0;0;0;0
Syria;652;1972;Turkey;640;0;0;0;0;0;0;0;0;0;0;0
Syria;652;1973;Iraq;645;0;0;0;0;0;0;0;0;0;0;0
Syria;652;1973;Jordan;663;0;0;0;0;0;0;0;0;0;0;0
Syria;652;1973;Turkey;640;0;0;0;0;0;0;0;0;0;0;0
Syria;652;1974;Iraq;645;0;0;0;0;0;0;0;0;0;0;0
Syria;652;1974;Jordan;663;0;0;0;0;0;0;0;0;0;0;0
Syria;652;1974;Turkey;640;0;0;0;0;0;0;0;0;0;0;0
Syria;652;1975;Iraq;645;0;0;0;0;0;0;0;0;0;0;0
Syria;652;1975;Jordan;663;0;0;0;0;0;0;0;0;0;0;0
Syria;652;1975;Turkey;640;0;0;0;0;0;0;0;0;0;0;0
Syria;652;1976;Iraq;645;0;0;0;0;0;0;0;0;0;0;0
Syria;652;1976;Jordan;663;0;0;0;0;0;0;0;0;0;0;0
Syria;652;1976;Turkey;640;0;0;0;0;0;0;0;0;0;0;0
Syria;652;1977;Iraq;645;0;0;0;0;0;0;0;0;0;0;0
Syria;652;1977;Jordan;663;0;0;0;0;0;0;0;0;0;0;0
Syria;652;1977;Turkey;640;0;0;0;0;0;0;0;0;0;0;0
Syria;652;1978;Iraq;645;0;0;0;0;0;0;0;0;0;0;0
Syria;652;1978;Jordan;663;0;0;0;0;0;0;0;0;0;0;0
Syria;652;1978;Turkey;640;0;0;0;0;0;0;0;0;0;0;0
Syria;652;1979;Iraq;645;0;0;0;0;0;0;0;0;0;0;0
Syria;652;1979;Jordan;663;0;0;0;0;0;0;0;0;0;0;0
Syria;652;1979;Turkey;640;0;0;0;0;0;0;0;0;0;0;0
Syria;652;1980;Iraq;645;1;1;0;0;1;0;1;0;0;0;0
Syria;652;1980;Jordan;663;0;0;0;0;0;0;0;0;0;0;0
Syria;652;1980;Turkey;640;0;0;0;0;0;0;0;0;0;0;0
Syria;652;1981;Iraq;645;1;1;0;0;1;0;1;0;0;0;0
Syria;652;1981;Jordan;663;0;0;0;0;0;0;0;0;0;0;0
Syria;652;1981;Turkey;640;0;0;0;0;0;0;0;0;0;0;0
Syria;652;1982;Iraq;645;1;1;0;0;1;0;1;0;0;0;0
Syria;652;1982;Jordan;663;0;0;0;0;0;0;0;0;0;0;0
Syria;652;1982;Turkey;640;0;0;0;0;0;0;0;0;0;0;0
Tajikistan;702;1992;Afghanistan;700;0;0;0;0;0;0;0;0;0;0;0
Tajikistan;702;1992;Iran;630;0;0;0;0;0;0;0;0;0;0;0
Tajikistan;702;1992;Pakistan;770;0;0;0;0;0;0;0;0;0;0;0
Tajikistan;702;1993;Afghanistan;700;0;0;0;0;0;0;0;0;0;0;0
Tajikistan;702;1993;Iran;630;0;0;0;0;0;0;0;0;0;0;0
Tajikistan;702;1993;Pakistan;770;1;0;0;0;0;1;0;0;0;0;0
Tajikistan;702;1994;Afghanistan;700;0;0;0;0;0;0;0;0;0;0;0
Tajikistan;702;1994;Iran;630;0;0;0;0;0;0;0;0;0;0;0
Tajikistan;702;1994;Pakistan;770;1;0;0;0;0;1;0;0;0;0;0
Tajikistan;702;1995;Afghanistan;700;0;0;0;0;0;0;0;0;0;0;0
Tajikistan;702;1995;Iran;630;0;0;0;0;0;0;0;0;0;0;0
Tajikistan;702;1995;Pakistan;770;1;0;0;0;0;1;0;1;0;0;0
Tajikistan;702;1996;Afghanistan;700;1;1;1;1;1;0;0;0;1;0;0
Tajikistan;702;1996;Iran;630;1;0;0;0;0;0;0;1;0;0;0
Tajikistan;702;1996;Pakistan;770;1;0;0;0;0;1;0;1;0;0;0
Tajikistan;702;1997;Afghanistan;700;1;1;1;1;1;0;0;0;1;0;0
Tajikistan;702;1997;Iran;630;1;0;0;0;0;0;0;1;0;0;0
Tajikistan;702;1997;Pakistan;770;1;0;0;0;0;1;0;1;0;0;0
Tajikistan;702;1998;Afghanistan;700;2;2;2;2;2;1;0;0;1;0;0
Tajikistan;702;1998;Iran;630;1;0;0;0;0;0;0;1;0;0;0
Tajikistan;702;1998;Pakistan;770;0;0;0;0;0;0;0;0;0;0;0
Tajikistan;702;1998;"Saudi Arabia";670;0;0;0;0;0;0;0;0;0;0;0
Tajikistan;702;1998;Uzbekistan;704;0;0;0;0;0;0;0;0;0;0;0
Tajikistan;702;1999;Afghanistan;700;1;1;1;1;1;1;0;0;0;0;0
Tajikistan;702;1999;Pakistan;770;0;0;0;0;0;0;0;0;0;0;0
Tajikistan;702;1999;"Saudi Arabia";670;0;0;0;0;0;0;0;0;0;0;0
Tajikistan;702;2000;Afghanistan;700;1;1;1;1;1;1;0;0;0;0;0
Tajikistan;702;2000;Pakistan;770;0;0;0;0;0;0;0;0;0;0;0
Tajikistan;702;2000;"Saudi Arabia";670;0;0;0;0;0;0;0;0;0;0;0
Tajikistan;702;2001;Afghanistan;700;1;1;1;1;1;1;0;0;0;0;0
Tajikistan;702;2001;Pakistan;770;0;0;0;0;0;0;0;0;0;0;0
Tajikistan;702;2001;"Saudi Arabia";670;0;0;0;0;0;0;0;0;0;0;0
Tajikistan;702;2002;Afghanistan;700;0;0;0;0;0;0;0;0;0;0;0
Tajikistan;702;2002;Pakistan;770;0;0;0;0;0;0;0;0;0;0;0
Tajikistan;702;2002;"Saudi Arabia";670;0;0;0;0;0;0;0;0;0;0;0
Tajikistan;702;2003;Afghanistan;700;0;0;0;0;0;0;0;0;0;0;0
Tajikistan;702;2003;Pakistan;770;0;0;0;0;0;0;0;0;0;0;0
Tajikistan;702;2003;"Saudi Arabia";670;0;0;0;0;0;0;0;0;0;0;0
Tajikistan;702;2004;Afghanistan;700;0;0;0;0;0;0;0;0;0;0;0
Tajikistan;702;2004;Pakistan;770;0;0;0;0;0;0;0;0;0;0;0
Tajikistan;702;2004;"Saudi Arabia";670;0;0;0;0;0;0;0;0;0;0;0
Tajikistan;702;2005;Afghanistan;700;0;0;0;0;0;0;0;0;0;0;0
Tajikistan;702;2005;Pakistan;770;0;0;0;0;0;0;0;0;0;0;0
Tajikistan;702;2005;"Saudi Arabia";670;0;0;0;0;0;0;0;0;0;0;0
Tajikistan;702;2006;Afghanistan;700;0;0;0;0;0;0;0;0;0;0;0
Tajikistan;702;2006;Pakistan;770;0;0;0;0;0;0;0;0;0;0;0
Tajikistan;702;2006;"Saudi Arabia";670;0;0;0;0;0;0;0;0;0;0;0
Tajikistan;702;2007;Afghanistan;700;0;0;0;0;0;0;0;0;0;0;0
Tajikistan;702;2007;Pakistan;770;0;0;0;0;0;0;0;0;0;0;0
Tajikistan;702;2007;"Saudi Arabia";670;0;0;0;0;0;0;0;0;0;0;0
Tajikistan;702;2008;Afghanistan;700;0;0;0;0;0;0;0;0;0;0;0
Tajikistan;702;2008;Pakistan;770;0;0;0;0;0;0;0;0;0;0;0
Tajikistan;702;2008;"Saudi Arabia";670;0;0;0;0;0;0;0;0;0;0;0
Tajikistan;702;2009;Afghanistan;700;0;0;0;0;0;0;0;0;0;0;0
Tajikistan;702;2009;Pakistan;770;0;0;0;0;0;0;0;0;0;0;0
Tajikistan;702;2009;"Saudi Arabia";670;0;0;0;0;0;0;0;0;0;0;0
Tajikistan;702;2010;Afghanistan;700;0;0;0;0;0;0;0;0;0;0;0
Tajikistan;702;2010;Pakistan;770;0;0;0;0;0;0;0;0;0;0;0
Tajikistan;702;2010;"Saudi Arabia";670;0;0;0;0;0;0;0;0;0;0;0
Thailand;800;1942;Cambodia;811;1;1;1;1;0;0;0;0;0;0;0
Thailand;800;1942;China;710;1;0;0;0;0;0;0;1;0;0;0
Thailand;800;1942;Laos;812;1;1;1;1;1;1;1;1;1;0;0
Thailand;800;1943;Cambodia;811;1;1;1;1;0;0;0;0;0;0;0
Thailand;800;1943;China;710;1;0;0;0;0;0;0;1;0;0;0
Thailand;800;1943;Laos;812;1;1;1;1;1;1;1;1;1;0;0
Thailand;800;1944;Cambodia;811;1;1;1;1;0;0;0;0;0;0;0
Thailand;800;1944;China;710;1;0;0;0;0;0;0;1;0;0;0
Thailand;800;1944;Laos;812;1;1;1;1;1;1;1;1;1;0;0
Thailand;800;1945;Cambodia;811;1;1;1;1;0;0;0;0;0;0;0
Thailand;800;1945;China;710;1;0;0;0;0;0;0;1;0;0;0
Thailand;800;1945;Laos;812;1;1;1;1;1;1;1;1;1;0;0
Thailand;800;1946;Cambodia;811;1;1;1;1;0;0;0;0;0;0;0
Thailand;800;1946;China;710;1;0;0;0;0;0;0;1;0;0;0
Thailand;800;1946;Laos;812;1;1;1;1;1;1;1;1;1;0;0
Thailand;800;1947;Cambodia;811;1;1;1;1;0;0;0;0;0;0;0
Thailand;800;1947;China;710;1;0;0;0;0;0;0;1;0;0;0
Thailand;800;1947;Laos;812;1;1;1;1;1;1;1;1;1;0;0
Thailand;800;1948;Cambodia;811;1;1;1;1;0;0;0;0;0;0;0
Thailand;800;1948;China;710;1;0;0;0;0;0;0;1;0;0;0
Thailand;800;1948;Laos;812;1;1;1;1;1;1;1;1;1;0;0
Thailand;800;1949;Cambodia;811;1;1;1;1;0;0;0;0;0;0;0
Thailand;800;1949;China;710;1;0;0;0;0;0;0;1;0;0;0
Thailand;800;1949;Laos;812;1;1;1;1;1;1;1;1;1;0;0
Thailand;800;1950;Cambodia;811;1;1;1;1;0;0;0;0;0;0;0
Thailand;800;1950;China;710;1;0;0;0;0;0;0;1;0;0;0
Thailand;800;1950;Laos;812;1;1;1;1;1;1;1;1;1;0;0
Thailand;800;1951;Cambodia;811;1;1;1;1;0;0;0;0;0;0;0
Thailand;800;1951;China;710;1;0;0;0;0;0;0;1;0;0;0
Thailand;800;1951;Laos;812;1;1;1;1;1;1;1;1;1;0;0
Thailand;800;1952;Cambodia;811;1;1;1;1;0;0;0;0;0;0;0
Thailand;800;1952;China;710;1;0;0;0;0;0;0;1;0;0;0
Thailand;800;1952;Laos;812;1;1;1;1;1;1;1;1;1;0;0
Thailand;800;1953;Cambodia;811;1;1;1;1;0;0;0;0;0;0;0
Thailand;800;1953;China;710;1;0;0;0;0;0;0;1;0;0;0
Thailand;800;1953;Laos;812;1;1;1;1;1;1;1;1;1;0;0
Thailand;800;1954;Cambodia;811;1;1;1;1;0;0;0;0;0;0;0
Thailand;800;1954;China;710;1;0;0;0;0;0;0;1;0;0;0
Thailand;800;1954;Laos;812;1;1;1;1;1;1;1;1;1;0;0
Thailand;800;1955;Cambodia;811;1;1;1;1;0;0;0;0;0;0;0
Thailand;800;1955;China;710;1;0;0;0;0;0;0;1;0;0;0
Thailand;800;1955;Laos;812;1;1;1;1;1;1;1;1;1;0;0
Thailand;800;1956;Cambodia;811;1;1;1;1;0;0;0;0;0;0;0
Thailand;800;1956;China;710;1;0;0;0;0;0;0;1;0;0;0
Thailand;800;1956;Laos;812;1;1;1;1;1;1;1;1;1;0;0
Thailand;800;1957;Cambodia;811;1;1;1;1;0;0;0;0;0;0;0
Thailand;800;1957;China;710;1;0;0;0;0;0;0;1;0;0;0
Thailand;800;1957;Laos;812;1;1;1;1;1;1;1;1;1;0;0
Thailand;800;1958;Cambodia;811;1;1;1;1;0;0;0;0;0;0;0
Thailand;800;1958;China;710;1;0;0;0;0;0;0;1;0;0;0
Thailand;800;1958;Laos;812;1;1;1;1;1;1;1;1;1;0;0
Thailand;800;1959;Cambodia;811;1;1;1;1;0;0;0;0;0;0;0
Thailand;800;1959;China;710;1;0;0;0;0;0;0;1;0;0;0
Thailand;800;1959;Laos;812;1;1;1;1;1;1;1;1;1;0;0
Thailand;800;1960;Cambodia;811;1;1;1;1;0;0;0;0;0;0;0
Thailand;800;1960;China;710;1;0;0;0;0;0;0;1;0;0;0
Thailand;800;1960;Laos;812;1;1;1;1;1;1;1;1;1;0;0
Thailand;800;1961;Cambodia;811;1;1;1;1;0;0;0;0;0;0;0
Thailand;800;1961;China;710;1;0;0;0;0;0;0;1;0;0;0
Thailand;800;1961;Laos;812;1;1;1;1;1;1;1;1;1;0;0
Thailand;800;1962;Cambodia;811;1;1;1;1;0;0;0;0;0;0;0
Thailand;800;1962;China;710;1;0;0;0;0;0;0;1;0;0;0
Thailand;800;1962;Laos;812;1;1;1;1;1;1;1;1;1;0;0
Thailand;800;1963;Cambodia;811;1;1;1;1;0;0;0;0;0;0;0
Thailand;800;1963;China;710;1;0;0;0;0;0;0;1;0;0;0
Thailand;800;1963;Laos;812;1;1;1;1;1;1;1;1;1;0;0
Thailand;800;1964;Cambodia;811;1;1;1;1;0;0;0;0;0;0;0
Thailand;800;1964;China;710;1;0;0;0;0;0;0;1;0;0;0
Thailand;800;1964;Laos;812;1;1;1;1;1;1;1;1;1;0;0
Thailand;800;1965;Cambodia;811;1;1;1;1;0;0;0;0;0;0;0
Thailand;800;1965;China;710;1;0;0;0;0;0;0;1;0;0;0
Thailand;800;1965;Germany;255;0;0;0;0;0;0;0;0;0;0;0
Thailand;800;1965;Laos;812;1;1;1;1;1;1;1;1;1;0;0
Thailand;800;1965;Malaysia;820;1;1;1;1;0;0;1;1;0;0;0
Thailand;800;1966;Cambodia;811;1;1;1;1;0;0;0;0;0;0;0
Thailand;800;1966;China;710;1;0;0;0;0;0;0;1;0;0;0
Thailand;800;1966;Germany;255;0;0;0;0;0;0;0;0;0;0;0
Thailand;800;1966;Laos;812;1;1;1;1;1;1;1;1;1;0;0
Thailand;800;1966;Malaysia;820;1;1;1;1;0;0;1;1;0;0;0
Thailand;800;1967;Cambodia;811;1;1;1;1;0;0;0;0;0;0;0
Thailand;800;1967;China;710;1;0;0;0;0;0;0;1;0;0;0
Thailand;800;1967;Germany;255;0;0;0;0;0;0;0;0;0;0;0
Thailand;800;1967;Laos;812;1;1;1;1;1;1;1;1;1;0;0
Thailand;800;1967;Malaysia;820;1;1;1;1;0;0;1;1;0;0;0
Thailand;800;1968;Cambodia;811;1;1;1;1;0;0;0;0;0;0;0
Thailand;800;1968;China;710;1;0;0;0;0;0;0;1;0;0;0
Thailand;800;1968;Germany;255;0;0;0;0;0;0;0;0;0;0;0
Thailand;800;1968;Laos;812;1;1;1;1;1;1;1;1;1;0;0
Thailand;800;1968;Malaysia;820;1;1;1;1;0;0;1;1;0;0;0
Thailand;800;1969;Cambodia;811;1;1;1;1;0;0;0;0;0;0;0
Thailand;800;1969;China;710;1;0;0;0;0;0;0;1;0;0;0
Thailand;800;1969;Germany;255;0;0;0;0;0;0;0;0;0;0;0
Thailand;800;1969;Laos;812;1;1;1;1;1;1;1;1;1;0;0
Thailand;800;1969;Malaysia;820;1;1;1;1;0;0;1;1;0;0;0
Thailand;800;1970;Cambodia;811;1;1;1;1;0;0;0;0;0;0;0
Thailand;800;1970;China;710;1;0;0;0;0;0;0;1;0;0;0
Thailand;800;1970;Germany;255;0;0;0;0;0;0;0;0;0;0;0
Thailand;800;1970;Laos;812;1;1;1;1;1;1;1;1;1;0;0
Thailand;800;1970;Malaysia;820;1;1;1;1;0;0;1;1;0;0;0
Thailand;800;1971;Cambodia;811;1;1;1;1;0;0;0;0;0;0;0
Thailand;800;1971;China;710;1;0;0;0;0;0;0;1;0;0;0
Thailand;800;1971;Germany;255;0;0;0;0;0;0;0;0;0;0;0
Thailand;800;1971;Laos;812;1;1;1;1;1;1;1;1;1;0;0
Thailand;800;1971;Malaysia;820;1;1;1;1;0;0;1;1;0;0;0
Thailand;800;1972;Cambodia;811;1;1;1;1;0;0;0;0;0;0;0
Thailand;800;1972;China;710;1;0;0;0;0;0;0;1;0;0;0
Thailand;800;1972;Germany;255;0;0;0;0;0;0;0;0;0;0;0
Thailand;800;1972;Laos;812;1;1;1;1;1;1;1;1;1;0;0
Thailand;800;1972;Malaysia;820;1;1;1;1;0;0;1;1;0;0;0
Thailand;800;1973;Cambodia;811;1;1;1;1;0;0;0;0;0;0;0
Thailand;800;1973;China;710;1;0;0;0;0;0;0;1;0;0;0
Thailand;800;1973;Germany;255;0;0;0;0;0;0;0;0;0;0;0
Thailand;800;1973;Laos;812;1;1;1;1;1;1;1;1;1;0;0
Thailand;800;1973;Malaysia;820;1;1;1;1;0;0;1;1;0;0;0
Thailand;800;1974;Cambodia;811;1;1;1;1;0;0;0;0;0;0;0
Thailand;800;1974;China;710;1;0;0;0;0;0;0;1;0;0;0
Thailand;800;1974;Germany;255;0;0;0;0;0;0;0;0;0;0;0
Thailand;800;1974;Laos;812;1;1;1;1;1;1;1;1;1;0;0
Thailand;800;1974;Malaysia;820;1;1;1;1;0;0;1;1;0;0;0
Thailand;800;1975;Cambodia;811;1;1;1;1;0;0;0;0;0;0;0
Thailand;800;1975;China;710;1;0;0;0;0;0;0;1;0;0;0
Thailand;800;1975;Germany;255;0;0;0;0;0;0;0;0;0;0;0
Thailand;800;1975;Laos;812;1;1;1;1;1;1;1;1;1;0;0
Thailand;800;1975;Malaysia;820;1;1;1;1;0;0;1;1;0;0;0
Thailand;800;1976;Cambodia;811;1;1;1;1;0;0;0;0;0;0;0
Thailand;800;1976;China;710;1;0;0;0;0;0;0;1;0;0;0
Thailand;800;1976;Germany;255;0;0;0;0;0;0;0;0;0;0;0
Thailand;800;1976;Laos;812;1;1;1;1;1;1;1;1;1;0;0
Thailand;800;1976;Malaysia;820;1;1;1;1;0;0;1;1;0;0;0
Thailand;800;1977;Cambodia;811;1;1;1;1;0;0;0;0;0;0;0
Thailand;800;1977;China;710;1;0;0;0;0;0;0;1;0;0;0
Thailand;800;1977;Germany;255;0;0;0;0;0;0;0;0;0;0;0
Thailand;800;1977;Laos;812;1;1;1;1;1;1;1;1;1;0;0
Thailand;800;1977;Malaysia;820;1;1;1;1;0;0;1;1;0;0;0
Thailand;800;1978;Cambodia;811;1;1;1;1;0;0;0;0;0;0;0
Thailand;800;1978;China;710;1;0;0;0;0;0;0;1;0;0;0
Thailand;800;1978;Germany;255;0;0;0;0;0;0;0;0;0;0;0
Thailand;800;1978;Laos;812;1;1;1;1;1;1;1;1;1;0;0
Thailand;800;1978;Malaysia;820;1;1;1;1;0;0;1;1;0;0;0
Thailand;800;1979;Cambodia;811;1;1;1;1;0;0;0;0;0;0;0
Thailand;800;1979;China;710;1;0;0;0;0;0;0;1;0;0;0
Thailand;800;1979;Germany;255;0;0;0;0;0;0;0;0;0;0;0
Thailand;800;1979;Laos;812;1;1;1;1;1;1;1;1;1;0;0
Thailand;800;1979;Malaysia;820;1;1;1;1;0;0;1;1;0;0;0
Thailand;800;1980;Cambodia;811;1;1;1;1;0;0;0;0;0;0;0
Thailand;800;1980;China;710;1;0;0;0;0;0;0;1;0;0;0
Thailand;800;1980;Germany;255;0;0;0;0;0;0;0;0;0;0;0
Thailand;800;1980;Laos;812;1;1;1;1;1;1;1;1;1;0;0
Thailand;800;1980;Malaysia;820;1;1;1;1;0;0;1;1;0;0;0
Thailand;800;1981;Cambodia;811;1;1;1;1;0;0;0;0;0;0;0
Thailand;800;1981;China;710;1;0;0;0;0;0;0;1;0;0;0
Thailand;800;1981;Germany;255;0;0;0;0;0;0;0;0;0;0;0
Thailand;800;1981;Laos;812;1;1;1;1;1;1;1;1;1;0;0
Thailand;800;1981;Malaysia;820;1;1;1;1;0;0;1;1;0;0;0
Thailand;800;1982;Cambodia;811;1;1;1;1;0;0;0;0;0;0;0
Thailand;800;1982;China;710;1;0;0;0;0;0;0;1;0;0;0
Thailand;800;1982;Germany;255;0;0;0;0;0;0;0;0;0;0;0
Thailand;800;1982;Laos;812;1;1;1;1;1;1;1;1;1;0;0
Thailand;800;1982;Malaysia;820;1;1;1;1;0;0;1;1;0;0;0
Thailand;800;1983;Germany;255;0;0;0;0;0;0;0;0;0;0;0
Thailand;800;1983;Malaysia;820;1;1;1;1;0;0;1;1;0;0;0
Thailand;800;1984;Germany;255;0;0;0;0;0;0;0;0;0;0;0
Thailand;800;1984;Malaysia;820;1;1;1;1;0;0;1;1;0;0;0
Thailand;800;1985;Germany;255;0;0;0;0;0;0;0;0;0;0;0
Thailand;800;1985;Malaysia;820;1;1;1;1;0;0;1;1;0;0;0
Thailand;800;1986;Germany;255;0;0;0;0;0;0;0;0;0;0;0
Thailand;800;1986;Malaysia;820;1;1;1;1;0;0;1;1;0;0;0
Thailand;800;1987;Germany;255;0;0;0;0;0;0;0;0;0;0;0
Thailand;800;1987;Malaysia;820;1;1;1;1;0;0;1;1;0;0;0
Thailand;800;1988;Germany;255;0;0;0;0;0;0;0;0;0;0;0
Thailand;800;1988;Malaysia;820;1;1;1;1;0;0;1;1;0;0;0
Thailand;800;1989;Germany;255;0;0;0;0;0;0;0;0;0;0;0
Thailand;800;1989;Malaysia;820;1;1;1;1;0;0;1;1;0;0;0
Thailand;800;1990;Germany;255;0;0;0;0;0;0;0;0;0;0;0
Thailand;800;1990;Malaysia;820;1;1;1;1;0;0;1;1;0;0;0
Thailand;800;1991;Germany;255;0;0;0;0;0;0;0;0;0;0;0
Thailand;800;1991;Malaysia;820;1;1;1;1;0;0;1;1;0;0;0
Thailand;800;1992;Germany;255;0;0;0;0;0;0;0;0;0;0;0
Thailand;800;1992;Malaysia;820;1;1;1;1;0;0;1;1;0;0;0
Thailand;800;1993;Germany;255;0;0;0;0;0;0;0;0;0;0;0
Thailand;800;1993;Malaysia;820;1;1;1;1;0;0;1;1;0;0;0
Thailand;800;1994;Germany;255;0;0;0;0;0;0;0;0;0;0;0
Thailand;800;1994;Malaysia;820;1;1;1;1;0;0;1;1;0;0;0
Thailand;800;1995;Germany;255;0;0;0;0;0;0;0;0;0;0;0
Thailand;800;1995;Malaysia;820;1;1;1;1;0;0;1;1;0;0;0
Thailand;800;1996;Germany;255;0;0;0;0;0;0;0;0;0;0;0
Thailand;800;1996;Malaysia;820;1;1;1;1;0;0;1;1;0;0;0
Thailand;800;1997;Germany;255;0;0;0;0;0;0;0;0;0;0;0
Thailand;800;1997;Malaysia;820;1;1;1;1;0;0;1;1;0;0;0
Thailand;800;1998;Germany;255;0;0;0;0;0;0;0;0;0;0;0
Thailand;800;1998;Malaysia;820;1;1;1;1;0;0;1;1;0;0;0
Thailand;800;1999;Germany;255;0;0;0;0;0;0;0;0;0;0;0
Thailand;800;1999;Malaysia;820;1;1;1;1;0;0;1;1;0;0;0
Thailand;800;2000;Germany;255;0;0;0;0;0;0;0;0;0;0;0
Thailand;800;2000;Malaysia;820;1;1;1;1;0;0;1;1;0;0;0
Thailand;800;2001;Germany;255;0;0;0;0;0;0;0;0;0;0;0
Thailand;800;2001;Malaysia;820;1;1;1;1;0;0;1;1;0;0;0
Thailand;800;2002;Germany;255;0;0;0;0;0;0;0;0;0;0;0
Thailand;800;2002;Malaysia;820;1;1;1;1;0;0;1;1;0;0;0
Thailand;800;2003;Germany;255;0;0;0;0;0;0;0;0;0;0;0
Thailand;800;2003;Malaysia;820;1;1;1;1;0;0;1;1;0;0;0
Thailand;800;2004;Germany;255;0;0;0;0;0;0;0;0;0;0;0
Thailand;800;2004;Malaysia;820;1;1;1;1;0;0;1;1;0;0;0
Thailand;800;2005;Germany;255;0;0;0;0;0;0;0;0;0;0;0
Thailand;800;2005;Malaysia;820;1;1;1;1;0;0;1;1;0;0;0
Thailand;800;2006;Germany;255;0;0;0;0;0;0;0;0;0;0;0
Thailand;800;2006;Malaysia;820;1;1;1;1;0;0;1;1;0;0;0
Thailand;800;2007;Germany;255;0;0;0;0;0;0;0;0;0;0;0
Thailand;800;2007;Malaysia;820;1;1;1;1;0;0;1;1;0;0;0
Thailand;800;2008;Germany;255;0;0;0;0;0;0;0;0;0;0;0
Thailand;800;2008;Malaysia;820;1;1;1;1;0;0;1;1;0;0;0
Thailand;800;2009;Germany;255;0;0;0;0;0;0;0;0;0;0;0
Thailand;800;2009;Malaysia;820;1;1;1;1;0;0;1;1;0;0;0
Thailand;800;2010;Germany;255;0;0;0;0;0;0;0;0;0;0;0
Thailand;800;2010;Malaysia;820;1;1;1;1;0;0;1;1;0;0;0
"Trinidad and Tobago";52;1969;Canada;20;0;0;0;0;0;0;0;0;0;0;0
"Trinidad and Tobago";52;1969;Libya;620;0;0;0;0;0;0;0;0;0;0;0
"Trinidad and Tobago";52;1969;Sudan;625;0;0;0;0;0;0;0;0;0;0;0
"Trinidad and Tobago";52;1969;"United States of America";2;0;0;0;0;0;0;0;0;0;0;0
"Trinidad and Tobago";52;1970;Canada;20;0;0;0;0;0;0;0;0;0;0;0
"Trinidad and Tobago";52;1970;Libya;620;0;0;0;0;0;0;0;0;0;0;0
"Trinidad and Tobago";52;1970;Sudan;625;0;0;0;0;0;0;0;0;0;0;0
"Trinidad and Tobago";52;1970;"United States of America";2;0;0;0;0;0;0;0;0;0;0;0
"Trinidad and Tobago";52;1971;Canada;20;0;0;0;0;0;0;0;0;0;0;0
"Trinidad and Tobago";52;1971;Libya;620;0;0;0;0;0;0;0;0;0;0;0
"Trinidad and Tobago";52;1971;Sudan;625;0;0;0;0;0;0;0;0;0;0;0
"Trinidad and Tobago";52;1971;"United States of America";2;0;0;0;0;0;0;0;0;0;0;0
"Trinidad and Tobago";52;1972;Canada;20;0;0;0;0;0;0;0;0;0;0;0
"Trinidad and Tobago";52;1972;Libya;620;0;0;0;0;0;0;0;0;0;0;0
"Trinidad and Tobago";52;1972;Sudan;625;0;0;0;0;0;0;0;0;0;0;0
"Trinidad and Tobago";52;1972;"United States of America";2;0;0;0;0;0;0;0;0;0;0;0
"Trinidad and Tobago";52;1973;Canada;20;0;0;0;0;0;0;0;0;0;0;0
"Trinidad and Tobago";52;1973;Libya;620;0;0;0;0;0;0;0;0;0;0;0
"Trinidad and Tobago";52;1973;Sudan;625;0;0;0;0;0;0;0;0;0;0;0
"Trinidad and Tobago";52;1973;"United States of America";2;0;0;0;0;0;0;0;0;0;0;0
"Trinidad and Tobago";52;1974;Canada;20;0;0;0;0;0;0;0;0;0;0;0
"Trinidad and Tobago";52;1974;Libya;620;0;0;0;0;0;0;0;0;0;0;0
"Trinidad and Tobago";52;1974;Sudan;625;0;0;0;0;0;0;0;0;0;0;0
"Trinidad and Tobago";52;1974;"United States of America";2;0;0;0;0;0;0;0;0;0;0;0
"Trinidad and Tobago";52;1975;Canada;20;0;0;0;0;0;0;0;0;0;0;0
"Trinidad and Tobago";52;1975;Libya;620;0;0;0;0;0;0;0;0;0;0;0
"Trinidad and Tobago";52;1975;Sudan;625;0;0;0;0;0;0;0;0;0;0;0
"Trinidad and Tobago";52;1975;"United States of America";2;0;0;0;0;0;0;0;0;0;0;0
"Trinidad and Tobago";52;1976;Canada;20;0;0;0;0;0;0;0;0;0;0;0
"Trinidad and Tobago";52;1976;Libya;620;0;0;0;0;0;0;0;0;0;0;0
"Trinidad and Tobago";52;1976;Sudan;625;0;0;0;0;0;0;0;0;0;0;0
"Trinidad and Tobago";52;1976;"United States of America";2;0;0;0;0;0;0;0;0;0;0;0
"Trinidad and Tobago";52;1977;Canada;20;0;0;0;0;0;0;0;0;0;0;0
"Trinidad and Tobago";52;1977;Libya;620;0;0;0;0;0;0;0;0;0;0;0
"Trinidad and Tobago";52;1977;Sudan;625;0;0;0;0;0;0;0;0;0;0;0
"Trinidad and Tobago";52;1977;"United States of America";2;0;0;0;0;0;0;0;0;0;0;0
"Trinidad and Tobago";52;1978;Canada;20;0;0;0;0;0;0;0;0;0;0;0
"Trinidad and Tobago";52;1978;Libya;620;0;0;0;0;0;0;0;0;0;0;0
"Trinidad and Tobago";52;1978;Sudan;625;0;0;0;0;0;0;0;0;0;0;0
"Trinidad and Tobago";52;1978;"United States of America";2;0;0;0;0;0;0;0;0;0;0;0
"Trinidad and Tobago";52;1979;Canada;20;0;0;0;0;0;0;0;0;0;0;0
"Trinidad and Tobago";52;1979;Libya;620;0;0;0;0;0;0;0;0;0;0;0
"Trinidad and Tobago";52;1979;Sudan;625;0;0;0;0;0;0;0;0;0;0;0
"Trinidad and Tobago";52;1979;"United States of America";2;0;0;0;0;0;0;0;0;0;0;0
"Trinidad and Tobago";52;1980;Canada;20;0;0;0;0;0;0;0;0;0;0;0
"Trinidad and Tobago";52;1980;Libya;620;0;0;0;0;0;0;0;0;0;0;0
"Trinidad and Tobago";52;1980;Sudan;625;0;0;0;0;0;0;0;0;0;0;0
"Trinidad and Tobago";52;1980;"United States of America";2;0;0;0;0;0;0;0;0;0;0;0
"Trinidad and Tobago";52;1981;Canada;20;0;0;0;0;0;0;0;0;0;0;0
"Trinidad and Tobago";52;1981;Libya;620;0;0;0;0;0;0;0;0;0;0;0
"Trinidad and Tobago";52;1981;Sudan;625;0;0;0;0;0;0;0;0;0;0;0
"Trinidad and Tobago";52;1981;"United States of America";2;0;0;0;0;0;0;0;0;0;0;0
"Trinidad and Tobago";52;1982;Canada;20;0;0;0;0;0;0;0;0;0;0;0
"Trinidad and Tobago";52;1982;Libya;620;0;0;0;0;0;0;0;0;0;0;0
"Trinidad and Tobago";52;1982;Sudan;625;0;0;0;0;0;0;0;0;0;0;0
"Trinidad and Tobago";52;1982;"United States of America";2;0;0;0;0;0;0;0;0;0;0;0
"Trinidad and Tobago";52;1983;Canada;20;0;0;0;0;0;0;0;0;0;0;0
"Trinidad and Tobago";52;1983;Libya;620;1;0;0;0;0;0;1;1;0;0;0
"Trinidad and Tobago";52;1983;Sudan;625;0;0;0;0;0;0;0;0;0;0;0
"Trinidad and Tobago";52;1983;"United States of America";2;0;0;0;0;0;0;0;0;0;0;0
"Trinidad and Tobago";52;1984;Canada;20;0;0;0;0;0;0;0;0;0;0;0
"Trinidad and Tobago";52;1984;Libya;620;1;0;0;0;1;0;1;1;0;0;0
"Trinidad and Tobago";52;1984;Sudan;625;0;0;0;0;0;0;0;0;0;0;0
"Trinidad and Tobago";52;1984;"United States of America";2;0;0;0;0;0;0;0;0;0;0;0
"Trinidad and Tobago";52;1985;Canada;20;0;0;0;0;0;0;0;0;0;0;0
"Trinidad and Tobago";52;1985;Libya;620;1;0;0;0;1;0;1;1;0;0;0
"Trinidad and Tobago";52;1985;Sudan;625;0;0;0;0;0;0;0;0;0;0;0
"Trinidad and Tobago";52;1985;"United States of America";2;0;0;0;0;0;0;0;0;0;0;0
"Trinidad and Tobago";52;1986;Canada;20;0;0;0;0;0;0;0;0;0;0;0
"Trinidad and Tobago";52;1986;Libya;620;1;0;0;0;1;0;1;1;0;0;0
"Trinidad and Tobago";52;1986;Sudan;625;0;0;0;0;0;0;0;0;0;0;0
"Trinidad and Tobago";52;1986;"United States of America";2;0;0;0;0;0;0;0;0;0;0;0
"Trinidad and Tobago";52;1987;Canada;20;0;0;0;0;0;0;0;0;0;0;0
"Trinidad and Tobago";52;1987;Libya;620;1;0;0;0;1;0;1;1;0;0;0
"Trinidad and Tobago";52;1987;Sudan;625;0;0;0;0;0;0;0;0;0;0;0
"Trinidad and Tobago";52;1987;"United States of America";2;0;0;0;0;0;0;0;0;0;0;0
"Trinidad and Tobago";52;1988;Canada;20;0;0;0;0;0;0;0;0;0;0;0
"Trinidad and Tobago";52;1988;Libya;620;1;0;0;0;1;0;1;1;0;0;0
"Trinidad and Tobago";52;1988;Sudan;625;0;0;0;0;0;0;0;0;0;0;0
"Trinidad and Tobago";52;1988;"United States of America";2;0;0;0;0;0;0;0;0;0;0;0
"Trinidad and Tobago";52;1989;Canada;20;0;0;0;0;0;0;0;0;0;0;0
"Trinidad and Tobago";52;1989;Libya;620;1;0;0;0;1;0;1;1;0;0;0
"Trinidad and Tobago";52;1989;Sudan;625;0;0;0;0;0;0;0;0;0;0;0
"Trinidad and Tobago";52;1989;"United States of America";2;0;0;0;0;0;0;0;0;0;0;0
"Trinidad and Tobago";52;1990;Canada;20;0;0;0;0;0;0;0;0;0;0;0
"Trinidad and Tobago";52;1990;Libya;620;1;0;0;0;1;0;1;1;0;0;0
"Trinidad and Tobago";52;1990;Sudan;625;0;0;0;0;0;0;0;0;0;0;0
"Trinidad and Tobago";52;1990;"United States of America";2;0;0;0;0;0;0;0;0;0;0;0
"Trinidad and Tobago";52;1991;Canada;20;0;0;0;0;0;0;0;0;0;0;0
"Trinidad and Tobago";52;1991;Libya;620;1;0;0;0;1;0;1;1;0;0;0
"Trinidad and Tobago";52;1991;Sudan;625;0;0;0;0;0;0;0;0;0;0;0
"Trinidad and Tobago";52;1991;"United States of America";2;0;0;0;0;0;0;0;0;0;0;0
"Trinidad and Tobago";52;1992;Canada;20;0;0;0;0;0;0;0;0;0;0;0
"Trinidad and Tobago";52;1992;Libya;620;1;0;0;0;1;0;1;1;0;0;0
"Trinidad and Tobago";52;1992;Sudan;625;0;0;0;0;0;0;0;0;0;0;0
"Trinidad and Tobago";52;1992;"United States of America";2;0;0;0;0;0;0;0;0;0;0;0
"Trinidad and Tobago";52;1993;Canada;20;0;0;0;0;0;0;0;0;0;0;0
"Trinidad and Tobago";52;1993;Libya;620;1;0;0;0;1;0;1;1;0;0;0
"Trinidad and Tobago";52;1993;Sudan;625;0;0;0;0;0;0;0;0;0;0;0
"Trinidad and Tobago";52;1993;"United States of America";2;0;0;0;0;0;0;0;0;0;0;0
"Trinidad and Tobago";52;1994;Canada;20;0;0;0;0;0;0;0;0;0;0;0
"Trinidad and Tobago";52;1994;Libya;620;1;0;0;0;1;0;1;1;0;0;0
"Trinidad and Tobago";52;1994;Sudan;625;0;0;0;0;0;0;0;0;0;0;0
"Trinidad and Tobago";52;1994;"United States of America";2;0;0;0;0;0;0;0;0;0;0;0
"Trinidad and Tobago";52;1995;Canada;20;0;0;0;0;0;0;0;0;0;0;0
"Trinidad and Tobago";52;1995;Libya;620;1;0;0;0;1;0;1;1;0;0;0
"Trinidad and Tobago";52;1995;Sudan;625;0;0;0;0;0;0;0;0;0;0;0
"Trinidad and Tobago";52;1995;"United States of America";2;0;0;0;0;0;0;0;0;0;0;0
"Trinidad and Tobago";52;1996;Canada;20;0;0;0;0;0;0;0;0;0;0;0
"Trinidad and Tobago";52;1996;Libya;620;1;0;0;0;1;0;1;1;0;0;0
"Trinidad and Tobago";52;1996;Sudan;625;0;0;0;0;0;0;0;0;0;0;0
"Trinidad and Tobago";52;1996;"United States of America";2;0;0;0;0;0;0;0;0;0;0;0
"Trinidad and Tobago";52;1997;Canada;20;0;0;0;0;0;0;0;0;0;0;0
"Trinidad and Tobago";52;1997;Libya;620;1;0;0;0;1;0;1;1;0;0;0
"Trinidad and Tobago";52;1997;Sudan;625;0;0;0;0;0;0;0;0;0;0;0
"Trinidad and Tobago";52;1997;"United States of America";2;0;0;0;0;0;0;0;0;0;0;0
"Trinidad and Tobago";52;1998;Canada;20;0;0;0;0;0;0;0;0;0;0;0
"Trinidad and Tobago";52;1998;Libya;620;1;0;0;0;1;0;1;1;0;0;0
"Trinidad and Tobago";52;1998;Sudan;625;0;0;0;0;0;0;0;0;0;0;0
"Trinidad and Tobago";52;1998;"United States of America";2;0;0;0;0;0;0;0;0;0;0;0
"Trinidad and Tobago";52;1999;Canada;20;0;0;0;0;0;0;0;0;0;0;0
"Trinidad and Tobago";52;1999;Libya;620;1;0;0;0;1;0;1;1;0;0;0
"Trinidad and Tobago";52;1999;Sudan;625;0;0;0;0;0;0;0;0;0;0;0
"Trinidad and Tobago";52;1999;"United States of America";2;0;0;0;0;0;0;0;0;0;0;0
"Trinidad and Tobago";52;2000;Canada;20;0;0;0;0;0;0;0;0;0;0;0
"Trinidad and Tobago";52;2000;Libya;620;1;0;0;0;1;0;1;1;0;0;0
"Trinidad and Tobago";52;2000;Sudan;625;1;0;0;0;1;0;0;1;0;0;0
"Trinidad and Tobago";52;2000;"United States of America";2;0;0;0;0;0;0;0;0;0;0;0
"Trinidad and Tobago";52;2001;Canada;20;0;0;0;0;0;0;0;0;0;0;0
"Trinidad and Tobago";52;2001;Libya;620;1;0;0;0;1;0;1;1;0;0;0
"Trinidad and Tobago";52;2001;Sudan;625;1;0;0;0;1;0;0;1;0;0;0
"Trinidad and Tobago";52;2001;"United States of America";2;0;0;0;0;0;0;0;0;0;0;0
"Trinidad and Tobago";52;2002;Canada;20;0;0;0;0;0;0;0;0;0;0;0
"Trinidad and Tobago";52;2002;Libya;620;1;0;0;0;1;0;1;1;0;0;0
"Trinidad and Tobago";52;2002;Sudan;625;1;0;0;0;1;0;0;1;0;0;0
"Trinidad and Tobago";52;2002;"United States of America";2;0;0;0;0;0;0;0;0;0;0;0
"Trinidad and Tobago";52;2003;Canada;20;0;0;0;0;0;0;0;0;0;0;0
"Trinidad and Tobago";52;2003;Libya;620;1;0;0;0;1;0;1;1;0;0;0
"Trinidad and Tobago";52;2003;Sudan;625;1;0;0;0;1;0;0;1;0;0;0
"Trinidad and Tobago";52;2003;"United States of America";2;0;0;0;0;0;0;0;0;0;0;0
"Trinidad and Tobago";52;2004;Canada;20;0;0;0;0;0;0;0;0;0;0;0
"Trinidad and Tobago";52;2004;Libya;620;1;0;0;0;1;0;1;1;0;0;0
"Trinidad and Tobago";52;2004;Sudan;625;1;0;0;0;1;0;0;1;0;0;0
"Trinidad and Tobago";52;2004;"United States of America";2;0;0;0;0;0;0;0;0;0;0;0
"Trinidad and Tobago";52;2005;Canada;20;0;0;0;0;0;0;0;0;0;0;0
"Trinidad and Tobago";52;2005;Libya;620;1;0;0;0;1;0;1;1;0;0;0
"Trinidad and Tobago";52;2005;Sudan;625;1;0;0;0;1;0;0;1;0;0;0
"Trinidad and Tobago";52;2005;"United States of America";2;0;0;0;0;0;0;0;0;0;0;0
"Trinidad and Tobago";52;2006;Canada;20;0;0;0;0;0;0;0;0;0;0;0
"Trinidad and Tobago";52;2006;Libya;620;1;0;0;0;1;0;1;1;0;0;0
"Trinidad and Tobago";52;2006;Sudan;625;1;0;0;0;1;0;0;1;0;0;0
"Trinidad and Tobago";52;2006;"United States of America";2;0;0;0;0;0;0;0;0;0;0;0
"Trinidad and Tobago";52;2007;Canada;20;0;0;0;0;0;0;0;0;0;0;0
"Trinidad and Tobago";52;2007;Libya;620;1;0;0;0;1;0;1;1;0;0;0
"Trinidad and Tobago";52;2007;Sudan;625;1;0;0;0;1;0;0;1;0;0;0
"Trinidad and Tobago";52;2007;"United States of America";2;0;0;0;0;0;0;0;0;0;0;0
"Trinidad and Tobago";52;2008;Canada;20;0;0;0;0;0;0;0;0;0;0;0
"Trinidad and Tobago";52;2008;Libya;620;1;0;0;0;1;0;1;1;0;0;0
"Trinidad and Tobago";52;2008;Sudan;625;1;0;0;0;1;0;0;1;0;0;0
"Trinidad and Tobago";52;2008;"United States of America";2;0;0;0;0;0;0;0;0;0;0;0
"Trinidad and Tobago";52;2009;Canada;20;0;0;0;0;0;0;0;0;0;0;0
"Trinidad and Tobago";52;2009;Libya;620;1;0;0;0;1;0;1;1;0;0;0
"Trinidad and Tobago";52;2009;Sudan;625;1;0;0;0;1;0;0;1;0;0;0
"Trinidad and Tobago";52;2009;"United States of America";2;0;0;0;0;0;0;0;0;0;0;0
"Trinidad and Tobago";52;2010;Canada;20;0;0;0;0;0;0;0;0;0;0;0
"Trinidad and Tobago";52;2010;Libya;620;1;0;0;0;1;0;1;1;0;0;0
"Trinidad and Tobago";52;2010;Sudan;625;1;0;0;0;1;0;0;1;0;0;0
"Trinidad and Tobago";52;2010;"United States of America";2;0;0;0;0;0;0;0;0;0;0;0
Tunisia;616;1980;Algeria;615;0;0;0;0;0;0;0;0;0;0;0
Tunisia;616;1980;Libya;620;1;1;0;0;1;0;0;0;0;0;0
Turkey;640;1978;Belgium;211;0;0;0;0;0;0;0;0;0;0;0
Turkey;640;1978;France;220;0;0;0;0;0;0;0;0;0;0;0
Turkey;640;1978;Germany;255;0;0;0;0;0;0;0;0;0;0;0
Turkey;640;1978;Greece;350;0;0;0;0;0;0;0;0;0;0;0
Turkey;640;1978;Iran;630;0;0;0;0;0;0;0;0;0;0;0
Turkey;640;1978;Iraq;645;0;0;0;0;0;0;0;0;0;0;0
Turkey;640;1978;Italy;325;0;0;0;0;0;0;0;0;0;0;0
Turkey;640;1978;Lebanon;660;0;0;0;0;0;0;0;0;0;0;0
Turkey;640;1978;Netherlands;210;0;0;0;0;0;0;0;0;0;0;0
Turkey;640;1978;Syria;652;0;0;0;0;0;0;0;0;0;0;0
Turkey;640;1978;"United Kingdom";200;0;0;0;0;0;0;0;0;0;0;0
Turkey;640;1979;Belgium;211;0;0;0;0;0;0;0;0;0;0;0
Turkey;640;1979;France;220;0;0;0;0;0;0;0;0;0;0;0
Turkey;640;1979;Germany;255;0;0;0;0;0;0;0;0;0;0;0
Turkey;640;1979;Greece;350;0;0;0;0;0;0;0;0;0;0;0
Turkey;640;1979;Iran;630;0;0;0;0;0;0;0;0;0;0;0
Turkey;640;1979;Iraq;645;0;0;0;0;0;0;0;0;0;0;0
Turkey;640;1979;Italy;325;0;0;0;0;0;0;0;0;0;0;0
Turkey;640;1979;Lebanon;660;0;0;0;0;0;0;0;0;0;0;0
Turkey;640;1979;Netherlands;210;0;0;0;0;0;0;0;0;0;0;0
Turkey;640;1979;Syria;652;0;0;0;0;0;0;0;0;0;0;0
Turkey;640;1979;"United Kingdom";200;0;0;0;0;0;0;0;0;0;0;0
Turkey;640;1980;Belgium;211;0;0;0;0;0;0;0;0;0;0;0
Turkey;640;1980;France;220;0;0;0;0;0;0;0;0;0;0;0
Turkey;640;1980;Germany;255;0;0;0;0;0;0;0;0;0;0;0
Turkey;640;1980;Greece;350;0;0;0;0;0;0;0;0;0;0;0
Turkey;640;1980;Iran;630;0;0;0;0;0;0;0;0;0;0;0
Turkey;640;1980;Iraq;645;0;0;0;0;0;0;0;0;0;0;0
Turkey;640;1980;Italy;325;0;0;0;0;0;0;0;0;0;0;0
Turkey;640;1980;Lebanon;660;0;0;0;0;0;0;0;0;0;0;0
Turkey;640;1980;Netherlands;210;0;0;0;0;0;0;0;0;0;0;0
Turkey;640;1980;Syria;652;1;0;1;0;1;0;0;0;0;0;0
Turkey;640;1980;"United Kingdom";200;0;0;0;0;0;0;0;0;0;0;0
Turkey;640;1981;Belgium;211;0;0;0;0;0;0;0;0;0;0;0
Turkey;640;1981;France;220;0;0;0;0;0;0;0;0;0;0;0
Turkey;640;1981;Germany;255;0;0;0;0;0;0;0;0;0;0;0
Turkey;640;1981;Greece;350;0;0;0;0;0;0;0;0;0;0;0
Turkey;640;1981;Iran;630;0;0;0;0;0;0;0;0;0;0;0
Turkey;640;1981;Iraq;645;0;0;0;0;0;0;0;0;0;0;0
Turkey;640;1981;Italy;325;0;0;0;0;0;0;0;0;0;0;0
Turkey;640;1981;Lebanon;660;0;0;0;0;0;0;0;0;0;0;0
Turkey;640;1981;Netherlands;210;0;0;0;0;0;0;0;0;0;0;0
Turkey;640;1981;Syria;652;1;0;1;0;1;0;0;0;0;0;0
Turkey;640;1981;"United Kingdom";200;0;0;0;0;0;0;0;0;0;0;0
Turkey;640;1982;Belgium;211;0;0;0;0;0;0;0;0;0;0;0
Turkey;640;1982;France;220;0;0;0;0;0;0;0;0;0;0;0
Turkey;640;1982;Germany;255;0;0;0;0;0;0;0;0;0;0;0
Turkey;640;1982;Greece;350;0;0;0;0;0;0;0;0;0;0;0
Turkey;640;1982;Iran;630;0;0;0;0;0;0;0;0;0;0;0
Turkey;640;1982;Iraq;645;0;0;0;0;0;0;0;0;0;0;0
Turkey;640;1982;Italy;325;0;0;0;0;0;0;0;0;0;0;0
Turkey;640;1982;Lebanon;660;0;0;0;0;0;0;0;0;0;0;0
Turkey;640;1982;Netherlands;210;0;0;0;0;0;0;0;0;0;0;0
Turkey;640;1982;Syria;652;1;0;1;0;1;0;0;0;0;0;0
Turkey;640;1982;"United Kingdom";200;0;0;0;0;0;0;0;0;0;0;0
Turkey;640;1983;Belgium;211;0;0;0;0;0;0;0;0;0;0;0
Turkey;640;1983;France;220;0;0;0;0;0;0;0;0;0;0;0
Turkey;640;1983;Germany;255;0;0;0;0;0;0;0;0;0;0;0
Turkey;640;1983;Greece;350;0;0;0;0;0;0;0;0;0;0;0
Turkey;640;1983;Iran;630;0;0;0;0;0;0;0;0;0;0;0
Turkey;640;1983;Iraq;645;0;0;0;0;0;0;0;0;0;0;0
Turkey;640;1983;Italy;325;0;0;0;0;0;0;0;0;0;0;0
Turkey;640;1983;Lebanon;660;0;0;0;0;0;0;0;0;0;0;0
Turkey;640;1983;Netherlands;210;0;0;0;0;0;0;0;0;0;0;0
Turkey;640;1983;Syria;652;1;0;1;0;1;0;0;0;0;0;0
Turkey;640;1983;"United Kingdom";200;0;0;0;0;0;0;0;0;0;0;0
Turkey;640;1984;Belgium;211;0;0;0;0;0;0;0;0;0;0;0
Turkey;640;1984;France;220;0;0;0;0;0;0;0;0;0;0;0
Turkey;640;1984;Germany;255;0;0;0;0;0;0;0;0;0;0;0
Turkey;640;1984;Greece;350;0;0;0;0;0;0;0;0;0;0;0
Turkey;640;1984;Iran;630;0;0;0;0;0;0;0;0;0;0;0
Turkey;640;1984;Iraq;645;0;0;0;0;0;0;0;0;0;0;0
Turkey;640;1984;Italy;325;0;0;0;0;0;0;0;0;0;0;0
Turkey;640;1984;Lebanon;660;0;0;0;0;0;0;0;0;0;0;0
Turkey;640;1984;Netherlands;210;0;0;0;0;0;0;0;0;0;0;0
Turkey;640;1984;Syria;652;1;0;1;0;1;0;0;0;0;0;0
Turkey;640;1984;"United Kingdom";200;0;0;0;0;0;0;0;0;0;0;0
Turkey;640;1985;Belgium;211;0;0;0;0;0;0;0;0;0;0;0
Turkey;640;1985;France;220;0;0;0;0;0;0;0;0;0;0;0
Turkey;640;1985;Germany;255;0;0;0;0;0;0;0;0;0;0;0
Turkey;640;1985;Greece;350;0;0;0;0;0;0;0;0;0;0;0
Turkey;640;1985;Iran;630;0;0;0;0;0;0;0;0;0;0;0
Turkey;640;1985;Iraq;645;0;0;0;0;0;0;0;0;0;0;0
Turkey;640;1985;Italy;325;0;0;0;0;0;0;0;0;0;0;0
Turkey;640;1985;Lebanon;660;0;0;0;0;0;0;0;0;0;0;0
Turkey;640;1985;Netherlands;210;0;0;0;0;0;0;0;0;0;0;0
Turkey;640;1985;Syria;652;1;0;1;0;1;0;0;0;0;0;0
Turkey;640;1985;"United Kingdom";200;0;0;0;0;0;0;0;0;0;0;0
Turkey;640;1986;Belgium;211;0;0;0;0;0;0;0;0;0;0;0
Turkey;640;1986;France;220;0;0;0;0;0;0;0;0;0;0;0
Turkey;640;1986;Germany;255;0;0;0;0;0;0;0;0;0;0;0
Turkey;640;1986;Greece;350;0;0;0;0;0;0;0;0;0;0;0
Turkey;640;1986;Iran;630;0;0;0;0;0;0;0;0;0;0;0
Turkey;640;1986;Iraq;645;0;0;0;0;0;0;0;0;0;0;0
Turkey;640;1986;Italy;325;0;0;0;0;0;0;0;0;0;0;0
Turkey;640;1986;Lebanon;660;0;0;0;0;0;0;0;0;0;0;0
Turkey;640;1986;Netherlands;210;0;0;0;0;0;0;0;0;0;0;0
Turkey;640;1986;Syria;652;1;0;1;0;1;0;0;0;0;0;0
Turkey;640;1986;"United Kingdom";200;0;0;0;0;0;0;0;0;0;0;0
Turkey;640;1987;Belgium;211;0;0;0;0;0;0;0;0;0;0;0
Turkey;640;1987;France;220;0;0;0;0;0;0;0;0;0;0;0
Turkey;640;1987;Germany;255;0;0;0;0;0;0;0;0;0;0;0
Turkey;640;1987;Greece;350;0;0;0;0;0;0;0;0;0;0;0
Turkey;640;1987;Iran;630;0;0;0;0;0;0;0;0;0;0;0
Turkey;640;1987;Iraq;645;0;0;0;0;0;0;0;0;0;0;0
Turkey;640;1987;Italy;325;0;0;0;0;0;0;0;0;0;0;0
Turkey;640;1987;Lebanon;660;0;0;0;0;0;0;0;0;0;0;0
Turkey;640;1987;Netherlands;210;0;0;0;0;0;0;0;0;0;0;0
Turkey;640;1987;Syria;652;1;1;1;0;1;0;0;0;1;0;0
Turkey;640;1987;"United Kingdom";200;0;0;0;0;0;0;0;0;0;0;0
Turkey;640;1988;Belgium;211;0;0;0;0;0;0;0;0;0;0;0
Turkey;640;1988;France;220;0;0;0;0;0;0;0;0;0;0;0
Turkey;640;1988;Germany;255;0;0;0;0;0;0;0;0;0;0;0
Turkey;640;1988;Greece;350;0;0;0;0;0;0;0;0;0;0;0
Turkey;640;1988;Iran;630;0;0;0;0;0;0;0;0;0;0;0
Turkey;640;1988;Iraq;645;0;0;0;0;0;0;0;0;0;0;0
Turkey;640;1988;Italy;325;0;0;0;0;0;0;0;0;0;0;0
Turkey;640;1988;Lebanon;660;0;0;0;0;0;0;0;0;0;0;0
Turkey;640;1988;Netherlands;210;0;0;0;0;0;0;0;0;0;0;0
Turkey;640;1988;Syria;652;1;1;1;0;1;0;0;0;0;0;0
Turkey;640;1988;"United Kingdom";200;0;0;0;0;0;0;0;0;0;0;0
Turkey;640;1989;Belgium;211;0;0;0;0;0;0;0;0;0;0;0
Turkey;640;1989;France;220;0;0;0;0;0;0;0;0;0;0;0
Turkey;640;1989;Germany;255;0;0;0;0;0;0;0;0;0;0;0
Turkey;640;1989;Greece;350;0;0;0;0;0;0;0;0;0;0;0
Turkey;640;1989;Iran;630;0;0;0;0;0;0;0;0;0;0;0
Turkey;640;1989;Iraq;645;0;0;0;0;0;0;0;0;0;0;0
Turkey;640;1989;Italy;325;0;0;0;0;0;0;0;0;0;0;0
Turkey;640;1989;Lebanon;660;0;0;0;0;0;0;0;0;0;0;0
Turkey;640;1989;Netherlands;210;0;0;0;0;0;0;0;0;0;0;0
Turkey;640;1989;Syria;652;1;1;1;0;1;0;0;0;0;0;0
Turkey;640;1989;"United Kingdom";200;0;0;0;0;0;0;0;0;0;0;0
Turkey;640;1990;Belgium;211;0;0;0;0;0;0;0;0;0;0;0
Turkey;640;1990;France;220;0;0;0;0;0;0;0;0;0;0;0
Turkey;640;1990;Germany;255;0;0;0;0;0;0;0;0;0;0;0
Turkey;640;1990;Greece;350;0;0;0;0;0;0;0;0;0;0;0
Turkey;640;1990;Iran;630;0;0;0;0;0;0;0;0;0;0;0
Turkey;640;1990;Iraq;645;0;0;0;0;0;0;0;0;0;0;0
Turkey;640;1990;Italy;325;0;0;0;0;0;0;0;0;0;0;0
Turkey;640;1990;Lebanon;660;0;0;0;0;0;0;0;0;0;0;0
Turkey;640;1990;Netherlands;210;0;0;0;0;0;0;0;0;0;0;0
Turkey;640;1990;Syria;652;1;1;1;0;1;0;0;0;0;0;0
Turkey;640;1990;"United Kingdom";200;0;0;0;0;0;0;0;0;0;0;0
Turkey;640;1991;Belgium;211;0;0;0;0;0;0;0;0;0;0;0
Turkey;640;1991;France;220;0;0;0;0;0;0;0;0;0;0;0
Turkey;640;1991;Germany;255;0;0;0;0;0;0;0;0;0;0;0
Turkey;640;1991;Greece;350;0;0;0;0;0;0;0;0;0;0;0
Turkey;640;1991;Iran;630;0;0;0;0;0;0;0;0;0;0;0
Turkey;640;1991;Iraq;645;0;0;0;0;0;0;0;0;0;0;0
Turkey;640;1991;Italy;325;0;0;0;0;0;0;0;0;0;0;0
Turkey;640;1991;Lebanon;660;0;0;0;0;0;0;0;0;0;0;0
Turkey;640;1991;Netherlands;210;0;0;0;0;0;0;0;0;0;0;0
Turkey;640;1991;Syria;652;1;1;1;0;1;0;0;0;0;0;0
Turkey;640;1991;"United Kingdom";200;0;0;0;0;0;0;0;0;0;0;0
Turkey;640;1992;Belgium;211;0;0;0;0;0;0;0;0;0;0;0
Turkey;640;1992;France;220;0;0;0;0;0;0;0;0;0;0;0
Turkey;640;1992;Germany;255;0;0;0;0;0;0;0;0;0;0;0
Turkey;640;1992;Greece;350;0;0;0;0;0;0;0;0;0;0;0
Turkey;640;1992;Iran;630;1;0;0;0;0;0;1;0;0;0;0
Turkey;640;1992;Iraq;645;0;0;0;0;0;0;0;0;0;0;0
Turkey;640;1992;Italy;325;0;0;0;0;0;0;0;0;0;0;0
Turkey;640;1992;Lebanon;660;0;0;0;0;0;0;0;0;0;0;0
Turkey;640;1992;Netherlands;210;0;0;0;0;0;0;0;0;0;0;0
Turkey;640;1992;Syria;652;2;1;1;0;1;1;0;0;0;0;0
Turkey;640;1992;"United Kingdom";200;0;0;0;0;0;0;0;0;0;0;0
Turkey;640;1993;Belgium;211;0;0;0;0;0;0;0;0;0;0;0
Turkey;640;1993;France;220;0;0;0;0;0;0;0;0;0;0;0
Turkey;640;1993;Germany;255;0;0;0;0;0;0;0;0;0;0;0
Turkey;640;1993;Greece;350;0;0;0;0;0;0;0;0;0;0;0
Turkey;640;1993;Iran;630;1;0;0;0;0;0;1;0;0;0;0
Turkey;640;1993;Iraq;645;0;0;0;0;0;0;0;0;0;0;0
Turkey;640;1993;Italy;325;0;0;0;0;0;0;0;0;0;0;0
Turkey;640;1993;Lebanon;660;0;0;0;0;0;0;0;0;0;0;0
Turkey;640;1993;Netherlands;210;0;0;0;0;0;0;0;0;0;0;0
Turkey;640;1993;Syria;652;2;1;1;0;0;1;0;0;0;0;0
Turkey;640;1993;"United Kingdom";200;0;0;0;0;0;0;0;0;0;0;0
Turkey;640;1994;Belgium;211;0;0;0;0;0;0;0;0;0;0;0
Turkey;640;1994;France;220;0;0;0;0;0;0;0;0;0;0;0
Turkey;640;1994;Germany;255;0;0;0;0;0;0;0;0;0;0;0
Turkey;640;1994;Greece;350;1;0;0;0;1;0;0;0;0;0;0
Turkey;640;1994;Iran;630;1;1;0;0;0;0;1;0;0;0;0
Turkey;640;1994;Iraq;645;0;0;0;0;0;0;0;0;0;0;0
Turkey;640;1994;Italy;325;0;0;0;0;0;0;0;0;0;0;0
Turkey;640;1994;Lebanon;660;0;0;0;0;0;0;0;0;0;0;0
Turkey;640;1994;Netherlands;210;0;0;0;0;0;0;0;0;0;0;0
Turkey;640;1994;Syria;652;2;1;1;0;0;1;0;0;0;0;0
Turkey;640;1994;"United Kingdom";200;1;1;0;0;0;0;0;0;0;0;0
Turkey;640;1995;Belgium;211;0;0;0;0;0;0;0;0;0;0;0
Turkey;640;1995;France;220;0;0;0;0;0;0;0;0;0;0;0
Turkey;640;1995;Germany;255;0;0;0;0;0;0;0;0;0;0;0
Turkey;640;1995;Greece;350;1;0;0;1;1;0;0;0;0;0;0
Turkey;640;1995;Iran;630;1;1;0;0;1;0;1;0;0;0;0
Turkey;640;1995;Iraq;645;0;0;0;0;0;0;0;0;0;0;0
Turkey;640;1995;Italy;325;0;0;0;0;0;0;0;0;0;0;0
Turkey;640;1995;Lebanon;660;0;0;0;0;0;0;0;0;0;0;0
Turkey;640;1995;Netherlands;210;0;0;0;0;0;0;0;0;0;0;0
Turkey;640;1995;Syria;652;2;1;1;0;0;1;0;0;0;0;0
Turkey;640;1995;"United Kingdom";200;1;1;0;0;0;0;0;0;0;0;0
Turkey;640;1996;Belgium;211;0;0;0;0;0;0;0;0;0;0;0
Turkey;640;1996;France;220;0;0;0;0;0;0;0;0;0;0;0
Turkey;640;1996;Germany;255;0;0;0;0;0;0;0;0;0;0;0
Turkey;640;1996;Greece;350;1;0;0;1;1;0;0;0;0;0;0
Turkey;640;1996;Iran;630;1;1;0;0;1;0;1;0;0;0;0
Turkey;640;1996;Iraq;645;0;0;0;0;0;0;0;0;0;0;0
Turkey;640;1996;Italy;325;0;0;0;0;0;0;0;0;0;0;0
Turkey;640;1996;Lebanon;660;0;0;0;0;0;0;0;0;0;0;0
Turkey;640;1996;Netherlands;210;0;0;0;0;0;0;0;0;0;0;0
Turkey;640;1996;Syria;652;2;2;1;0;0;1;0;1;0;0;0
Turkey;640;1996;"United Kingdom";200;1;1;0;0;0;0;0;0;0;0;0
Turkey;640;1997;Belgium;211;0;0;0;0;0;0;0;0;0;0;0
Turkey;640;1997;France;220;0;0;0;0;0;0;0;0;0;0;0
Turkey;640;1997;Germany;255;0;0;0;0;0;0;0;0;0;0;0
Turkey;640;1997;Greece;350;1;0;0;1;0;0;0;0;0;0;0
Turkey;640;1997;Iran;630;1;1;0;0;1;0;1;0;0;0;0
Turkey;640;1997;Iraq;645;0;0;0;0;0;0;0;0;0;0;0
Turkey;640;1997;Italy;325;0;0;0;0;0;0;0;0;0;0;0
Turkey;640;1997;Lebanon;660;0;0;0;0;0;0;0;0;0;0;0
Turkey;640;1997;Netherlands;210;0;0;0;0;0;0;0;0;0;0;0
Turkey;640;1997;Syria;652;2;2;1;0;0;1;0;0;0;0;0
Turkey;640;1997;"United Kingdom";200;1;1;0;0;0;0;0;0;0;0;0
Turkey;640;1998;Belgium;211;0;0;0;0;0;0;0;0;0;0;0
Turkey;640;1998;France;220;0;0;0;0;0;0;0;0;0;0;0
Turkey;640;1998;Germany;255;0;0;0;0;0;0;0;0;0;0;0
Turkey;640;1998;Greece;350;1;0;0;1;0;0;0;0;0;0;0
Turkey;640;1998;Iran;630;1;1;0;0;1;0;1;0;0;0;0
Turkey;640;1998;Iraq;645;0;0;0;0;0;0;0;0;0;0;0
Turkey;640;1998;Italy;325;0;0;0;0;0;0;0;0;0;0;0
Turkey;640;1998;Lebanon;660;0;0;0;0;0;0;0;0;0;0;0
Turkey;640;1998;Netherlands;210;0;0;0;0;0;0;0;0;0;0;0
Turkey;640;1998;Syria;652;2;2;1;0;0;1;0;0;0;0;0
Turkey;640;1998;"United Kingdom";200;1;1;0;0;0;0;0;0;0;0;0
Turkey;640;1999;Belgium;211;0;0;0;0;0;0;0;0;0;0;0
Turkey;640;1999;France;220;0;0;0;0;0;0;0;0;0;0;0
Turkey;640;1999;Germany;255;0;0;0;0;0;0;0;0;0;0;0
Turkey;640;1999;Greece;350;0;0;0;0;0;0;0;0;0;0;0
Turkey;640;1999;Iran;630;1;1;0;0;1;0;1;0;0;0;0
Turkey;640;1999;Iraq;645;0;0;0;0;0;0;0;0;0;0;0
Turkey;640;1999;Italy;325;0;0;0;0;0;0;0;0;0;0;0
Turkey;640;1999;Lebanon;660;0;0;0;0;0;0;0;0;0;0;0
Turkey;640;1999;Netherlands;210;0;0;0;0;0;0;0;0;0;0;0
Turkey;640;1999;Syria;652;1;1;0;0;0;1;0;0;0;0;0
Turkey;640;1999;"United Kingdom";200;1;1;0;0;0;0;0;0;0;0;0
Turkey;640;2000;Belgium;211;0;0;0;0;0;0;0;0;0;0;0
Turkey;640;2000;France;220;0;0;0;0;0;0;0;0;0;0;0
Turkey;640;2000;Germany;255;0;0;0;0;0;0;0;0;0;0;0
Turkey;640;2000;Greece;350;0;0;0;0;0;0;0;0;0;0;0
Turkey;640;2000;Iran;630;1;1;1;0;1;0;1;0;0;0;0
Turkey;640;2000;Iraq;645;0;0;0;0;0;0;0;0;0;0;0
Turkey;640;2000;Italy;325;0;0;0;0;0;0;0;0;0;0;0
Turkey;640;2000;Lebanon;660;0;0;0;0;0;0;0;0;0;0;0
Turkey;640;2000;Netherlands;210;0;0;0;0;0;0;0;0;0;0;0
Turkey;640;2000;Syria;652;1;1;0;0;0;1;0;0;0;0;0
Turkey;640;2000;"United Kingdom";200;1;1;0;0;0;0;0;0;0;0;0
Turkey;640;2001;Belgium;211;0;0;0;0;0;0;0;0;0;0;0
Turkey;640;2001;France;220;0;0;0;0;0;0;0;0;0;0;0
Turkey;640;2001;Germany;255;0;0;0;0;0;0;0;0;0;0;0
Turkey;640;2001;Greece;350;0;0;0;0;0;0;0;0;0;0;0
Turkey;640;2001;Iran;630;1;1;1;0;0;0;0;0;0;0;0
Turkey;640;2001;Iraq;645;0;0;0;0;0;0;0;0;0;0;0
Turkey;640;2001;Italy;325;0;0;0;0;0;0;0;0;0;0;0
Turkey;640;2001;Lebanon;660;0;0;0;0;0;0;0;0;0;0;0
Turkey;640;2001;Netherlands;210;0;0;0;0;0;0;0;0;0;0;0
Turkey;640;2001;Syria;652;1;1;0;0;0;1;0;0;0;0;0
Turkey;640;2001;"United Kingdom";200;0;0;0;0;0;0;0;0;0;0;0
Turkey;640;2002;Belgium;211;0;0;0;0;0;0;0;0;0;0;0
Turkey;640;2002;France;220;0;0;0;0;0;0;0;0;0;0;0
Turkey;640;2002;Germany;255;0;0;0;0;0;0;0;0;0;0;0
Turkey;640;2002;Greece;350;0;0;0;0;0;0;0;0;0;0;0
Turkey;640;2002;Iran;630;1;1;1;0;0;0;0;0;0;0;0
Turkey;640;2002;Iraq;645;0;0;0;0;0;0;0;0;0;0;0
Turkey;640;2002;Italy;325;0;0;0;0;0;0;0;0;0;0;0
Turkey;640;2002;Lebanon;660;0;0;0;0;0;0;0;0;0;0;0
Turkey;640;2002;Netherlands;210;0;0;0;0;0;0;0;0;0;0;0
Turkey;640;2002;Syria;652;1;1;0;0;0;1;0;0;0;0;0
Turkey;640;2002;"United Kingdom";200;0;0;0;0;0;0;0;0;0;0;0
Turkey;640;2003;Belgium;211;0;0;0;0;0;0;0;0;0;0;0
Turkey;640;2003;France;220;0;0;0;0;0;0;0;0;0;0;0
Turkey;640;2003;Germany;255;0;0;0;0;0;0;0;0;0;0;0
Turkey;640;2003;Greece;350;0;0;0;0;0;0;0;0;0;0;0
Turkey;640;2003;Iran;630;1;1;0;0;0;0;0;0;0;0;0
Turkey;640;2003;Iraq;645;0;0;0;0;0;0;0;0;0;0;0
Turkey;640;2003;Italy;325;0;0;0;0;0;0;0;0;0;0;0
Turkey;640;2003;Lebanon;660;0;0;0;0;0;0;0;0;0;0;0
Turkey;640;2003;Netherlands;210;0;0;0;0;0;0;0;0;0;0;0
Turkey;640;2003;Syria;652;1;1;0;0;0;1;0;0;0;0;0
Turkey;640;2003;"United Kingdom";200;0;0;0;0;0;0;0;0;0;0;0
Turkey;640;2004;Belgium;211;0;0;0;0;0;0;0;0;0;0;0
Turkey;640;2004;France;220;0;0;0;0;0;0;0;0;0;0;0
Turkey;640;2004;Germany;255;0;0;0;0;0;0;0;0;0;0;0
Turkey;640;2004;Greece;350;0;0;0;0;0;0;0;0;0;0;0
Turkey;640;2004;Iran;630;1;1;0;0;0;0;0;0;0;0;0
Turkey;640;2004;Iraq;645;0;0;0;0;0;0;0;0;0;0;0
Turkey;640;2004;Italy;325;0;0;0;0;0;0;0;0;0;0;0
Turkey;640;2004;Lebanon;660;0;0;0;0;0;0;0;0;0;0;0
Turkey;640;2004;Netherlands;210;0;0;0;0;0;0;0;0;0;0;0
Turkey;640;2004;Syria;652;1;1;0;0;0;1;0;0;0;0;0
Turkey;640;2004;"United Kingdom";200;0;0;0;0;0;0;0;0;0;0;0
Turkey;640;2005;Belgium;211;0;0;0;0;0;0;0;0;0;0;0
Turkey;640;2005;France;220;0;0;0;0;0;0;0;0;0;0;0
Turkey;640;2005;Germany;255;0;0;0;0;0;0;0;0;0;0;0
Turkey;640;2005;Greece;350;0;0;0;0;0;0;0;0;0;0;0
Turkey;640;2005;Iran;630;0;0;0;0;0;0;0;0;0;0;0
Turkey;640;2005;Iraq;645;0;0;0;0;0;0;0;0;0;0;0
Turkey;640;2005;Italy;325;0;0;0;0;0;0;0;0;0;0;0
Turkey;640;2005;Lebanon;660;0;0;0;0;0;0;0;0;0;0;0
Turkey;640;2005;Netherlands;210;0;0;0;0;0;0;0;0;0;0;0
Turkey;640;2005;Syria;652;1;1;0;0;0;1;0;0;0;0;0
Turkey;640;2005;"United Kingdom";200;0;0;0;0;0;0;0;0;0;0;0
Turkey;640;2006;Belgium;211;0;0;0;0;0;0;0;0;0;0;0
Turkey;640;2006;France;220;0;0;0;0;0;0;0;0;0;0;0
Turkey;640;2006;Germany;255;0;0;0;0;0;0;0;0;0;0;0
Turkey;640;2006;Greece;350;0;0;0;0;0;0;0;0;0;0;0
Turkey;640;2006;Iran;630;0;0;0;0;0;0;0;0;0;0;0
Turkey;640;2006;Iraq;645;0;0;0;0;0;0;0;0;0;0;0
Turkey;640;2006;Italy;325;0;0;0;0;0;0;0;0;0;0;0
Turkey;640;2006;Lebanon;660;0;0;0;0;0;0;0;0;0;0;0
Turkey;640;2006;Netherlands;210;0;0;0;0;0;0;0;0;0;0;0
Turkey;640;2006;Syria;652;1;1;0;0;0;0;0;0;0;0;0
Turkey;640;2006;"United Kingdom";200;0;0;0;0;0;0;0;0;0;0;0
Turkey;640;2007;Belgium;211;0;0;0;0;0;0;0;0;0;0;0
Turkey;640;2007;France;220;0;0;0;0;0;0;0;0;0;0;0
Turkey;640;2007;Germany;255;0;0;0;0;0;0;0;0;0;0;0
Turkey;640;2007;Greece;350;0;0;0;0;0;0;0;0;0;0;0
Turkey;640;2007;Iran;630;0;0;0;0;0;0;0;0;0;0;0
Turkey;640;2007;Iraq;645;0;0;0;0;0;0;0;0;0;0;0
Turkey;640;2007;Italy;325;0;0;0;0;0;0;0;0;0;0;0
Turkey;640;2007;Lebanon;660;0;0;0;0;0;0;0;0;0;0;0
Turkey;640;2007;Netherlands;210;0;0;0;0;0;0;0;0;0;0;0
Turkey;640;2007;Syria;652;1;1;0;0;0;0;0;0;0;0;0
Turkey;640;2007;"United Kingdom";200;0;0;0;0;0;0;0;0;0;0;0
Turkey;640;2008;Belgium;211;0;0;0;0;0;0;0;0;0;0;0
Turkey;640;2008;France;220;0;0;0;0;0;0;0;0;0;0;0
Turkey;640;2008;Germany;255;0;0;0;0;0;0;0;0;0;0;0
Turkey;640;2008;Greece;350;0;0;0;0;0;0;0;0;0;0;0
Turkey;640;2008;Iran;630;0;0;0;0;0;0;0;0;0;0;0
Turkey;640;2008;Iraq;645;0;0;0;0;0;0;0;0;0;0;0
Turkey;640;2008;Italy;325;0;0;0;0;0;0;0;0;0;0;0
Turkey;640;2008;Lebanon;660;0;0;0;0;0;0;0;0;0;0;0
Turkey;640;2008;Netherlands;210;0;0;0;0;0;0;0;0;0;0;0
Turkey;640;2008;Syria;652;1;1;0;0;0;0;0;0;0;0;0
Turkey;640;2008;"United Kingdom";200;0;0;0;0;0;0;0;0;0;0;0
Turkey;640;2009;Belgium;211;0;0;0;0;0;0;0;0;0;0;0
Turkey;640;2009;France;220;0;0;0;0;0;0;0;0;0;0;0
Turkey;640;2009;Germany;255;0;0;0;0;0;0;0;0;0;0;0
Turkey;640;2009;Greece;350;0;0;0;0;0;0;0;0;0;0;0
Turkey;640;2009;Iran;630;0;0;0;0;0;0;0;0;0;0;0
Turkey;640;2009;Iraq;645;0;0;0;0;0;0;0;0;0;0;0
Turkey;640;2009;Italy;325;0;0;0;0;0;0;0;0;0;0;0
Turkey;640;2009;Lebanon;660;0;0;0;0;0;0;0;0;0;0;0
Turkey;640;2009;Netherlands;210;0;0;0;0;0;0;0;0;0;0;0
Turkey;640;2009;Syria;652;1;1;0;0;0;0;0;0;0;0;0
Turkey;640;2009;"United Kingdom";200;0;0;0;0;0;0;0;0;0;0;0
Turkey;640;2010;Belgium;211;0;0;0;0;0;0;0;0;0;0;0
Turkey;640;2010;France;220;0;0;0;0;0;0;0;0;0;0;0
Turkey;640;2010;Germany;255;0;0;0;0;0;0;0;0;0;0;0
Turkey;640;2010;Greece;350;0;0;0;0;0;0;0;0;0;0;0
Turkey;640;2010;Iran;630;0;0;0;0;0;0;0;0;0;0;0
Turkey;640;2010;Iraq;645;0;0;0;0;0;0;0;0;0;0;0
Turkey;640;2010;Italy;325;0;0;0;0;0;0;0;0;0;0;0
Turkey;640;2010;Lebanon;660;0;0;0;0;0;0;0;0;0;0;0
Turkey;640;2010;Netherlands;210;0;0;0;0;0;0;0;0;0;0;0
Turkey;640;2010;Syria;652;1;1;0;0;0;0;0;0;0;0;0
Turkey;640;2010;"United Kingdom";200;0;0;0;0;0;0;0;0;0;0;0
Uganda;500;1972;Mozambique;541;0;0;0;0;0;0;0;0;0;0;0
Uganda;500;1972;Tanzania;510;0;0;0;0;0;0;0;0;0;0;0
Uganda;500;1973;Mozambique;541;0;0;0;0;0;0;0;0;0;0;0
Uganda;500;1973;Tanzania;510;0;0;0;0;0;0;0;0;0;0;0
Uganda;500;1974;Mozambique;541;0;0;0;0;0;0;0;0;0;0;0
Uganda;500;1974;Tanzania;510;0;0;0;0;0;0;0;0;0;0;0
Uganda;500;1975;Mozambique;541;0;0;0;0;0;0;0;0;0;0;0
Uganda;500;1975;Tanzania;510;0;0;0;0;0;0;0;0;0;0;0
Uganda;500;1976;Mozambique;541;0;0;0;0;0;0;0;0;0;0;0
Uganda;500;1976;Tanzania;510;0;0;0;0;0;0;0;0;0;0;0
Uganda;500;1977;Mozambique;541;0;0;0;0;0;0;0;0;0;0;0
Uganda;500;1977;Tanzania;510;0;0;0;0;0;0;0;0;0;0;0
Uganda;500;1978;Mozambique;541;0;0;0;0;0;0;0;0;0;0;0
Uganda;500;1978;Tanzania;510;1;1;0;0;1;1;1;0;0;0;0
Uganda;500;1979;Mozambique;541;0;0;0;0;0;0;0;0;0;0;0
Uganda;500;1979;Tanzania;510;2;1;1;0;1;1;1;0;0;1;0
Uganda;500;1980;"Democratic Republic of the Congo/Zaire";490;0;0;0;0;0;0;0;0;0;0;0
Uganda;500;1980;Sudan;625;0;0;0;0;0;0;0;0;0;0;0
Uganda;500;1981;"Democratic Republic of the Congo/Zaire";490;0;0;0;0;0;0;0;0;0;0;0
Uganda;500;1981;Kenya;501;0;0;0;0;0;0;0;0;0;0;0
Uganda;500;1981;Libya;620;2;0;0;0;1;1;2;1;0;0;0
Uganda;500;1981;Mozambique;541;0;0;0;0;0;0;0;0;0;0;0
Uganda;500;1981;Sudan;625;0;0;0;0;0;0;0;0;0;0;0
Uganda;500;1981;Sweden;380;0;0;0;0;0;0;0;0;0;0;0
Uganda;500;1981;Tanzania;510;0;0;0;0;0;0;0;0;0;0;0
Uganda;500;1982;"Democratic Republic of the Congo/Zaire";490;0;0;0;0;0;0;0;0;0;0;0
Uganda;500;1982;Kenya;501;0;0;0;0;0;0;0;0;0;0;0
Uganda;500;1982;Libya;620;2;0;0;0;1;1;2;1;0;0;0
Uganda;500;1982;Mozambique;541;0;0;0;0;0;0;0;0;0;0;0
Uganda;500;1982;Sudan;625;0;0;0;0;0;0;0;0;0;0;0
Uganda;500;1982;Sweden;380;0;0;0;0;0;0;0;0;0;0;0
Uganda;500;1982;Tanzania;510;0;0;0;0;0;0;0;0;0;0;0
Uganda;500;1983;"Democratic Republic of the Congo/Zaire";490;0;0;0;0;0;0;0;0;0;0;0
Uganda;500;1983;Kenya;501;0;0;0;0;0;0;0;0;0;0;0
Uganda;500;1983;Libya;620;1;0;0;0;1;0;1;1;0;0;0
Uganda;500;1983;Mozambique;541;0;0;0;0;0;0;0;0;0;0;0
Uganda;500;1983;Sudan;625;0;0;0;0;0;0;0;0;0;0;0
Uganda;500;1983;Sweden;380;0;0;0;0;0;0;0;0;0;0;0
Uganda;500;1983;Tanzania;510;0;0;0;0;0;0;0;0;0;0;0
Uganda;500;1984;"Democratic Republic of the Congo/Zaire";490;0;0;0;0;0;0;0;0;0;0;0
Uganda;500;1984;Kenya;501;0;0;0;0;0;0;0;0;0;0;0
Uganda;500;1984;Libya;620;1;0;0;0;1;0;1;1;0;0;0
Uganda;500;1984;Mozambique;541;0;0;0;0;0;0;0;0;0;0;0
Uganda;500;1984;Sudan;625;0;0;0;0;0;0;0;0;0;0;0
Uganda;500;1984;Sweden;380;0;0;0;0;0;0;0;0;0;0;0
Uganda;500;1984;Tanzania;510;0;0;0;0;0;0;0;0;0;0;0
Uganda;500;1985;"Democratic Republic of the Congo/Zaire";490;0;0;0;0;0;0;0;0;0;0;0
Uganda;500;1985;Kenya;501;0;0;0;0;0;0;0;0;0;0;0
Uganda;500;1985;Libya;620;1;0;0;0;1;0;1;1;0;0;0
Uganda;500;1985;Mozambique;541;1;0;0;0;0;0;1;0;0;0;0
Uganda;500;1985;Sudan;625;0;0;0;0;0;0;0;0;0;0;0
Uganda;500;1985;Sweden;380;0;0;0;0;0;0;0;0;0;0;0
Uganda;500;1985;Tanzania;510;1;0;0;0;0;0;1;0;0;0;0
Uganda;500;1986;Kenya;501;0;0;0;0;0;0;0;0;0;0;0
Uganda;500;1986;Libya;620;1;0;0;0;1;0;1;0;0;0;0
Uganda;500;1986;Mozambique;541;0;0;0;0;0;0;0;0;0;0;0
Uganda;500;1986;Sudan;625;0;0;0;0;0;0;0;0;0;0;0
Uganda;500;1986;Sweden;380;0;0;0;0;0;0;0;0;0;0;0
Uganda;500;1986;Tanzania;510;0;0;0;0;0;0;0;0;0;0;0
Uganda;500;1987;"Democratic Republic of the Congo/Zaire";490;0;0;0;0;0;0;0;0;0;0;0
Uganda;500;1987;Sudan;625;1;1;0;0;1;1;1;0;0;0;1
Uganda;500;1987;"United Kingdom";200;0;0;0;0;0;0;0;0;0;0;0
Uganda;500;1988;"Democratic Republic of the Congo/Zaire";490;0;0;0;0;0;0;0;0;0;0;0
Uganda;500;1988;Sudan;625;1;1;0;0;1;1;1;0;0;0;1
Uganda;500;1988;"United Kingdom";200;1;0;1;0;0;0;0;0;0;0;0
Uganda;500;1989;"Democratic Republic of the Congo/Zaire";490;0;0;0;0;0;0;0;0;0;0;0
Uganda;500;1989;Sudan;625;1;1;0;0;1;1;1;0;0;0;1
Uganda;500;1989;"United Kingdom";200;0;0;0;0;0;0;0;0;0;0;0
Uganda;500;1990;"Democratic Republic of the Congo/Zaire";490;0;0;0;0;0;0;0;0;0;0;0
Uganda;500;1990;Sudan;625;2;1;1;0;1;1;1;0;0;0;1
Uganda;500;1990;"United Kingdom";200;0;0;0;0;0;0;0;0;0;0;0
Uganda;500;1991;"Democratic Republic of the Congo/Zaire";490;0;0;0;0;0;0;0;0;0;0;0
Uganda;500;1991;Sudan;625;1;1;0;0;1;1;1;0;0;0;1
Uganda;500;1991;"United Kingdom";200;0;0;0;0;0;0;0;0;0;0;0
Uganda;500;1992;"Democratic Republic of the Congo/Zaire";490;0;0;0;0;0;0;0;0;0;0;0
Uganda;500;1992;Sudan;625;1;1;0;0;1;1;1;0;0;0;1
Uganda;500;1992;"United Kingdom";200;0;0;0;0;0;0;0;0;0;0;0
Uganda;500;1993;"Democratic Republic of the Congo/Zaire";490;0;0;0;0;0;0;0;0;0;0;0
Uganda;500;1993;Sudan;625;1;1;0;0;1;1;1;0;0;0;1
Uganda;500;1994;"Democratic Republic of the Congo/Zaire";490;0;0;0;0;0;0;0;0;0;0;0
Uganda;500;1994;Sudan;625;1;1;0;0;1;1;1;0;0;0;1
Uganda;500;1995;"Democratic Republic of the Congo/Zaire";490;0;0;0;0;0;0;0;0;0;0;0
Uganda;500;1995;Sudan;625;2;1;0;0;1;1;2;0;0;0;1
Uganda;500;1996;Afghanistan;700;0;0;0;0;0;0;0;0;0;0;0
Uganda;500;1996;"Democratic Republic of the Congo/Zaire";490;0;0;0;0;0;0;0;0;0;0;0
Uganda;500;1996;Kenya;501;0;0;0;0;0;0;0;0;0;0;0
Uganda;500;1996;Pakistan;770;0;0;0;0;0;0;0;0;0;0;0
Uganda;500;1996;Rwanda;517;0;0;0;0;0;0;0;0;0;0;0
Uganda;500;1996;"Saudi Arabia";670;0;0;0;0;0;0;0;0;0;0;0
Uganda;500;1996;Sudan;625;4;2;0;0;2;1;4;1;0;0;1
Uganda;500;1996;Tanzania;510;0;0;0;0;0;0;0;0;0;0;0
Uganda;500;1997;Afghanistan;700;0;0;0;0;0;0;0;0;0;0;0
Uganda;500;1997;"Democratic Republic of the Congo/Zaire";490;0;0;0;0;0;0;0;0;0;0;0
Uganda;500;1997;Kenya;501;0;0;0;0;0;0;0;0;0;0;0
Uganda;500;1997;Pakistan;770;0;0;0;0;0;0;0;0;0;0;0
Uganda;500;1997;Rwanda;517;0;0;0;0;0;0;0;0;0;0;0
Uganda;500;1997;"Saudi Arabia";670;0;0;0;0;0;0;0;0;0;0;0
Uganda;500;1997;Sudan;625;4;2;0;0;2;1;4;1;0;0;1
Uganda;500;1997;Tanzania;510;0;0;0;0;0;0;0;0;0;0;0
Uganda;500;1998;Afghanistan;700;0;0;0;0;0;0;0;0;0;0;0
Uganda;500;1998;"Democratic Republic of the Congo/Zaire";490;0;0;0;0;0;0;0;0;0;0;0
Uganda;500;1998;Kenya;501;0;0;0;0;0;0;0;0;0;0;0
Uganda;500;1998;Pakistan;770;0;0;0;0;0;0;0;0;0;0;0
Uganda;500;1998;Rwanda;517;0;0;0;0;0;0;0;0;0;0;0
Uganda;500;1998;"Saudi Arabia";670;0;0;0;0;0;0;0;0;0;0;0
Uganda;500;1998;Sudan;625;3;2;1;0;2;1;2;1;0;0;1
Uganda;500;1998;Tanzania;510;0;0;0;0;0;0;0;0;0;0;0
Uganda;500;1999;Afghanistan;700;0;0;0;0;0;0;0;0;0;0;0
Uganda;500;1999;"Democratic Republic of the Congo/Zaire";490;0;0;0;0;0;0;0;0;0;0;0
Uganda;500;1999;Kenya;501;0;0;0;0;0;0;0;0;0;0;0
Uganda;500;1999;Pakistan;770;0;0;0;0;0;0;0;0;0;0;0
Uganda;500;1999;Rwanda;517;0;0;0;0;0;0;0;0;0;0;0
Uganda;500;1999;"Saudi Arabia";670;0;0;0;0;0;0;0;0;0;0;0
Uganda;500;1999;Sudan;625;3;2;1;0;2;1;2;1;0;0;1
Uganda;500;1999;Tanzania;510;0;0;0;0;0;0;0;0;0;0;0
Uganda;500;2000;Afghanistan;700;0;0;0;0;0;0;0;0;0;0;0
Uganda;500;2000;"Democratic Republic of the Congo/Zaire";490;0;0;0;0;0;0;0;0;0;0;0
Uganda;500;2000;Kenya;501;0;0;0;0;0;0;0;0;0;0;0
Uganda;500;2000;Pakistan;770;0;0;0;0;0;0;0;0;0;0;0
Uganda;500;2000;Rwanda;517;0;0;0;0;0;0;0;0;0;0;0
Uganda;500;2000;"Saudi Arabia";670;0;0;0;0;0;0;0;0;0;0;0
Uganda;500;2000;Sudan;625;3;2;1;0;2;1;2;1;0;0;1
Uganda;500;2000;Tanzania;510;0;0;0;0;0;0;0;0;0;0;0
Uganda;500;2001;Afghanistan;700;0;0;0;0;0;0;0;0;0;0;0
Uganda;500;2001;"Democratic Republic of the Congo/Zaire";490;0;0;0;0;0;0;0;0;0;0;0
Uganda;500;2001;Kenya;501;0;0;0;0;0;0;0;0;0;0;0
Uganda;500;2001;Pakistan;770;0;0;0;0;0;0;0;0;0;0;0
Uganda;500;2001;Rwanda;517;0;0;0;0;0;0;0;0;0;0;0
Uganda;500;2001;"Saudi Arabia";670;0;0;0;0;0;0;0;0;0;0;0
Uganda;500;2001;Sudan;625;3;2;1;0;2;1;2;1;0;0;1
Uganda;500;2001;Tanzania;510;0;0;0;0;0;0;0;0;0;0;0
Uganda;500;2002;Afghanistan;700;0;0;0;0;0;0;0;0;0;0;0
Uganda;500;2002;"Democratic Republic of the Congo/Zaire";490;0;0;0;0;0;0;0;0;0;0;0
Uganda;500;2002;Kenya;501;0;0;0;0;0;0;0;0;0;0;0
Uganda;500;2002;Pakistan;770;0;0;0;0;0;0;0;0;0;0;0
Uganda;500;2002;Rwanda;517;0;0;0;0;0;0;0;0;0;0;0
Uganda;500;2002;"Saudi Arabia";670;0;0;0;0;0;0;0;0;0;0;0
Uganda;500;2002;Sudan;625;2;1;1;0;1;0;1;1;0;0;0
Uganda;500;2002;Tanzania;510;0;0;0;0;0;0;0;0;0;0;0
Uganda;500;2003;Afghanistan;700;0;0;0;0;0;0;0;0;0;0;0
Uganda;500;2003;"Democratic Republic of the Congo/Zaire";490;0;0;0;0;0;0;0;0;0;0;0
Uganda;500;2003;Kenya;501;0;0;0;0;0;0;0;0;0;0;0
Uganda;500;2003;Pakistan;770;0;0;0;0;0;0;0;0;0;0;0
Uganda;500;2003;Rwanda;517;0;0;0;0;0;0;0;0;0;0;0
Uganda;500;2003;"Saudi Arabia";670;0;0;0;0;0;0;0;0;0;0;0
Uganda;500;2003;Sudan;625;1;0;0;0;0;0;1;1;0;0;0
Uganda;500;2003;Tanzania;510;0;0;0;0;0;0;0;0;0;0;0
Uganda;500;2004;Afghanistan;700;0;0;0;0;0;0;0;0;0;0;0
Uganda;500;2004;"Democratic Republic of the Congo/Zaire";490;0;0;0;0;0;0;0;0;0;0;0
Uganda;500;2004;Kenya;501;0;0;0;0;0;0;0;0;0;0;0
Uganda;500;2004;Pakistan;770;0;0;0;0;0;0;0;0;0;0;0
Uganda;500;2004;Rwanda;517;0;0;0;0;0;0;0;0;0;0;0
Uganda;500;2004;"Saudi Arabia";670;0;0;0;0;0;0;0;0;0;0;0
Uganda;500;2004;Sudan;625;1;0;0;0;0;0;1;0;0;0;0
Uganda;500;2004;Tanzania;510;0;0;0;0;0;0;0;0;0;0;0
Uganda;500;2005;Afghanistan;700;0;0;0;0;0;0;0;0;0;0;0
Uganda;500;2005;"Democratic Republic of the Congo/Zaire";490;0;0;0;0;0;0;0;0;0;0;0
Uganda;500;2005;Kenya;501;0;0;0;0;0;0;0;0;0;0;0
Uganda;500;2005;Pakistan;770;0;0;0;0;0;0;0;0;0;0;0
Uganda;500;2005;Rwanda;517;0;0;0;0;0;0;0;0;0;0;0
Uganda;500;2005;"Saudi Arabia";670;0;0;0;0;0;0;0;0;0;0;0
Uganda;500;2005;Sudan;625;1;0;0;0;0;0;1;0;0;0;0
Uganda;500;2005;Tanzania;510;0;0;0;0;0;0;0;0;0;0;0
Uganda;500;2006;Afghanistan;700;0;0;0;0;0;0;0;0;0;0;0
Uganda;500;2006;"Democratic Republic of the Congo/Zaire";490;0;0;0;0;0;0;0;0;0;0;0
Uganda;500;2006;Kenya;501;0;0;0;0;0;0;0;0;0;0;0
Uganda;500;2006;Pakistan;770;0;0;0;0;0;0;0;0;0;0;0
Uganda;500;2006;Rwanda;517;0;0;0;0;0;0;0;0;0;0;0
Uganda;500;2006;"Saudi Arabia";670;0;0;0;0;0;0;0;0;0;0;0
Uganda;500;2006;Sudan;625;1;0;0;0;1;0;1;0;0;0;0
Uganda;500;2006;Tanzania;510;0;0;0;0;0;0;0;0;0;0;0
Uganda;500;2007;Afghanistan;700;0;0;0;0;0;0;0;0;0;0;0
Uganda;500;2007;"Democratic Republic of the Congo/Zaire";490;0;0;0;0;0;0;0;0;0;0;0
Uganda;500;2007;Kenya;501;0;0;0;0;0;0;0;0;0;0;0
Uganda;500;2007;Pakistan;770;0;0;0;0;0;0;0;0;0;0;0
Uganda;500;2007;Rwanda;517;0;0;0;0;0;0;0;0;0;0;0
Uganda;500;2007;"Saudi Arabia";670;0;0;0;0;0;0;0;0;0;0;0
Uganda;500;2007;Sudan;625;1;0;0;0;1;0;0;0;0;0;0
Uganda;500;2007;Tanzania;510;0;0;0;0;0;0;0;0;0;0;0
Uganda;500;2008;Afghanistan;700;0;0;0;0;0;0;0;0;0;0;0
Uganda;500;2008;"Democratic Republic of the Congo/Zaire";490;0;0;0;0;0;0;0;0;0;0;0
Uganda;500;2008;Kenya;501;0;0;0;0;0;0;0;0;0;0;0
Uganda;500;2008;Pakistan;770;0;0;0;0;0;0;0;0;0;0;0
Uganda;500;2008;Rwanda;517;0;0;0;0;0;0;0;0;0;0;0
Uganda;500;2008;"Saudi Arabia";670;0;0;0;0;0;0;0;0;0;0;0
Uganda;500;2008;Sudan;625;0;0;0;0;0;0;0;0;0;0;0
Uganda;500;2008;Tanzania;510;0;0;0;0;0;0;0;0;0;0;0
Uganda;500;2009;Afghanistan;700;0;0;0;0;0;0;0;0;0;0;0
Uganda;500;2009;"Democratic Republic of the Congo/Zaire";490;0;0;0;0;0;0;0;0;0;0;0
Uganda;500;2009;Kenya;501;0;0;0;0;0;0;0;0;0;0;0
Uganda;500;2009;Pakistan;770;0;0;0;0;0;0;0;0;0;0;0
Uganda;500;2009;Rwanda;517;0;0;0;0;0;0;0;0;0;0;0
Uganda;500;2009;"Saudi Arabia";670;0;0;0;0;0;0;0;0;0;0;0
Uganda;500;2009;Sudan;625;0;0;0;0;0;0;0;0;0;0;0
Uganda;500;2009;Tanzania;510;0;0;0;0;0;0;0;0;0;0;0
Uganda;500;2010;Afghanistan;700;0;0;0;0;0;0;0;0;0;0;0
Uganda;500;2010;"Democratic Republic of the Congo/Zaire";490;0;0;0;0;0;0;0;0;0;0;0
Uganda;500;2010;Kenya;501;0;0;0;0;0;0;0;0;0;0;0
Uganda;500;2010;Pakistan;770;0;0;0;0;0;0;0;0;0;0;0
Uganda;500;2010;Rwanda;517;0;0;0;0;0;0;0;0;0;0;0
Uganda;500;2010;"Saudi Arabia";670;0;0;0;0;0;0;0;0;0;0;0
Uganda;500;2010;Sudan;625;0;0;0;0;0;0;0;0;0;0;0
Uganda;500;2010;Tanzania;510;0;0;0;0;0;0;0;0;0;0;0
"United Kingdom";200;1930;China;710;0;0;0;0;0;0;0;0;0;0;0
"United Kingdom";200;1930;Thailand;800;0;0;0;0;0;0;0;0;0;0;0
"United Kingdom";200;1931;China;710;0;0;0;0;0;0;0;0;0;0;0
"United Kingdom";200;1931;Thailand;800;0;0;0;0;0;0;0;0;0;0;0
"United Kingdom";200;1931;"United States of America";2;0;0;0;0;0;0;0;0;0;0;0
"United Kingdom";200;1932;China;710;0;0;0;0;0;0;0;0;0;0;0
"United Kingdom";200;1932;Thailand;800;0;0;0;0;0;0;0;0;0;0;0
"United Kingdom";200;1932;"United States of America";2;0;0;0;0;0;0;0;0;0;0;0
"United Kingdom";200;1933;China;710;0;0;0;0;0;0;0;0;0;0;0
"United Kingdom";200;1933;Thailand;800;0;0;0;0;0;0;0;0;0;0;0
"United Kingdom";200;1933;"United States of America";2;0;0;0;0;0;0;0;0;0;0;0
"United Kingdom";200;1934;China;710;0;0;0;0;0;0;0;0;0;0;0
"United Kingdom";200;1934;Thailand;800;0;0;0;0;0;0;0;0;0;0;0
"United Kingdom";200;1934;"United States of America";2;0;0;0;0;0;0;0;0;0;0;0
"United Kingdom";200;1935;China;710;0;0;0;0;0;0;0;0;0;0;0
"United Kingdom";200;1935;Thailand;800;0;0;0;0;0;0;0;0;0;0;0
"United Kingdom";200;1935;"United States of America";2;0;0;0;0;0;0;0;0;0;0;0
"United Kingdom";200;1936;China;710;0;0;0;0;0;0;0;0;0;0;0
"United Kingdom";200;1936;Thailand;800;0;0;0;0;0;0;0;0;0;0;0
"United Kingdom";200;1936;"United States of America";2;0;0;0;0;0;0;0;0;0;0;0
"United Kingdom";200;1937;China;710;0;0;0;0;0;0;0;0;0;0;0
"United Kingdom";200;1937;Thailand;800;0;0;0;0;0;0;0;0;0;0;0
"United Kingdom";200;1937;"United States of America";2;0;0;0;0;0;0;0;0;0;0;0
"United Kingdom";200;1938;China;710;0;0;0;0;0;0;0;0;0;0;0
"United Kingdom";200;1938;Thailand;800;0;0;0;0;0;0;0;0;0;0;0
"United Kingdom";200;1938;"United States of America";2;0;0;0;0;0;0;0;0;0;0;0
"United Kingdom";200;1939;China;710;0;0;0;0;0;0;0;0;0;0;0
"United Kingdom";200;1939;Thailand;800;0;0;0;0;0;0;0;0;0;0;0
"United Kingdom";200;1939;"United States of America";2;0;0;0;0;0;0;0;0;0;0;0
"United Kingdom";200;1940;China;710;0;0;0;0;0;0;0;0;0;0;0
"United Kingdom";200;1940;Thailand;800;0;0;0;0;0;0;0;0;0;0;0
"United Kingdom";200;1940;"United States of America";2;0;0;0;0;0;0;0;0;0;0;0
"United Kingdom";200;1941;China;710;0;0;0;0;0;0;0;0;0;0;0
"United Kingdom";200;1941;Thailand;800;0;0;0;0;0;0;0;0;0;0;0
"United Kingdom";200;1941;"United States of America";2;0;0;0;0;0;0;0;0;0;0;0
"United Kingdom";200;1942;China;710;0;0;0;0;0;0;0;0;0;0;0
"United Kingdom";200;1942;Thailand;800;0;0;0;0;0;0;0;0;0;0;0
"United Kingdom";200;1942;"United States of America";2;0;0;0;0;0;0;0;0;0;0;0
"United Kingdom";200;1943;China;710;0;0;0;0;0;0;0;0;0;0;0
"United Kingdom";200;1943;Thailand;800;0;0;0;0;0;0;0;0;0;0;0
"United Kingdom";200;1943;"United States of America";2;0;0;0;0;0;0;0;0;0;0;0
"United Kingdom";200;1944;China;710;0;0;0;0;0;0;0;0;0;0;0
"United Kingdom";200;1944;Thailand;800;0;0;0;0;0;0;0;0;0;0;0
"United Kingdom";200;1944;"United States of America";2;0;0;0;0;0;0;0;0;0;0;0
"United Kingdom";200;1945;China;710;0;0;0;0;0;0;0;0;0;0;0
"United Kingdom";200;1945;Thailand;800;0;0;0;0;0;0;0;0;0;0;0
"United Kingdom";200;1945;"United States of America";2;0;0;0;0;0;0;0;0;0;0;0
"United Kingdom";200;1946;China;710;0;0;0;0;0;0;0;0;0;0;0
"United Kingdom";200;1946;Thailand;800;0;0;0;0;0;0;0;0;0;0;0
"United Kingdom";200;1946;"United States of America";2;0;0;0;0;0;0;0;0;0;0;0
"United Kingdom";200;1947;China;710;0;0;0;0;0;0;0;0;0;0;0
"United Kingdom";200;1947;Thailand;800;0;0;0;0;0;0;0;0;0;0;0
"United Kingdom";200;1947;"United States of America";2;0;0;0;0;0;0;0;0;0;0;0
"United Kingdom";200;1948;China;710;0;0;0;0;0;0;0;0;0;0;0
"United Kingdom";200;1948;Thailand;800;0;0;0;0;0;0;0;0;0;0;0
"United Kingdom";200;1948;"United States of America";2;0;0;0;0;0;0;0;0;0;0;0
"United Kingdom";200;1949;China;710;0;0;0;0;0;0;0;0;0;0;0
"United Kingdom";200;1949;Thailand;800;1;1;1;0;0;0;0;0;0;0;0
"United Kingdom";200;1950;China;710;0;0;0;0;0;0;0;0;0;0;0
"United Kingdom";200;1950;Thailand;800;1;1;1;0;0;0;0;0;0;0;0
"United Kingdom";200;1951;China;710;0;0;0;0;0;0;0;0;0;0;0
"United Kingdom";200;1951;Thailand;800;1;1;1;0;0;0;0;0;0;0;0
"United Kingdom";200;1952;China;710;0;0;0;0;0;0;0;0;0;0;0
"United Kingdom";200;1952;Thailand;800;1;1;1;0;0;0;0;0;0;0;0
"United Kingdom";200;1953;China;710;0;0;0;0;0;0;0;0;0;0;0
"United Kingdom";200;1953;Thailand;800;1;1;1;0;0;0;0;0;0;0;0
"United Kingdom";200;1954;China;710;0;0;0;0;0;0;0;0;0;0;0
"United Kingdom";200;1954;Thailand;800;1;1;1;0;0;0;0;0;0;0;0
"United Kingdom";200;1955;China;710;0;0;0;0;0;0;0;0;0;0;0
"United Kingdom";200;1955;Greece;350;1;0;0;0;0;0;1;0;0;0;1
"United Kingdom";200;1955;Thailand;800;1;1;1;0;0;0;0;0;0;0;0
"United Kingdom";200;1956;China;710;0;0;0;0;0;0;0;0;0;0;0
"United Kingdom";200;1956;Greece;350;1;0;0;0;0;0;1;0;0;0;1
"United Kingdom";200;1956;Thailand;800;1;1;1;0;0;0;0;0;0;0;0
"United Kingdom";200;1957;China;710;0;0;0;0;0;0;0;0;0;0;0
"United Kingdom";200;1957;Greece;350;1;0;0;0;0;0;1;0;0;0;1
"United Kingdom";200;1957;Thailand;800;1;1;1;0;0;0;0;0;0;0;0
"United Kingdom";200;1958;China;710;0;0;0;0;0;0;0;0;0;0;0
"United Kingdom";200;1958;Greece;350;1;0;0;0;0;0;1;0;0;0;1
"United Kingdom";200;1958;Thailand;800;1;1;1;0;0;0;0;0;0;0;0
"United Kingdom";200;1959;China;710;0;0;0;0;0;0;0;0;0;0;0
"United Kingdom";200;1959;Greece;350;1;0;0;0;0;0;1;0;0;0;1
"United Kingdom";200;1959;Thailand;800;1;1;1;0;0;0;0;0;0;0;0
"United Kingdom";200;1960;China;710;0;0;0;0;0;0;0;0;0;0;0
"United Kingdom";200;1960;Thailand;800;1;1;1;0;0;0;0;0;0;0;0
"United Kingdom";200;1961;China;710;1;0;1;0;0;1;0;0;0;0;0
"United Kingdom";200;1961;Thailand;800;1;1;1;0;0;0;0;0;0;0;0
"United Kingdom";200;1962;China;710;0;0;0;0;0;0;0;0;0;0;0
"United Kingdom";200;1962;Indonesia;850;1;1;0;0;0;1;1;0;0;0;0
"United Kingdom";200;1962;Thailand;800;1;1;1;0;0;0;0;0;0;0;0
"United Kingdom";200;1963;China;710;0;0;0;0;0;0;0;0;0;0;0
"United Kingdom";200;1963;Indonesia;850;1;1;0;0;0;1;1;0;0;0;0
"United Kingdom";200;1963;Thailand;800;1;1;1;0;0;0;0;0;0;0;0
"United Kingdom";200;1964;China;710;0;0;0;0;0;0;0;0;0;0;0
"United Kingdom";200;1964;Thailand;800;1;1;1;0;0;0;0;0;0;0;0
"United Kingdom";200;1965;China;710;0;0;0;0;0;0;0;0;0;0;0
"United Kingdom";200;1965;Thailand;800;1;1;1;0;0;0;0;0;0;0;0
"United Kingdom";200;1966;China;710;0;0;0;0;0;0;0;0;0;0;0
"United Kingdom";200;1966;Thailand;800;1;1;1;0;0;0;0;0;0;0;0
"United Kingdom";200;1967;China;710;0;0;0;0;0;0;0;0;0;0;0
"United Kingdom";200;1967;Thailand;800;1;1;1;0;0;0;0;0;0;0;0
"United Kingdom";200;1968;China;710;0;0;0;0;0;0;0;0;0;0;0
"United Kingdom";200;1968;Thailand;800;1;1;1;0;0;0;0;0;0;0;0
"United Kingdom";200;1969;Bahrain;692;0;0;0;0;0;0;0;0;0;0;0
"United Kingdom";200;1969;China;710;0;0;0;0;0;0;0;0;0;0;0
"United Kingdom";200;1969;Colombia;100;0;0;0;0;0;0;0;0;0;0;0
"United Kingdom";200;1969;Estonia;366;0;0;0;0;0;0;0;0;0;0;0
"United Kingdom";200;1969;Iran;630;0;0;0;0;0;0;0;0;0;0;0
"United Kingdom";200;1969;Ireland;205;0;0;0;0;0;0;0;0;0;0;0
"United Kingdom";200;1969;Lebanon;660;0;0;0;0;0;0;0;0;0;0;0
"United Kingdom";200;1969;Libya;620;0;0;0;0;0;0;0;0;0;0;0
"United Kingdom";200;1969;Thailand;800;1;1;1;0;0;0;0;0;0;0;0
"United Kingdom";200;1969;"United States of America";2;0;0;0;0;0;0;0;0;0;0;0
"United Kingdom";200;1970;Bahrain;692;0;0;0;0;0;0;0;0;0;0;0
"United Kingdom";200;1970;China;710;0;0;0;0;0;0;0;0;0;0;0
"United Kingdom";200;1970;Colombia;100;0;0;0;0;0;0;0;0;0;0;0
"United Kingdom";200;1970;Estonia;366;0;0;0;0;0;0;0;0;0;0;0
"United Kingdom";200;1970;Iran;630;0;0;0;0;0;0;0;0;0;0;0
"United Kingdom";200;1970;Ireland;205;0;0;0;0;0;0;0;0;0;0;0
"United Kingdom";200;1970;Lebanon;660;0;0;0;0;0;0;0;0;0;0;0
"United Kingdom";200;1970;Libya;620;0;0;0;0;0;0;0;0;0;0;0
"United Kingdom";200;1970;Thailand;800;1;1;1;0;0;0;0;0;0;0;0
"United Kingdom";200;1970;"United States of America";2;0;0;0;0;0;0;0;0;0;0;0
"United Kingdom";200;1971;Bahrain;692;0;0;0;0;0;0;0;0;0;0;0
"United Kingdom";200;1971;China;710;0;0;0;0;0;0;0;0;0;0;0
"United Kingdom";200;1971;Colombia;100;0;0;0;0;0;0;0;0;0;0;0
"United Kingdom";200;1971;Estonia;366;0;0;0;0;0;0;0;0;0;0;0
"United Kingdom";200;1971;Iran;630;0;0;0;0;0;0;0;0;0;0;0
"United Kingdom";200;1971;Ireland;205;0;0;0;0;0;0;0;0;0;0;0
"United Kingdom";200;1971;Lebanon;660;0;0;0;0;0;0;0;0;0;0;0
"United Kingdom";200;1971;Libya;620;0;0;0;0;0;0;0;0;0;0;0
"United Kingdom";200;1971;Thailand;800;1;1;1;0;0;0;0;0;0;0;0
"United Kingdom";200;1971;"United States of America";2;0;0;0;0;0;0;0;0;0;0;0
"United Kingdom";200;1972;Bahrain;692;0;0;0;0;0;0;0;0;0;0;0
"United Kingdom";200;1972;China;710;0;0;0;0;0;0;0;0;0;0;0
"United Kingdom";200;1972;Colombia;100;0;0;0;0;0;0;0;0;0;0;0
"United Kingdom";200;1972;Estonia;366;0;0;0;0;0;0;0;0;0;0;0
"United Kingdom";200;1972;Iran;630;0;0;0;0;0;0;0;0;0;0;0
"United Kingdom";200;1972;Ireland;205;0;0;0;0;0;0;0;0;0;0;0
"United Kingdom";200;1972;Lebanon;660;0;0;0;0;0;0;0;0;0;0;0
"United Kingdom";200;1972;Libya;620;1;1;0;0;1;1;1;0;0;0;0
"United Kingdom";200;1972;Thailand;800;1;1;1;0;0;0;0;0;0;0;0
"United Kingdom";200;1972;"United States of America";2;0;0;0;0;0;0;0;0;0;0;0
"United Kingdom";200;1973;Bahrain;692;0;0;0;0;0;0;0;0;0;0;0
"United Kingdom";200;1973;China;710;0;0;0;0;0;0;0;0;0;0;0
"United Kingdom";200;1973;Colombia;100;0;0;0;0;0;0;0;0;0;0;0
"United Kingdom";200;1973;Estonia;366;0;0;0;0;0;0;0;0;0;0;0
"United Kingdom";200;1973;Iran;630;0;0;0;0;0;0;0;0;0;0;0
"United Kingdom";200;1973;Ireland;205;0;0;0;0;0;0;0;0;0;0;0
"United Kingdom";200;1973;Lebanon;660;0;0;0;0;0;0;0;0;0;0;0
"United Kingdom";200;1973;Libya;620;1;1;0;0;1;1;1;0;0;0;0
"United Kingdom";200;1973;Thailand;800;1;1;1;0;0;0;0;0;0;0;0
"United Kingdom";200;1973;"United States of America";2;0;0;0;0;0;0;0;0;0;0;0
"United Kingdom";200;1974;Bahrain;692;0;0;0;0;0;0;0;0;0;0;0
"United Kingdom";200;1974;China;710;0;0;0;0;0;0;0;0;0;0;0
"United Kingdom";200;1974;Colombia;100;0;0;0;0;0;0;0;0;0;0;0
"United Kingdom";200;1974;Estonia;366;0;0;0;0;0;0;0;0;0;0;0
"United Kingdom";200;1974;Iran;630;0;0;0;0;0;0;0;0;0;0;0
"United Kingdom";200;1974;Ireland;205;0;0;0;0;0;0;0;0;0;0;0
"United Kingdom";200;1974;Lebanon;660;0;0;0;0;0;0;0;0;0;0;0
"United Kingdom";200;1974;Libya;620;1;1;0;0;1;1;0;0;0;0;0
"United Kingdom";200;1974;Thailand;800;1;1;1;0;0;0;0;0;0;0;0
"United Kingdom";200;1974;"United States of America";2;0;0;0;0;0;0;0;0;0;0;0
"United Kingdom";200;1975;Bahrain;692;0;0;0;0;0;0;0;0;0;0;0
"United Kingdom";200;1975;China;710;0;0;0;0;0;0;0;0;0;0;0
"United Kingdom";200;1975;Colombia;100;0;0;0;0;0;0;0;0;0;0;0
"United Kingdom";200;1975;Estonia;366;0;0;0;0;0;0;0;0;0;0;0
"United Kingdom";200;1975;Iran;630;0;0;0;0;0;0;0;0;0;0;0
"United Kingdom";200;1975;Ireland;205;0;0;0;0;0;0;0;0;0;0;0
"United Kingdom";200;1975;Lebanon;660;0;0;0;0;0;0;0;0;0;0;0
"United Kingdom";200;1975;Libya;620;1;1;0;0;1;1;0;0;0;0;0
"United Kingdom";200;1975;Thailand;800;1;1;1;0;0;0;0;0;0;0;0
"United Kingdom";200;1975;"United States of America";2;0;0;0;0;0;0;0;0;0;0;0
"United Kingdom";200;1976;Bahrain;692;0;0;0;0;0;0;0;0;0;0;0
"United Kingdom";200;1976;China;710;0;0;0;0;0;0;0;0;0;0;0
"United Kingdom";200;1976;Colombia;100;0;0;0;0;0;0;0;0;0;0;0
"United Kingdom";200;1976;Estonia;366;0;0;0;0;0;0;0;0;0;0;0
"United Kingdom";200;1976;Iran;630;0;0;0;0;0;0;0;0;0;0;0
"United Kingdom";200;1976;Ireland;205;0;0;0;0;0;0;0;0;0;0;0
"United Kingdom";200;1976;Lebanon;660;0;0;0;0;0;0;0;0;0;0;0
"United Kingdom";200;1976;Libya;620;1;1;0;0;1;1;0;0;0;0;0
"United Kingdom";200;1976;Thailand;800;1;1;1;0;0;0;0;0;0;0;0
"United Kingdom";200;1976;"United States of America";2;0;0;0;0;0;0;0;0;0;0;0
"United Kingdom";200;1977;Bahrain;692;0;0;0;0;0;0;0;0;0;0;0
"United Kingdom";200;1977;China;710;0;0;0;0;0;0;0;0;0;0;0
"United Kingdom";200;1977;Colombia;100;0;0;0;0;0;0;0;0;0;0;0
"United Kingdom";200;1977;Estonia;366;0;0;0;0;0;0;0;0;0;0;0
"United Kingdom";200;1977;Iran;630;0;0;0;0;0;0;0;0;0;0;0
"United Kingdom";200;1977;Ireland;205;0;0;0;0;0;0;0;0;0;0;0
"United Kingdom";200;1977;Lebanon;660;0;0;0;0;0;0;0;0;0;0;0
"United Kingdom";200;1977;Libya;620;1;1;0;0;1;1;0;0;0;0;0
"United Kingdom";200;1977;Thailand;800;1;1;1;0;0;0;0;0;0;0;0
"United Kingdom";200;1977;"United States of America";2;0;0;0;0;0;0;0;0;0;0;0
"United Kingdom";200;1978;Bahrain;692;0;0;0;0;0;0;0;0;0;0;0
"United Kingdom";200;1978;China;710;0;0;0;0;0;0;0;0;0;0;0
"United Kingdom";200;1978;Colombia;100;0;0;0;0;0;0;0;0;0;0;0
"United Kingdom";200;1978;Estonia;366;0;0;0;0;0;0;0;0;0;0;0
"United Kingdom";200;1978;Iran;630;0;0;0;0;0;0;0;0;0;0;0
"United Kingdom";200;1978;Ireland;205;0;0;0;0;0;0;0;0;0;0;0
"United Kingdom";200;1978;Lebanon;660;0;0;0;0;0;0;0;0;0;0;0
"United Kingdom";200;1978;Libya;620;1;1;0;0;1;1;0;0;0;0;0
"United Kingdom";200;1978;Thailand;800;1;1;1;0;0;0;0;0;0;0;0
"United Kingdom";200;1978;"United States of America";2;0;0;0;0;0;0;0;0;0;0;0
"United Kingdom";200;1979;Bahrain;692;0;0;0;0;0;0;0;0;0;0;0
"United Kingdom";200;1979;China;710;0;0;0;0;0;0;0;0;0;0;0
"United Kingdom";200;1979;Colombia;100;0;0;0;0;0;0;0;0;0;0;0
"United Kingdom";200;1979;Estonia;366;0;0;0;0;0;0;0;0;0;0;0
"United Kingdom";200;1979;Iran;630;0;0;0;0;0;0;0;0;0;0;0
"United Kingdom";200;1979;Ireland;205;0;0;0;0;0;0;0;0;0;0;0
"United Kingdom";200;1979;Lebanon;660;0;0;0;0;0;0;0;0;0;0;0
"United Kingdom";200;1979;Libya;620;1;1;0;0;1;1;0;0;0;0;0
"United Kingdom";200;1979;Thailand;800;1;1;1;0;0;0;0;0;0;0;0
"United Kingdom";200;1979;"United States of America";2;0;0;0;0;0;0;0;0;0;0;0
"United Kingdom";200;1980;Bahrain;692;0;0;0;0;0;0;0;0;0;0;0
"United Kingdom";200;1980;China;710;0;0;0;0;0;0;0;0;0;0;0
"United Kingdom";200;1980;Colombia;100;0;0;0;0;0;0;0;0;0;0;0
"United Kingdom";200;1980;Estonia;366;0;0;0;0;0;0;0;0;0;0;0
"United Kingdom";200;1980;Iran;630;0;0;0;0;0;0;0;0;0;0;0
"United Kingdom";200;1980;Ireland;205;0;0;0;0;0;0;0;0;0;0;0
"United Kingdom";200;1980;Lebanon;660;0;0;0;0;0;0;0;0;0;0;0
"United Kingdom";200;1980;Libya;620;1;1;0;0;1;1;0;0;0;0;0
"United Kingdom";200;1980;Thailand;800;1;1;1;0;0;0;0;0;0;0;0
"United Kingdom";200;1980;"United States of America";2;0;0;0;0;0;0;0;0;0;0;0
"United Kingdom";200;1981;Bahrain;692;0;0;0;0;0;0;0;0;0;0;0
"United Kingdom";200;1981;China;710;0;0;0;0;0;0;0;0;0;0;0
"United Kingdom";200;1981;Colombia;100;0;0;0;0;0;0;0;0;0;0;0
"United Kingdom";200;1981;Estonia;366;0;0;0;0;0;0;0;0;0;0;0
"United Kingdom";200;1981;Iran;630;0;0;0;0;0;0;0;0;0;0;0
"United Kingdom";200;1981;Ireland;205;0;0;0;0;0;0;0;0;0;0;0
"United Kingdom";200;1981;Lebanon;660;0;0;0;0;0;0;0;0;0;0;0
"United Kingdom";200;1981;Libya;620;1;1;0;0;1;1;0;0;0;0;0
"United Kingdom";200;1981;Thailand;800;1;1;1;0;0;0;0;0;0;0;0
"United Kingdom";200;1981;"United States of America";2;0;0;0;0;0;0;0;0;0;0;0
"United Kingdom";200;1982;Bahrain;692;0;0;0;0;0;0;0;0;0;0;0
"United Kingdom";200;1982;China;710;0;0;0;0;0;0;0;0;0;0;0
"United Kingdom";200;1982;Colombia;100;0;0;0;0;0;0;0;0;0;0;0
"United Kingdom";200;1982;Estonia;366;0;0;0;0;0;0;0;0;0;0;0
"United Kingdom";200;1982;Iran;630;0;0;0;0;0;0;0;0;0;0;0
"United Kingdom";200;1982;Ireland;205;0;0;0;0;0;0;0;0;0;0;0
"United Kingdom";200;1982;Lebanon;660;0;0;0;0;0;0;0;0;0;0;0
"United Kingdom";200;1982;Libya;620;1;1;0;0;1;1;0;0;0;0;0
"United Kingdom";200;1982;Thailand;800;1;1;1;0;0;0;0;0;0;0;0
"United Kingdom";200;1982;"United States of America";2;0;0;0;0;0;0;0;0;0;0;0
"United Kingdom";200;1983;Bahrain;692;0;0;0;0;0;0;0;0;0;0;0
"United Kingdom";200;1983;China;710;0;0;0;0;0;0;0;0;0;0;0
"United Kingdom";200;1983;Colombia;100;0;0;0;0;0;0;0;0;0;0;0
"United Kingdom";200;1983;Estonia;366;0;0;0;0;0;0;0;0;0;0;0
"United Kingdom";200;1983;Iran;630;0;0;0;0;0;0;0;0;0;0;0
"United Kingdom";200;1983;Ireland;205;0;0;0;0;0;0;0;0;0;0;0
"United Kingdom";200;1983;Lebanon;660;0;0;0;0;0;0;0;0;0;0;0
"United Kingdom";200;1983;Libya;620;1;1;0;0;1;1;0;0;0;0;0
"United Kingdom";200;1983;Thailand;800;1;1;1;0;0;0;0;0;0;0;0
"United Kingdom";200;1983;"United States of America";2;0;0;0;0;0;0;0;0;0;0;0
"United Kingdom";200;1984;Bahrain;692;0;0;0;0;0;0;0;0;0;0;0
"United Kingdom";200;1984;China;710;0;0;0;0;0;0;0;0;0;0;0
"United Kingdom";200;1984;Colombia;100;0;0;0;0;0;0;0;0;0;0;0
"United Kingdom";200;1984;Estonia;366;0;0;0;0;0;0;0;0;0;0;0
"United Kingdom";200;1984;Iran;630;1;0;0;0;0;0;0;1;0;0;0
"United Kingdom";200;1984;Ireland;205;0;0;0;0;0;0;0;0;0;0;0
"United Kingdom";200;1984;Lebanon;660;0;0;0;0;0;0;0;0;0;0;0
"United Kingdom";200;1984;Libya;620;1;1;0;0;1;1;0;0;0;0;0
"United Kingdom";200;1984;Thailand;800;1;1;1;0;0;0;0;0;0;0;0
"United Kingdom";200;1984;"United States of America";2;0;0;0;0;0;0;0;0;0;0;0
"United Kingdom";200;1985;Bahrain;692;0;0;0;0;0;0;0;0;0;0;0
"United Kingdom";200;1985;China;710;0;0;0;0;0;0;0;0;0;0;0
"United Kingdom";200;1985;Colombia;100;0;0;0;0;0;0;0;0;0;0;0
"United Kingdom";200;1985;Estonia;366;0;0;0;0;0;0;0;0;0;0;0
"United Kingdom";200;1985;Iran;630;1;0;0;0;0;0;0;1;0;0;0
"United Kingdom";200;1985;Ireland;205;0;0;0;0;0;0;0;0;0;0;0
"United Kingdom";200;1985;Lebanon;660;0;0;0;0;0;0;0;0;0;0;0
"United Kingdom";200;1985;Libya;620;1;1;0;0;1;1;1;0;0;0;0
"United Kingdom";200;1985;Thailand;800;1;1;1;0;0;0;0;0;0;0;0
"United Kingdom";200;1985;"United States of America";2;0;0;0;0;0;0;0;0;0;0;0
"United Kingdom";200;1986;Bahrain;692;0;0;0;0;0;0;0;0;0;0;0
"United Kingdom";200;1986;China;710;0;0;0;0;0;0;0;0;0;0;0
"United Kingdom";200;1986;Colombia;100;0;0;0;0;0;0;0;0;0;0;0
"United Kingdom";200;1986;Estonia;366;0;0;0;0;0;0;0;0;0;0;0
"United Kingdom";200;1986;Iran;630;1;0;0;0;0;0;0;1;0;0;0
"United Kingdom";200;1986;Ireland;205;0;0;0;0;0;0;0;0;0;0;0
"United Kingdom";200;1986;Lebanon;660;0;0;0;0;0;0;0;0;0;0;0
"United Kingdom";200;1986;Libya;620;1;1;0;0;1;1;1;1;0;0;0
"United Kingdom";200;1986;Thailand;800;1;1;1;0;0;0;0;0;0;0;0
"United Kingdom";200;1986;"United States of America";2;0;0;0;0;0;0;0;0;0;0;0
"United Kingdom";200;1987;Bahrain;692;0;0;0;0;0;0;0;0;0;0;0
"United Kingdom";200;1987;China;710;0;0;0;0;0;0;0;0;0;0;0
"United Kingdom";200;1987;Colombia;100;0;0;0;0;0;0;0;0;0;0;0
"United Kingdom";200;1987;Estonia;366;0;0;0;0;0;0;0;0;0;0;0
"United Kingdom";200;1987;Iran;630;1;0;0;0;0;0;0;1;0;0;0
"United Kingdom";200;1987;Ireland;205;0;0;0;0;0;0;0;0;0;0;0
"United Kingdom";200;1987;Lebanon;660;0;0;0;0;0;0;0;0;0;0;0
"United Kingdom";200;1987;Libya;620;1;1;0;0;1;1;1;1;0;0;0
"United Kingdom";200;1987;Thailand;800;1;1;1;0;0;0;0;0;0;0;0
"United Kingdom";200;1987;"United States of America";2;0;0;0;0;0;0;0;0;0;0;0
"United Kingdom";200;1988;Bahrain;692;0;0;0;0;0;0;0;0;0;0;0
"United Kingdom";200;1988;China;710;0;0;0;0;0;0;0;0;0;0;0
"United Kingdom";200;1988;Colombia;100;0;0;0;0;0;0;0;0;0;0;0
"United Kingdom";200;1988;Estonia;366;0;0;0;0;0;0;0;0;0;0;0
"United Kingdom";200;1988;Iran;630;1;0;0;0;0;0;0;1;0;0;0
"United Kingdom";200;1988;Ireland;205;0;0;0;0;0;0;0;0;0;0;0
"United Kingdom";200;1988;Lebanon;660;0;0;0;0;0;0;0;0;0;0;0
"United Kingdom";200;1988;Libya;620;1;1;0;0;1;1;1;1;0;0;0
"United Kingdom";200;1988;Thailand;800;1;1;1;0;0;0;0;0;0;0;0
"United Kingdom";200;1988;"United States of America";2;0;0;0;0;0;0;0;0;0;0;0
"United Kingdom";200;1989;Bahrain;692;0;0;0;0;0;0;0;0;0;0;0
"United Kingdom";200;1989;China;710;0;0;0;0;0;0;0;0;0;0;0
"United Kingdom";200;1989;Colombia;100;0;0;0;0;0;0;0;0;0;0;0
"United Kingdom";200;1989;Estonia;366;0;0;0;0;0;0;0;0;0;0;0
"United Kingdom";200;1989;Iran;630;1;0;0;0;0;0;0;1;0;0;0
"United Kingdom";200;1989;Ireland;205;0;0;0;0;0;0;0;0;0;0;0
"United Kingdom";200;1989;Lebanon;660;0;0;0;0;0;0;0;0;0;0;0
"United Kingdom";200;1989;Libya;620;1;1;0;0;1;1;1;1;0;0;0
"United Kingdom";200;1989;Thailand;800;1;1;1;0;0;0;0;0;0;0;0
"United Kingdom";200;1989;"United States of America";2;0;0;0;0;0;0;0;0;0;0;0
"United Kingdom";200;1990;Bahrain;692;0;0;0;0;0;0;0;0;0;0;0
"United Kingdom";200;1990;Colombia;100;0;0;0;0;0;0;0;0;0;0;0
"United Kingdom";200;1990;Estonia;366;0;0;0;0;0;0;0;0;0;0;0
"United Kingdom";200;1990;Iran;630;1;0;0;0;0;0;0;1;0;0;0
"United Kingdom";200;1990;Ireland;205;0;0;0;0;0;0;0;0;0;0;0
"United Kingdom";200;1990;Lebanon;660;0;0;0;0;0;0;0;0;0;0;0
"United Kingdom";200;1990;Libya;620;1;1;0;0;1;1;1;1;0;0;0
"United Kingdom";200;1990;Thailand;800;0;0;0;0;0;0;0;0;0;0;0
"United Kingdom";200;1990;"United States of America";2;0;0;0;0;0;0;0;0;0;0;0
"United Kingdom";200;1991;Bahrain;692;0;0;0;0;0;0;0;0;0;0;0
"United Kingdom";200;1991;Colombia;100;0;0;0;0;0;0;0;0;0;0;0
"United Kingdom";200;1991;Estonia;366;0;0;0;0;0;0;0;0;0;0;0
"United Kingdom";200;1991;Iran;630;1;0;0;0;0;0;0;1;0;0;0
"United Kingdom";200;1991;Ireland;205;0;0;0;0;0;0;0;0;0;0;0
"United Kingdom";200;1991;Lebanon;660;0;0;0;0;0;0;0;0;0;0;0
"United Kingdom";200;1991;Libya;620;1;1;0;0;1;1;1;1;0;0;0
"United Kingdom";200;1991;Thailand;800;0;0;0;0;0;0;0;0;0;0;0
"United Kingdom";200;1991;"United States of America";2;0;0;0;0;0;0;0;0;0;0;0
"United Kingdom";200;1992;Bahrain;692;0;0;0;0;0;0;0;0;0;0;0
"United Kingdom";200;1992;Colombia;100;0;0;0;0;0;0;0;0;0;0;0
"United Kingdom";200;1992;Estonia;366;0;0;0;0;0;0;0;0;0;0;0
"United Kingdom";200;1992;Iran;630;1;0;0;0;0;0;0;1;0;0;0
"United Kingdom";200;1992;Ireland;205;0;0;0;0;0;0;0;0;0;0;0
"United Kingdom";200;1992;Lebanon;660;0;0;0;0;0;0;0;0;0;0;0
"United Kingdom";200;1992;Libya;620;0;0;0;0;0;0;0;0;0;0;0
"United Kingdom";200;1992;Thailand;800;0;0;0;0;0;0;0;0;0;0;0
"United Kingdom";200;1992;"United States of America";2;0;0;0;0;0;0;0;0;0;0;0
"United Kingdom";200;1993;Bahrain;692;0;0;0;0;0;0;0;0;0;0;0
"United Kingdom";200;1993;Colombia;100;0;0;0;0;0;0;0;0;0;0;0
"United Kingdom";200;1993;Estonia;366;0;0;0;0;0;0;0;0;0;0;0
"United Kingdom";200;1993;Iran;630;1;0;0;0;0;0;0;1;0;0;0
"United Kingdom";200;1993;Ireland;205;0;0;0;0;0;0;0;0;0;0;0
"United Kingdom";200;1993;Lebanon;660;0;0;0;0;0;0;0;0;0;0;0
"United Kingdom";200;1993;Libya;620;0;0;0;0;0;0;0;0;0;0;0
"United Kingdom";200;1993;Thailand;800;0;0;0;0;0;0;0;0;0;0;0
"United Kingdom";200;1993;"United States of America";2;0;0;0;0;0;0;0;0;0;0;0
"United Kingdom";200;1994;Bahrain;692;0;0;0;0;0;0;0;0;0;0;0
"United Kingdom";200;1994;Colombia;100;0;0;0;0;0;0;0;0;0;0;0
"United Kingdom";200;1994;Estonia;366;0;0;0;0;0;0;0;0;0;0;0
"United Kingdom";200;1994;Iran;630;1;0;0;0;0;0;1;1;0;0;0
"United Kingdom";200;1994;Ireland;205;0;0;0;0;0;0;0;0;0;0;0
"United Kingdom";200;1994;Lebanon;660;0;0;0;0;0;0;0;0;0;0;0
"United Kingdom";200;1994;Libya;620;0;0;0;0;0;0;0;0;0;0;0
"United Kingdom";200;1994;Thailand;800;0;0;0;0;0;0;0;0;0;0;0
"United Kingdom";200;1994;"United States of America";2;0;0;0;0;0;0;0;0;0;0;0
"United Kingdom";200;1995;Bahrain;692;0;0;0;0;0;0;0;0;0;0;0
"United Kingdom";200;1995;Colombia;100;0;0;0;0;0;0;0;0;0;0;0
"United Kingdom";200;1995;Estonia;366;0;0;0;0;0;0;0;0;0;0;0
"United Kingdom";200;1995;Iran;630;0;0;0;0;0;0;0;0;0;0;0
"United Kingdom";200;1995;Ireland;205;0;0;0;0;0;0;0;0;0;0;0
"United Kingdom";200;1995;Lebanon;660;0;0;0;0;0;0;0;0;0;0;0
"United Kingdom";200;1995;Libya;620;0;0;0;0;0;0;0;0;0;0;0
"United Kingdom";200;1995;Thailand;800;0;0;0;0;0;0;0;0;0;0;0
"United Kingdom";200;1995;"United States of America";2;0;0;0;0;0;0;0;0;0;0;0
"United Kingdom";200;1996;Bahrain;692;0;0;0;0;0;0;0;0;0;0;0
"United Kingdom";200;1996;Colombia;100;0;0;0;0;0;0;0;0;0;0;0
"United Kingdom";200;1996;Estonia;366;0;0;0;0;0;0;0;0;0;0;0
"United Kingdom";200;1996;Iran;630;0;0;0;0;0;0;0;0;0;0;0
"United Kingdom";200;1996;Ireland;205;0;0;0;0;0;0;0;0;0;0;0
"United Kingdom";200;1996;Lebanon;660;0;0;0;0;0;0;0;0;0;0;0
"United Kingdom";200;1996;Libya;620;0;0;0;0;0;0;0;0;0;0;0
"United Kingdom";200;1996;Thailand;800;0;0;0;0;0;0;0;0;0;0;0
"United Kingdom";200;1996;"United States of America";2;0;0;0;0;0;0;0;0;0;0;0
"United Kingdom";200;1997;Bahrain;692;0;0;0;0;0;0;0;0;0;0;0
"United Kingdom";200;1997;Colombia;100;0;0;0;0;0;0;0;0;0;0;0
"United Kingdom";200;1997;Croatia;344;0;0;0;0;0;0;0;0;0;0;0
"United Kingdom";200;1997;Estonia;366;0;0;0;0;0;0;0;0;0;0;0
"United Kingdom";200;1997;France;220;0;0;0;0;0;0;0;0;0;0;0
"United Kingdom";200;1997;Iran;630;0;0;0;0;0;0;0;0;0;0;0
"United Kingdom";200;1997;Ireland;205;0;0;0;0;0;0;0;0;0;0;0
"United Kingdom";200;1997;Lebanon;660;0;0;0;0;0;0;0;0;0;0;0
"United Kingdom";200;1997;Libya;620;0;0;0;0;0;0;0;0;0;0;0
"United Kingdom";200;1997;Slovakia;317;0;0;0;0;0;0;0;0;0;0;0
"United Kingdom";200;1997;Thailand;800;0;0;0;0;0;0;0;0;0;0;0
"United Kingdom";200;1997;"United States of America";2;0;0;0;0;0;0;0;0;0;0;0
"United Kingdom";200;1998;Bahrain;692;0;0;0;0;0;0;0;0;0;0;0
"United Kingdom";200;1998;Colombia;100;0;0;0;0;0;0;0;0;0;0;0
"United Kingdom";200;1998;Croatia;344;0;0;0;0;0;0;0;0;0;0;0
"United Kingdom";200;1998;Estonia;366;0;0;0;0;0;0;0;0;0;0;0
"United Kingdom";200;1998;France;220;0;0;0;0;0;0;0;0;0;0;0
"United Kingdom";200;1998;Iran;630;0;0;0;0;0;0;0;0;0;0;0
"United Kingdom";200;1998;Ireland;205;0;0;0;0;0;0;0;0;0;0;0
"United Kingdom";200;1998;Lebanon;660;0;0;0;0;0;0;0;0;0;0;0
"United Kingdom";200;1998;Libya;620;0;0;0;0;0;0;0;0;0;0;0
"United Kingdom";200;1998;Slovakia;317;0;0;0;0;0;0;0;0;0;0;0
"United Kingdom";200;1998;Thailand;800;0;0;0;0;0;0;0;0;0;0;0
"United Kingdom";200;1998;"United States of America";2;0;0;0;0;0;0;0;0;0;0;0
"United Kingdom";200;1999;Bahrain;692;0;0;0;0;0;0;0;0;0;0;0
"United Kingdom";200;1999;Colombia;100;0;0;0;0;0;0;0;0;0;0;0
"United Kingdom";200;1999;Croatia;344;0;0;0;0;0;0;0;0;0;0;0
"United Kingdom";200;1999;Estonia;366;0;0;0;0;0;0;0;0;0;0;0
"United Kingdom";200;1999;France;220;0;0;0;0;0;0;0;0;0;0;0
"United Kingdom";200;1999;Iran;630;0;0;0;0;0;0;0;0;0;0;0
"United Kingdom";200;1999;Ireland;205;0;0;0;0;0;0;0;0;0;0;0
"United Kingdom";200;1999;Lebanon;660;0;0;0;0;0;0;0;0;0;0;0
"United Kingdom";200;1999;Libya;620;0;0;0;0;0;0;0;0;0;0;0
"United Kingdom";200;1999;Slovakia;317;0;0;0;0;0;0;0;0;0;0;0
"United Kingdom";200;1999;Thailand;800;0;0;0;0;0;0;0;0;0;0;0
"United Kingdom";200;1999;"United States of America";2;0;0;0;0;0;0;0;0;0;0;0
"United Kingdom";200;2000;Bahrain;692;0;0;0;0;0;0;0;0;0;0;0
"United Kingdom";200;2000;Colombia;100;0;0;0;0;0;0;0;0;0;0;0
"United Kingdom";200;2000;Croatia;344;0;0;0;0;0;0;0;0;0;0;0
"United Kingdom";200;2000;Estonia;366;0;0;0;0;0;0;0;0;0;0;0
"United Kingdom";200;2000;France;220;0;0;0;0;0;0;0;0;0;0;0
"United Kingdom";200;2000;Iran;630;0;0;0;0;0;0;0;0;0;0;0
"United Kingdom";200;2000;Ireland;205;0;0;0;0;0;0;0;0;0;0;0
"United Kingdom";200;2000;Lebanon;660;0;0;0;0;0;0;0;0;0;0;0
"United Kingdom";200;2000;Libya;620;0;0;0;0;0;0;0;0;0;0;0
"United Kingdom";200;2000;Slovakia;317;0;0;0;0;0;0;0;0;0;0;0
"United Kingdom";200;2000;Thailand;800;0;0;0;0;0;0;0;0;0;0;0
"United Kingdom";200;2000;"United States of America";2;0;0;0;0;0;0;0;0;0;0;0
"United Kingdom";200;2001;Bahrain;692;0;0;0;0;0;0;0;0;0;0;0
"United Kingdom";200;2001;Colombia;100;0;0;0;0;0;0;0;0;0;0;0
"United Kingdom";200;2001;Croatia;344;0;0;0;0;0;0;0;0;0;0;0
"United Kingdom";200;2001;Estonia;366;0;0;0;0;0;0;0;0;0;0;0
"United Kingdom";200;2001;France;220;0;0;0;0;0;0;0;0;0;0;0
"United Kingdom";200;2001;Iran;630;0;0;0;0;0;0;0;0;0;0;0
"United Kingdom";200;2001;Ireland;205;0;0;0;0;0;0;0;0;0;0;0
"United Kingdom";200;2001;Lebanon;660;0;0;0;0;0;0;0;0;0;0;0
"United Kingdom";200;2001;Libya;620;0;0;0;0;0;0;0;0;0;0;0
"United Kingdom";200;2001;Slovakia;317;0;0;0;0;0;0;0;0;0;0;0
"United Kingdom";200;2001;Thailand;800;0;0;0;0;0;0;0;0;0;0;0
"United Kingdom";200;2001;"United States of America";2;0;0;0;0;0;0;0;0;0;0;0
"United Kingdom";200;2002;Bahrain;692;0;0;0;0;0;0;0;0;0;0;0
"United Kingdom";200;2002;Colombia;100;0;0;0;0;0;0;0;0;0;0;0
"United Kingdom";200;2002;Croatia;344;0;0;0;0;0;0;0;0;0;0;0
"United Kingdom";200;2002;Estonia;366;0;0;0;0;0;0;0;0;0;0;0
"United Kingdom";200;2002;France;220;0;0;0;0;0;0;0;0;0;0;0
"United Kingdom";200;2002;Iran;630;0;0;0;0;0;0;0;0;0;0;0
"United Kingdom";200;2002;Ireland;205;0;0;0;0;0;0;0;0;0;0;0
"United Kingdom";200;2002;Lebanon;660;0;0;0;0;0;0;0;0;0;0;0
"United Kingdom";200;2002;Libya;620;0;0;0;0;0;0;0;0;0;0;0
"United Kingdom";200;2002;Slovakia;317;0;0;0;0;0;0;0;0;0;0;0
"United Kingdom";200;2002;Thailand;800;0;0;0;0;0;0;0;0;0;0;0
"United Kingdom";200;2002;"United States of America";2;0;0;0;0;0;0;0;0;0;0;0
"United Kingdom";200;2003;Bahrain;692;0;0;0;0;0;0;0;0;0;0;0
"United Kingdom";200;2003;Colombia;100;0;0;0;0;0;0;0;0;0;0;0
"United Kingdom";200;2003;Croatia;344;0;0;0;0;0;0;0;0;0;0;0
"United Kingdom";200;2003;Estonia;366;0;0;0;0;0;0;0;0;0;0;0
"United Kingdom";200;2003;France;220;0;0;0;0;0;0;0;0;0;0;0
"United Kingdom";200;2003;Iran;630;0;0;0;0;0;0;0;0;0;0;0
"United Kingdom";200;2003;Ireland;205;0;0;0;0;0;0;0;0;0;0;0
"United Kingdom";200;2003;Lebanon;660;0;0;0;0;0;0;0;0;0;0;0
"United Kingdom";200;2003;Libya;620;0;0;0;0;0;0;0;0;0;0;0
"United Kingdom";200;2003;Slovakia;317;0;0;0;0;0;0;0;0;0;0;0
"United Kingdom";200;2003;Thailand;800;0;0;0;0;0;0;0;0;0;0;0
"United Kingdom";200;2003;"United States of America";2;0;0;0;0;0;0;0;0;0;0;0
"United Kingdom";200;2004;Bahrain;692;0;0;0;0;0;0;0;0;0;0;0
"United Kingdom";200;2004;Colombia;100;0;0;0;0;0;0;0;0;0;0;0
"United Kingdom";200;2004;Croatia;344;0;0;0;0;0;0;0;0;0;0;0
"United Kingdom";200;2004;Estonia;366;0;0;0;0;0;0;0;0;0;0;0
"United Kingdom";200;2004;France;220;0;0;0;0;0;0;0;0;0;0;0
"United Kingdom";200;2004;Iran;630;0;0;0;0;0;0;0;0;0;0;0
"United Kingdom";200;2004;Ireland;205;0;0;0;0;0;0;0;0;0;0;0
"United Kingdom";200;2004;Lebanon;660;0;0;0;0;0;0;0;0;0;0;0
"United Kingdom";200;2004;Libya;620;0;0;0;0;0;0;0;0;0;0;0
"United Kingdom";200;2004;Slovakia;317;0;0;0;0;0;0;0;0;0;0;0
"United Kingdom";200;2004;Thailand;800;0;0;0;0;0;0;0;0;0;0;0
"United Kingdom";200;2004;"United States of America";2;0;0;0;0;0;0;0;0;0;0;0
"United Kingdom";200;2005;Bahrain;692;0;0;0;0;0;0;0;0;0;0;0
"United Kingdom";200;2005;Colombia;100;0;0;0;0;0;0;0;0;0;0;0
"United Kingdom";200;2005;Croatia;344;0;0;0;0;0;0;0;0;0;0;0
"United Kingdom";200;2005;Estonia;366;0;0;0;0;0;0;0;0;0;0;0
"United Kingdom";200;2005;France;220;0;0;0;0;0;0;0;0;0;0;0
"United Kingdom";200;2005;Iran;630;0;0;0;0;0;0;0;0;0;0;0
"United Kingdom";200;2005;Ireland;205;0;0;0;0;0;0;0;0;0;0;0
"United Kingdom";200;2005;Lebanon;660;0;0;0;0;0;0;0;0;0;0;0
"United Kingdom";200;2005;Libya;620;0;0;0;0;0;0;0;0;0;0;0
"United Kingdom";200;2005;Slovakia;317;0;0;0;0;0;0;0;0;0;0;0
"United Kingdom";200;2005;Thailand;800;0;0;0;0;0;0;0;0;0;0;0
"United Kingdom";200;2005;"United States of America";2;0;0;0;0;0;0;0;0;0;0;0
"United Kingdom";200;2006;Croatia;344;0;0;0;0;0;0;0;0;0;0;0
"United Kingdom";200;2006;France;220;0;0;0;0;0;0;0;0;0;0;0
"United Kingdom";200;2006;Ireland;205;0;0;0;0;0;0;0;0;0;0;0
"United Kingdom";200;2006;Slovakia;317;0;0;0;0;0;0;0;0;0;0;0
"United Kingdom";200;2007;Croatia;344;0;0;0;0;0;0;0;0;0;0;0
"United Kingdom";200;2007;France;220;0;0;0;0;0;0;0;0;0;0;0
"United Kingdom";200;2007;Ireland;205;0;0;0;0;0;0;0;0;0;0;0
"United Kingdom";200;2007;Slovakia;317;0;0;0;0;0;0;0;0;0;0;0
"United Kingdom";200;2008;Croatia;344;0;0;0;0;0;0;0;0;0;0;0
"United Kingdom";200;2008;France;220;0;0;0;0;0;0;0;0;0;0;0
"United Kingdom";200;2008;Ireland;205;0;0;0;0;0;0;0;0;0;0;0
"United Kingdom";200;2008;Slovakia;317;0;0;0;0;0;0;0;0;0;0;0
"United Kingdom";200;2009;Croatia;344;0;0;0;0;0;0;0;0;0;0;0
"United Kingdom";200;2009;France;220;0;0;0;0;0;0;0;0;0;0;0
"United Kingdom";200;2009;Ireland;205;0;0;0;0;0;0;0;0;0;0;0
"United Kingdom";200;2009;Slovakia;317;0;0;0;0;0;0;0;0;0;0;0
"United Kingdom";200;2010;Croatia;344;0;0;0;0;0;0;0;0;0;0;0
"United Kingdom";200;2010;France;220;0;0;0;0;0;0;0;0;0;0;0
"United Kingdom";200;2010;Ireland;205;0;0;0;0;0;0;0;0;0;0;0
"United Kingdom";200;2010;Slovakia;317;0;0;0;0;0;0;0;0;0;0;0
"United States of America";2;1950;Vietnam;816;1;1;0;0;0;1;1;0;0;0;0
"United States of America";2;1951;Vietnam;816;1;1;0;0;0;1;1;0;0;0;0
"United States of America";2;1952;Vietnam;816;1;1;0;0;0;1;1;0;0;0;0
"United States of America";2;1953;Vietnam;816;1;1;0;0;0;1;1;0;0;0;0
"United States of America";2;1954;Vietnam;816;1;1;0;0;0;1;1;0;0;0;0
"United States of America";2;1955;Vietnam;816;1;1;0;0;0;1;1;0;0;0;0
"United States of America";2;1956;Vietnam;816;1;1;0;0;0;1;1;0;0;0;0
"United States of America";2;1957;Vietnam;816;1;1;0;0;0;1;1;0;0;0;0
"United States of America";2;1958;Vietnam;816;1;1;0;0;0;1;1;0;0;0;0
"United States of America";2;1959;Vietnam;816;1;1;0;0;0;1;1;0;0;0;0
"United States of America";2;1960;Vietnam;816;1;1;0;0;0;1;1;0;0;0;0
"United States of America";2;1961;Vietnam;816;1;1;0;0;0;1;1;0;0;0;0
"United States of America";2;1962;Vietnam;816;1;1;0;0;0;1;1;0;0;0;0
"United States of America";2;1963;Vietnam;816;1;1;0;0;0;1;1;0;0;0;0
"United States of America";2;1964;Vietnam;816;1;1;0;0;0;1;1;0;0;0;0
"United States of America";2;1965;Vietnam;816;1;1;0;0;0;1;1;0;0;0;0
"United States of America";2;1966;Vietnam;816;1;1;0;0;0;1;1;0;0;0;0
"United States of America";2;1967;Vietnam;816;1;1;0;0;0;1;1;0;0;0;0
"United States of America";2;1968;Vietnam;816;1;1;0;0;0;1;1;0;0;0;0
"United States of America";2;1969;Vietnam;816;1;1;0;0;0;1;1;0;0;0;0
"United States of America";2;1970;Vietnam;816;1;1;0;0;0;1;1;0;0;0;0
"United States of America";2;1971;Vietnam;816;1;1;0;0;0;1;1;0;0;0;0
"United States of America";2;1972;Vietnam;816;1;1;0;0;0;1;1;0;0;0;0
"United States of America";2;1973;Vietnam;816;1;1;0;0;0;1;1;0;0;0;0
"United States of America";2;1988;Afghanistan;700;0;0;0;0;0;0;0;0;0;0;0
"United States of America";2;1988;Belgium;211;0;0;0;0;0;0;0;0;0;0;0
"United States of America";2;1988;France;220;0;0;0;0;0;0;0;0;0;0;0
"United States of America";2;1988;Germany;255;0;0;0;0;0;0;0;0;0;0;0
"United States of America";2;1988;Iran;630;0;0;0;0;0;0;0;0;0;0;0
"United States of America";2;1988;Italy;325;0;0;0;0;0;0;0;0;0;0;0
"United States of America";2;1988;Kenya;501;0;0;0;0;0;0;0;0;0;0;0
"United States of America";2;1988;Netherlands;210;0;0;0;0;0;0;0;0;0;0;0
"United States of America";2;1988;Pakistan;770;0;0;0;0;0;0;0;0;0;0;0
"United States of America";2;1988;Qatar;694;0;0;0;0;0;0;0;0;0;0;0
"United States of America";2;1988;"Saudi Arabia";670;0;0;0;0;0;0;0;0;0;0;0
"United States of America";2;1988;Spain;230;0;0;0;0;0;0;0;0;0;0;0
"United States of America";2;1988;Sudan;625;0;0;0;0;0;0;0;0;0;0;0
"United States of America";2;1988;Turkey;640;0;0;0;0;0;0;0;0;0;0;0
"United States of America";2;1988;"United Kingdom";200;0;0;0;0;0;0;0;0;0;0;0
"United States of America";2;1989;Afghanistan;700;0;0;0;0;0;0;0;0;0;0;0
"United States of America";2;1989;Belgium;211;0;0;0;0;0;0;0;0;0;0;0
"United States of America";2;1989;France;220;0;0;0;0;0;0;0;0;0;0;0
"United States of America";2;1989;Germany;255;0;0;0;0;0;0;0;0;0;0;0
"United States of America";2;1989;Iran;630;0;0;0;0;0;0;0;0;0;0;0
"United States of America";2;1989;Italy;325;0;0;0;0;0;0;0;0;0;0;0
"United States of America";2;1989;Kenya;501;0;0;0;0;0;0;0;0;0;0;0
"United States of America";2;1989;Netherlands;210;0;0;0;0;0;0;0;0;0;0;0
"United States of America";2;1989;Pakistan;770;0;0;0;0;0;0;0;0;0;0;0
"United States of America";2;1989;Qatar;694;0;0;0;0;0;0;0;0;0;0;0
"United States of America";2;1989;"Saudi Arabia";670;0;0;0;0;0;0;0;0;0;0;0
"United States of America";2;1989;Spain;230;0;0;0;0;0;0;0;0;0;0;0
"United States of America";2;1989;Sudan;625;0;0;0;0;0;0;0;0;0;0;0
"United States of America";2;1989;Turkey;640;0;0;0;0;0;0;0;0;0;0;0
"United States of America";2;1989;"United Kingdom";200;0;0;0;0;0;0;0;0;0;0;0
"United States of America";2;1990;Afghanistan;700;0;0;0;0;0;0;0;0;0;0;0
"United States of America";2;1990;Belgium;211;0;0;0;0;0;0;0;0;0;0;0
"United States of America";2;1990;France;220;0;0;0;0;0;0;0;0;0;0;0
"United States of America";2;1990;Germany;255;0;0;0;0;0;0;0;0;0;0;0
"United States of America";2;1990;Iran;630;0;0;0;0;0;0;0;0;0;0;0
"United States of America";2;1990;Italy;325;0;0;0;0;0;0;0;0;0;0;0
"United States of America";2;1990;Kenya;501;0;0;0;0;0;0;0;0;0;0;0
"United States of America";2;1990;Netherlands;210;0;0;0;0;0;0;0;0;0;0;0
"United States of America";2;1990;Pakistan;770;0;0;0;0;0;0;0;0;0;0;0
"United States of America";2;1990;Qatar;694;0;0;0;0;0;0;0;0;0;0;0
"United States of America";2;1990;"Saudi Arabia";670;0;0;0;0;0;0;0;0;0;0;0
"United States of America";2;1990;Spain;230;0;0;0;0;0;0;0;0;0;0;0
"United States of America";2;1990;Sudan;625;0;0;0;0;0;0;0;0;0;0;0
"United States of America";2;1990;Turkey;640;0;0;0;0;0;0;0;0;0;0;0
"United States of America";2;1990;"United Kingdom";200;0;0;0;0;0;0;0;0;0;0;0
"United States of America";2;1991;Afghanistan;700;0;0;0;0;0;0;0;0;0;0;0
"United States of America";2;1991;Belgium;211;0;0;0;0;0;0;0;0;0;0;0
"United States of America";2;1991;France;220;0;0;0;0;0;0;0;0;0;0;0
"United States of America";2;1991;Germany;255;0;0;0;0;0;0;0;0;0;0;0
"United States of America";2;1991;Iran;630;1;0;0;0;0;1;0;0;1;0;0
"United States of America";2;1991;Italy;325;0;0;0;0;0;0;0;0;0;0;0
"United States of America";2;1991;Kenya;501;0;0;0;0;0;0;0;0;0;0;0
"United States of America";2;1991;Netherlands;210;0;0;0;0;0;0;0;0;0;0;0
"United States of America";2;1991;Pakistan;770;1;0;1;0;0;0;0;0;0;0;0
"United States of America";2;1991;Qatar;694;0;0;0;0;0;0;0;0;0;0;0
"United States of America";2;1991;"Saudi Arabia";670;0;0;0;0;0;0;0;0;0;0;0
"United States of America";2;1991;Spain;230;0;0;0;0;0;0;0;0;0;0;0
"United States of America";2;1991;Sudan;625;1;1;1;1;1;0;1;0;0;0;0
"United States of America";2;1991;Turkey;640;0;0;0;0;0;0;0;0;0;0;0
"United States of America";2;1991;"United Kingdom";200;0;0;0;0;0;0;0;0;0;0;0
"United States of America";2;1992;Afghanistan;700;0;0;0;0;0;0;0;0;0;0;0
"United States of America";2;1992;Belgium;211;0;0;0;0;0;0;0;0;0;0;0
"United States of America";2;1992;France;220;0;0;0;0;0;0;0;0;0;0;0
"United States of America";2;1992;Germany;255;0;0;0;0;0;0;0;0;0;0;0
"United States of America";2;1992;Iran;630;1;0;0;0;0;1;0;0;1;0;0
"United States of America";2;1992;Italy;325;0;0;0;0;0;0;0;0;0;0;0
"United States of America";2;1992;Kenya;501;0;0;0;0;0;0;0;0;0;0;0
"United States of America";2;1992;Netherlands;210;0;0;0;0;0;0;0;0;0;0;0
"United States of America";2;1992;Pakistan;770;1;0;1;0;0;0;0;0;0;0;0
"United States of America";2;1992;Qatar;694;0;0;0;0;0;0;0;0;0;0;0
"United States of America";2;1992;"Saudi Arabia";670;0;0;0;0;0;0;0;0;0;0;0
"United States of America";2;1992;Spain;230;0;0;0;0;0;0;0;0;0;0;0
"United States of America";2;1992;Sudan;625;1;1;1;1;1;0;1;0;0;0;0
"United States of America";2;1992;Turkey;640;0;0;0;0;0;0;0;0;0;0;0
"United States of America";2;1992;"United Kingdom";200;0;0;0;0;0;0;0;0;0;0;0
"United States of America";2;1993;Afghanistan;700;0;0;0;0;0;0;0;0;0;0;0
"United States of America";2;1993;Belgium;211;0;0;0;0;0;0;0;0;0;0;0
"United States of America";2;1993;France;220;0;0;0;0;0;0;0;0;0;0;0
"United States of America";2;1993;Germany;255;0;0;0;0;0;0;0;0;0;0;0
"United States of America";2;1993;Iran;630;1;0;0;0;0;1;0;0;1;0;0
"United States of America";2;1993;Italy;325;0;0;0;0;0;0;0;0;0;0;0
"United States of America";2;1993;Kenya;501;0;0;0;0;0;0;0;0;0;0;0
"United States of America";2;1993;Netherlands;210;0;0;0;0;0;0;0;0;0;0;0
"United States of America";2;1993;Pakistan;770;0;0;0;0;0;0;0;0;0;0;0
"United States of America";2;1993;Qatar;694;0;0;0;0;0;0;0;0;0;0;0
"United States of America";2;1993;"Saudi Arabia";670;0;0;0;0;0;0;0;0;0;0;0
"United States of America";2;1993;Spain;230;0;0;0;0;0;0;0;0;0;0;0
"United States of America";2;1993;Sudan;625;1;1;1;1;1;0;1;0;0;0;0
"United States of America";2;1993;Turkey;640;0;0;0;0;0;0;0;0;0;0;0
"United States of America";2;1993;"United Kingdom";200;0;0;0;0;0;0;0;0;0;0;0
"United States of America";2;1994;Afghanistan;700;0;0;0;0;0;0;0;0;0;0;0
"United States of America";2;1994;Belgium;211;0;0;0;0;0;0;0;0;0;0;0
"United States of America";2;1994;France;220;0;0;0;0;0;0;0;0;0;0;0
"United States of America";2;1994;Germany;255;0;0;0;0;0;0;0;0;0;0;0
"United States of America";2;1994;Iran;630;1;0;0;0;0;1;0;0;1;0;0
"United States of America";2;1994;Italy;325;0;0;0;0;0;0;0;0;0;0;0
"United States of America";2;1994;Kenya;501;0;0;0;0;0;0;0;0;0;0;0
"United States of America";2;1994;Netherlands;210;0;0;0;0;0;0;0;0;0;0;0
"United States of America";2;1994;Pakistan;770;0;0;0;0;0;0;0;0;0;0;0
"United States of America";2;1994;Qatar;694;0;0;0;0;0;0;0;0;0;0;0
"United States of America";2;1994;"Saudi Arabia";670;0;0;0;0;0;0;0;0;0;0;0
"United States of America";2;1994;Spain;230;0;0;0;0;0;0;0;0;0;0;0
"United States of America";2;1994;Sudan;625;1;1;1;1;1;0;1;0;0;0;0
"United States of America";2;1994;Turkey;640;0;0;0;0;0;0;0;0;0;0;0
"United States of America";2;1994;"United Kingdom";200;0;0;0;0;0;0;0;0;0;0;0
"United States of America";2;1995;Afghanistan;700;0;0;0;0;0;0;0;0;0;0;0
"United States of America";2;1995;Belgium;211;0;0;0;0;0;0;0;0;0;0;0
"United States of America";2;1995;France;220;0;0;0;0;0;0;0;0;0;0;0
"United States of America";2;1995;Germany;255;0;0;0;0;0;0;0;0;0;0;0
"United States of America";2;1995;Iran;630;1;0;0;0;0;1;0;0;1;0;0
"United States of America";2;1995;Italy;325;0;0;0;0;0;0;0;0;0;0;0
"United States of America";2;1995;Kenya;501;0;0;0;0;0;0;0;0;0;0;0
"United States of America";2;1995;Netherlands;210;0;0;0;0;0;0;0;0;0;0;0
"United States of America";2;1995;Pakistan;770;0;0;0;0;0;0;0;0;0;0;0
"United States of America";2;1995;Qatar;694;0;0;0;0;0;0;0;0;0;0;0
"United States of America";2;1995;"Saudi Arabia";670;0;0;0;0;0;0;0;0;0;0;0
"United States of America";2;1995;Spain;230;0;0;0;0;0;0;0;0;0;0;0
"United States of America";2;1995;Sudan;625;1;1;1;1;1;0;1;0;0;0;0
"United States of America";2;1995;Turkey;640;0;0;0;0;0;0;0;0;0;0;0
"United States of America";2;1995;"United Kingdom";200;0;0;0;0;0;0;0;0;0;0;0
"United States of America";2;1996;Afghanistan;700;1;1;1;0;1;0;0;0;0;0;0
"United States of America";2;1996;Belgium;211;0;0;0;0;0;0;0;0;0;0;0
"United States of America";2;1996;France;220;0;0;0;0;0;0;0;0;0;0;0
"United States of America";2;1996;Germany;255;0;0;0;0;0;0;0;0;0;0;0
"United States of America";2;1996;Iran;630;1;0;0;0;0;1;0;0;1;0;0
"United States of America";2;1996;Italy;325;0;0;0;0;0;0;0;0;0;0;0
"United States of America";2;1996;Kenya;501;0;0;0;0;0;0;0;0;0;0;0
"United States of America";2;1996;Netherlands;210;0;0;0;0;0;0;0;0;0;0;0
"United States of America";2;1996;Pakistan;770;0;0;0;0;0;0;0;0;0;0;0
"United States of America";2;1996;Qatar;694;0;0;0;0;0;0;0;0;0;0;0
"United States of America";2;1996;"Saudi Arabia";670;0;0;0;0;0;0;0;0;0;0;0
"United States of America";2;1996;Spain;230;0;0;0;0;0;0;0;0;0;0;0
"United States of America";2;1996;Sudan;625;1;1;1;1;1;0;1;0;0;0;0
"United States of America";2;1996;Turkey;640;0;0;0;0;0;0;0;0;0;0;0
"United States of America";2;1996;"United Kingdom";200;0;0;0;0;0;0;0;0;0;0;0
"United States of America";2;1997;Afghanistan;700;1;1;1;0;1;0;0;0;0;0;0
"United States of America";2;1997;Belgium;211;0;0;0;0;0;0;0;0;0;0;0
"United States of America";2;1997;France;220;0;0;0;0;0;0;0;0;0;0;0
"United States of America";2;1997;Germany;255;0;0;0;0;0;0;0;0;0;0;0
"United States of America";2;1997;Iran;630;1;0;0;0;0;1;0;0;1;0;0
"United States of America";2;1997;Italy;325;0;0;0;0;0;0;0;0;0;0;0
"United States of America";2;1997;Kenya;501;0;0;0;0;0;0;0;0;0;0;0
"United States of America";2;1997;Netherlands;210;0;0;0;0;0;0;0;0;0;0;0
"United States of America";2;1997;Pakistan;770;0;0;0;0;0;0;0;0;0;0;0
"United States of America";2;1997;Qatar;694;0;0;0;0;0;0;0;0;0;0;0
"United States of America";2;1997;"Saudi Arabia";670;0;0;0;0;0;0;0;0;0;0;0
"United States of America";2;1997;Spain;230;0;0;0;0;0;0;0;0;0;0;0
"United States of America";2;1997;Sudan;625;0;0;0;0;0;0;0;0;0;0;0
"United States of America";2;1997;Turkey;640;0;0;0;0;0;0;0;0;0;0;0
"United States of America";2;1997;"United Kingdom";200;0;0;0;0;0;0;0;0;0;0;0
"United States of America";2;1998;Afghanistan;700;1;1;1;0;1;0;0;0;0;0;0
"United States of America";2;1998;Belgium;211;0;0;0;0;0;0;0;0;0;0;0
"United States of America";2;1998;France;220;0;0;0;0;0;0;0;0;0;0;0
"United States of America";2;1998;Germany;255;0;0;0;0;0;0;0;0;0;0;0
"United States of America";2;1998;Iran;630;1;0;0;0;0;1;0;0;1;0;0
"United States of America";2;1998;Italy;325;0;0;0;0;0;0;0;0;0;0;0
"United States of America";2;1998;Kenya;501;0;0;0;0;0;0;0;0;0;0;0
"United States of America";2;1998;Netherlands;210;0;0;0;0;0;0;0;0;0;0;0
"United States of America";2;1998;Pakistan;770;0;0;0;0;0;0;0;0;0;0;0
"United States of America";2;1998;Qatar;694;0;0;0;0;0;0;0;0;0;0;0
"United States of America";2;1998;"Saudi Arabia";670;0;0;0;0;0;0;0;0;0;0;0
"United States of America";2;1998;Spain;230;0;0;0;0;0;0;0;0;0;0;0
"United States of America";2;1998;Sudan;625;0;0;0;0;0;0;0;0;0;0;0
"United States of America";2;1998;Turkey;640;0;0;0;0;0;0;0;0;0;0;0
"United States of America";2;1998;"United Kingdom";200;0;0;0;0;0;0;0;0;0;0;0
"United States of America";2;1999;Afghanistan;700;1;1;1;0;1;0;0;0;0;0;0
"United States of America";2;1999;Belgium;211;0;0;0;0;0;0;0;0;0;0;0
"United States of America";2;1999;France;220;0;0;0;0;0;0;0;0;0;0;0
"United States of America";2;1999;Germany;255;0;0;0;0;0;0;0;0;0;0;0
"United States of America";2;1999;Iran;630;1;0;0;0;0;0;0;0;1;0;0
"United States of America";2;1999;Italy;325;0;0;0;0;0;0;0;0;0;0;0
"United States of America";2;1999;Kenya;501;0;0;0;0;0;0;0;0;0;0;0
"United States of America";2;1999;Netherlands;210;0;0;0;0;0;0;0;0;0;0;0
"United States of America";2;1999;Pakistan;770;0;0;0;0;0;0;0;0;0;0;0
"United States of America";2;1999;Qatar;694;0;0;0;0;0;0;0;0;0;0;0
"United States of America";2;1999;"Saudi Arabia";670;0;0;0;0;0;0;0;0;0;0;0
"United States of America";2;1999;Spain;230;0;0;0;0;0;0;0;0;0;0;0
"United States of America";2;1999;Sudan;625;0;0;0;0;0;0;0;0;0;0;0
"United States of America";2;1999;Turkey;640;0;0;0;0;0;0;0;0;0;0;0
"United States of America";2;1999;"United Kingdom";200;0;0;0;0;0;0;0;0;0;0;0
"United States of America";2;2000;Afghanistan;700;1;1;1;0;1;0;0;0;0;0;0
"United States of America";2;2000;Belgium;211;0;0;0;0;0;0;0;0;0;0;0
"United States of America";2;2000;France;220;0;0;0;0;0;0;0;0;0;0;0
"United States of America";2;2000;Germany;255;0;0;0;0;0;0;0;0;0;0;0
"United States of America";2;2000;Iran;630;1;0;0;0;0;0;0;0;1;0;0
"United States of America";2;2000;Italy;325;0;0;0;0;0;0;0;0;0;0;0
"United States of America";2;2000;Kenya;501;0;0;0;0;0;0;0;0;0;0;0
"United States of America";2;2000;Netherlands;210;0;0;0;0;0;0;0;0;0;0;0
"United States of America";2;2000;Pakistan;770;0;0;0;0;0;0;0;0;0;0;0
"United States of America";2;2000;Qatar;694;0;0;0;0;0;0;0;0;0;0;0
"United States of America";2;2000;"Saudi Arabia";670;0;0;0;0;0;0;0;0;0;0;0
"United States of America";2;2000;Spain;230;0;0;0;0;0;0;0;0;0;0;0
"United States of America";2;2000;Sudan;625;0;0;0;0;0;0;0;0;0;0;0
"United States of America";2;2000;Turkey;640;0;0;0;0;0;0;0;0;0;0;0
"United States of America";2;2000;"United Kingdom";200;0;0;0;0;0;0;0;0;0;0;0
"United States of America";2;2001;Afghanistan;700;1;1;1;0;1;0;0;0;0;0;0
"United States of America";2;2001;Belgium;211;0;0;0;0;0;0;0;0;0;0;0
"United States of America";2;2001;France;220;0;0;0;0;0;0;0;0;0;0;0
"United States of America";2;2001;Germany;255;0;0;0;0;0;0;0;0;0;0;0
"United States of America";2;2001;Iran;630;1;0;0;0;0;0;0;0;1;0;0
"United States of America";2;2001;Italy;325;0;0;0;0;0;0;0;0;0;0;0
"United States of America";2;2001;Kenya;501;0;0;0;0;0;0;0;0;0;0;0
"United States of America";2;2001;Netherlands;210;0;0;0;0;0;0;0;0;0;0;0
"United States of America";2;2001;Pakistan;770;0;0;0;0;0;0;0;0;0;0;0
"United States of America";2;2001;Qatar;694;0;0;0;0;0;0;0;0;0;0;0
"United States of America";2;2001;"Saudi Arabia";670;0;0;0;0;0;0;0;0;0;0;0
"United States of America";2;2001;Spain;230;0;0;0;0;0;0;0;0;0;0;0
"United States of America";2;2001;Sudan;625;0;0;0;0;0;0;0;0;0;0;0
"United States of America";2;2001;Turkey;640;0;0;0;0;0;0;0;0;0;0;0
"United States of America";2;2001;"United Kingdom";200;0;0;0;0;0;0;0;0;0;0;0
"United States of America";2;2002;Afghanistan;700;1;1;1;0;1;0;0;0;0;0;0
"United States of America";2;2002;Belgium;211;0;0;0;0;0;0;0;0;0;0;0
"United States of America";2;2002;France;220;0;0;0;0;0;0;0;0;0;0;0
"United States of America";2;2002;Germany;255;0;0;0;0;0;0;0;0;0;0;0
"United States of America";2;2002;Iran;630;1;1;1;0;0;0;0;0;1;0;0
"United States of America";2;2002;Italy;325;0;0;0;0;0;0;0;0;0;0;0
"United States of America";2;2002;Kenya;501;0;0;0;0;0;0;0;0;0;0;0
"United States of America";2;2002;Netherlands;210;0;0;0;0;0;0;0;0;0;0;0
"United States of America";2;2002;Pakistan;770;0;0;0;0;0;0;0;0;0;0;0
"United States of America";2;2002;Qatar;694;0;0;0;0;0;0;0;0;0;0;0
"United States of America";2;2002;"Saudi Arabia";670;0;0;0;0;0;0;0;0;0;0;0
"United States of America";2;2002;Spain;230;0;0;0;0;0;0;0;0;0;0;0
"United States of America";2;2002;Sudan;625;0;0;0;0;0;0;0;0;0;0;0
"United States of America";2;2002;Turkey;640;0;0;0;0;0;0;0;0;0;0;0
"United States of America";2;2002;"United Kingdom";200;0;0;0;0;0;0;0;0;0;0;0
"United States of America";2;2003;Afghanistan;700;0;0;0;0;0;0;0;0;0;0;0
"United States of America";2;2003;Belgium;211;0;0;0;0;0;0;0;0;0;0;0
"United States of America";2;2003;France;220;0;0;0;0;0;0;0;0;0;0;0
"United States of America";2;2003;Germany;255;0;0;0;0;0;0;0;0;0;0;0
"United States of America";2;2003;Iran;630;1;1;1;0;0;0;0;0;1;0;0
"United States of America";2;2003;Italy;325;0;0;0;0;0;0;0;0;0;0;0
"United States of America";2;2003;Kenya;501;0;0;0;0;0;0;0;0;0;0;0
"United States of America";2;2003;Netherlands;210;0;0;0;0;0;0;0;0;0;0;0
"United States of America";2;2003;Pakistan;770;0;0;0;0;0;0;0;0;0;0;0
"United States of America";2;2003;Qatar;694;0;0;0;0;0;0;0;0;0;0;0
"United States of America";2;2003;"Saudi Arabia";670;0;0;0;0;0;0;0;0;0;0;0
"United States of America";2;2003;Spain;230;0;0;0;0;0;0;0;0;0;0;0
"United States of America";2;2003;Sudan;625;0;0;0;0;0;0;0;0;0;0;0
"United States of America";2;2003;Turkey;640;0;0;0;0;0;0;0;0;0;0;0
"United States of America";2;2003;"United Kingdom";200;0;0;0;0;0;0;0;0;0;0;0
"United States of America";2;2004;Afghanistan;700;0;0;0;0;0;0;0;0;0;0;0
"United States of America";2;2004;Belgium;211;0;0;0;0;0;0;0;0;0;0;0
"United States of America";2;2004;France;220;0;0;0;0;0;0;0;0;0;0;0
"United States of America";2;2004;Germany;255;0;0;0;0;0;0;0;0;0;0;0
"United States of America";2;2004;Iran;630;1;1;1;0;0;0;0;0;1;0;0
"United States of America";2;2004;Italy;325;0;0;0;0;0;0;0;0;0;0;0
"United States of America";2;2004;Kenya;501;0;0;0;0;0;0;0;0;0;0;0
"United States of America";2;2004;Netherlands;210;0;0;0;0;0;0;0;0;0;0;0
"United States of America";2;2004;Pakistan;770;0;0;0;0;0;0;0;0;0;0;0
"United States of America";2;2004;Qatar;694;0;0;0;0;0;0;0;0;0;0;0
"United States of America";2;2004;"Saudi Arabia";670;0;0;0;0;0;0;0;0;0;0;0
"United States of America";2;2004;Spain;230;0;0;0;0;0;0;0;0;0;0;0
"United States of America";2;2004;Sudan;625;0;0;0;0;0;0;0;0;0;0;0
"United States of America";2;2004;Turkey;640;0;0;0;0;0;0;0;0;0;0;0
"United States of America";2;2004;"United Kingdom";200;0;0;0;0;0;0;0;0;0;0;0
"United States of America";2;2005;Afghanistan;700;0;0;0;0;0;0;0;0;0;0;0
"United States of America";2;2005;Belgium;211;0;0;0;0;0;0;0;0;0;0;0
"United States of America";2;2005;France;220;0;0;0;0;0;0;0;0;0;0;0
"United States of America";2;2005;Germany;255;0;0;0;0;0;0;0;0;0;0;0
"United States of America";2;2005;Iran;630;1;1;1;0;0;0;0;0;1;0;0
"United States of America";2;2005;Italy;325;0;0;0;0;0;0;0;0;0;0;0
"United States of America";2;2005;Kenya;501;0;0;0;0;0;0;0;0;0;0;0
"United States of America";2;2005;Netherlands;210;0;0;0;0;0;0;0;0;0;0;0
"United States of America";2;2005;Pakistan;770;0;0;0;0;0;0;0;0;0;0;0
"United States of America";2;2005;Qatar;694;0;0;0;0;0;0;0;0;0;0;0
"United States of America";2;2005;"Saudi Arabia";670;0;0;0;0;0;0;0;0;0;0;0
"United States of America";2;2005;Spain;230;0;0;0;0;0;0;0;0;0;0;0
"United States of America";2;2005;Sudan;625;0;0;0;0;0;0;0;0;0;0;0
"United States of America";2;2005;Turkey;640;0;0;0;0;0;0;0;0;0;0;0
"United States of America";2;2005;"United Kingdom";200;0;0;0;0;0;0;0;0;0;0;0
"United States of America";2;2006;Afghanistan;700;0;0;0;0;0;0;0;0;0;0;0
"United States of America";2;2006;Belgium;211;0;0;0;0;0;0;0;0;0;0;0
"United States of America";2;2006;France;220;0;0;0;0;0;0;0;0;0;0;0
"United States of America";2;2006;Germany;255;0;0;0;0;0;0;0;0;0;0;0
"United States of America";2;2006;Iran;630;1;1;1;0;0;0;0;0;1;0;0
"United States of America";2;2006;Italy;325;0;0;0;0;0;0;0;0;0;0;0
"United States of America";2;2006;Kenya;501;0;0;0;0;0;0;0;0;0;0;0
"United States of America";2;2006;Netherlands;210;0;0;0;0;0;0;0;0;0;0;0
"United States of America";2;2006;Pakistan;770;0;0;0;0;0;0;0;0;0;0;0
"United States of America";2;2006;Qatar;694;0;0;0;0;0;0;0;0;0;0;0
"United States of America";2;2006;"Saudi Arabia";670;0;0;0;0;0;0;0;0;0;0;0
"United States of America";2;2006;Spain;230;0;0;0;0;0;0;0;0;0;0;0
"United States of America";2;2006;Sudan;625;0;0;0;0;0;0;0;0;0;0;0
"United States of America";2;2006;Turkey;640;0;0;0;0;0;0;0;0;0;0;0
"United States of America";2;2006;"United Kingdom";200;0;0;0;0;0;0;0;0;0;0;0
"United States of America";2;2007;Afghanistan;700;0;0;0;0;0;0;0;0;0;0;0
"United States of America";2;2007;Belgium;211;0;0;0;0;0;0;0;0;0;0;0
"United States of America";2;2007;France;220;0;0;0;0;0;0;0;0;0;0;0
"United States of America";2;2007;Germany;255;0;0;0;0;0;0;0;0;0;0;0
"United States of America";2;2007;Iran;630;1;1;1;0;0;0;0;0;1;0;0
"United States of America";2;2007;Italy;325;0;0;0;0;0;0;0;0;0;0;0
"United States of America";2;2007;Kenya;501;0;0;0;0;0;0;0;0;0;0;0
"United States of America";2;2007;Netherlands;210;0;0;0;0;0;0;0;0;0;0;0
"United States of America";2;2007;Pakistan;770;0;0;0;0;0;0;0;0;0;0;0
"United States of America";2;2007;Qatar;694;0;0;0;0;0;0;0;0;0;0;0
"United States of America";2;2007;"Saudi Arabia";670;0;0;0;0;0;0;0;0;0;0;0
"United States of America";2;2007;Spain;230;0;0;0;0;0;0;0;0;0;0;0
"United States of America";2;2007;Sudan;625;0;0;0;0;0;0;0;0;0;0;0
"United States of America";2;2007;Turkey;640;0;0;0;0;0;0;0;0;0;0;0
"United States of America";2;2007;"United Kingdom";200;0;0;0;0;0;0;0;0;0;0;0
"United States of America";2;2008;Afghanistan;700;0;0;0;0;0;0;0;0;0;0;0
"United States of America";2;2008;Belgium;211;0;0;0;0;0;0;0;0;0;0;0
"United States of America";2;2008;France;220;0;0;0;0;0;0;0;0;0;0;0
"United States of America";2;2008;Germany;255;0;0;0;0;0;0;0;0;0;0;0
"United States of America";2;2008;Iran;630;1;1;1;0;0;0;0;0;1;0;0
"United States of America";2;2008;Italy;325;0;0;0;0;0;0;0;0;0;0;0
"United States of America";2;2008;Kenya;501;0;0;0;0;0;0;0;0;0;0;0
"United States of America";2;2008;Netherlands;210;0;0;0;0;0;0;0;0;0;0;0
"United States of America";2;2008;Pakistan;770;0;0;0;0;0;0;0;0;0;0;0
"United States of America";2;2008;Qatar;694;0;0;0;0;0;0;0;0;0;0;0
"United States of America";2;2008;"Saudi Arabia";670;0;0;0;0;0;0;0;0;0;0;0
"United States of America";2;2008;Spain;230;0;0;0;0;0;0;0;0;0;0;0
"United States of America";2;2008;Sudan;625;0;0;0;0;0;0;0;0;0;0;0
"United States of America";2;2008;Turkey;640;0;0;0;0;0;0;0;0;0;0;0
"United States of America";2;2008;"United Kingdom";200;0;0;0;0;0;0;0;0;0;0;0
"United States of America";2;2009;Afghanistan;700;0;0;0;0;0;0;0;0;0;0;0
"United States of America";2;2009;Belgium;211;0;0;0;0;0;0;0;0;0;0;0
"United States of America";2;2009;France;220;0;0;0;0;0;0;0;0;0;0;0
"United States of America";2;2009;Germany;255;0;0;0;0;0;0;0;0;0;0;0
"United States of America";2;2009;Iran;630;1;1;1;0;0;0;0;0;1;0;0
"United States of America";2;2009;Italy;325;0;0;0;0;0;0;0;0;0;0;0
"United States of America";2;2009;Kenya;501;0;0;0;0;0;0;0;0;0;0;0
"United States of America";2;2009;Netherlands;210;0;0;0;0;0;0;0;0;0;0;0
"United States of America";2;2009;Pakistan;770;0;0;0;0;0;0;0;0;0;0;0
"United States of America";2;2009;Qatar;694;0;0;0;0;0;0;0;0;0;0;0
"United States of America";2;2009;"Saudi Arabia";670;0;0;0;0;0;0;0;0;0;0;0
"United States of America";2;2009;Spain;230;0;0;0;0;0;0;0;0;0;0;0
"United States of America";2;2009;Sudan;625;0;0;0;0;0;0;0;0;0;0;0
"United States of America";2;2009;Turkey;640;0;0;0;0;0;0;0;0;0;0;0
"United States of America";2;2009;"United Kingdom";200;0;0;0;0;0;0;0;0;0;0;0
"United States of America";2;2010;Afghanistan;700;0;0;0;0;0;0;0;0;0;0;0
"United States of America";2;2010;Belgium;211;0;0;0;0;0;0;0;0;0;0;0
"United States of America";2;2010;France;220;0;0;0;0;0;0;0;0;0;0;0
"United States of America";2;2010;Germany;255;0;0;0;0;0;0;0;0;0;0;0
"United States of America";2;2010;Iran;630;1;1;1;0;0;0;0;0;1;0;0
"United States of America";2;2010;Italy;325;0;0;0;0;0;0;0;0;0;0;0
"United States of America";2;2010;Kenya;501;0;0;0;0;0;0;0;0;0;0;0
"United States of America";2;2010;Netherlands;210;0;0;0;0;0;0;0;0;0;0;0
"United States of America";2;2010;Pakistan;770;0;0;0;0;0;0;0;0;0;0;0
"United States of America";2;2010;Qatar;694;0;0;0;0;0;0;0;0;0;0;0
"United States of America";2;2010;"Saudi Arabia";670;0;0;0;0;0;0;0;0;0;0;0
"United States of America";2;2010;Spain;230;0;0;0;0;0;0;0;0;0;0;0
"United States of America";2;2010;Sudan;625;0;0;0;0;0;0;0;0;0;0;0
"United States of America";2;2010;Turkey;640;0;0;0;0;0;0;0;0;0;0;0
"United States of America";2;2010;"United Kingdom";200;0;0;0;0;0;0;0;0;0;0;0
Uzbekistan;704;1998;Afghanistan;700;1;1;1;1;1;1;0;0;0;0;0
Uzbekistan;704;1998;Pakistan;770;0;0;0;0;0;0;0;0;0;0;0
Uzbekistan;704;1998;"Saudi Arabia";670;0;0;0;0;0;0;0;0;0;0;0
Uzbekistan;704;1998;Tajikistan;702;0;0;0;0;0;0;0;0;0;0;0
Uzbekistan;704;1999;Afghanistan;700;1;1;1;1;1;1;0;0;0;0;0
Uzbekistan;704;1999;Pakistan;770;0;0;0;0;0;0;0;0;0;0;0
Uzbekistan;704;1999;"Saudi Arabia";670;0;0;0;0;0;0;0;0;0;0;0
Uzbekistan;704;1999;Tajikistan;702;0;0;0;0;0;0;0;0;0;0;0
Uzbekistan;704;2000;Afghanistan;700;1;1;1;1;1;1;0;0;0;0;0
Uzbekistan;704;2000;Pakistan;770;0;0;0;0;0;0;0;0;0;0;0
Uzbekistan;704;2000;"Saudi Arabia";670;0;0;0;0;0;0;0;0;0;0;0
Uzbekistan;704;2000;Tajikistan;702;0;0;0;0;0;0;0;0;0;0;0
Uzbekistan;704;2001;Afghanistan;700;1;1;1;1;1;1;0;0;0;0;0
Uzbekistan;704;2001;Pakistan;770;0;0;0;0;0;0;0;0;0;0;0
Uzbekistan;704;2001;"Saudi Arabia";670;0;0;0;0;0;0;0;0;0;0;0
Uzbekistan;704;2001;Tajikistan;702;0;0;0;0;0;0;0;0;0;0;0
Uzbekistan;704;2002;Afghanistan;700;0;0;0;0;0;0;0;0;0;0;0
Uzbekistan;704;2002;"German Federal Republic";260;0;0;0;0;0;0;0;0;0;0;0
Uzbekistan;704;2002;Pakistan;770;1;0;0;0;1;0;0;0;0;0;0
Uzbekistan;704;2002;"Saudi Arabia";670;0;0;0;0;0;0;0;0;0;0;0
Uzbekistan;704;2002;Tajikistan;702;0;0;0;0;0;0;0;0;0;0;0
Uzbekistan;704;2003;Afghanistan;700;0;0;0;0;0;0;0;0;0;0;0
Uzbekistan;704;2003;"German Federal Republic";260;0;0;0;0;0;0;0;0;0;0;0
Uzbekistan;704;2003;Pakistan;770;1;0;0;0;1;0;0;0;0;0;0
Uzbekistan;704;2003;"Saudi Arabia";670;0;0;0;0;0;0;0;0;0;0;0
Uzbekistan;704;2003;Tajikistan;702;0;0;0;0;0;0;0;0;0;0;0
Uzbekistan;704;2004;Afghanistan;700;0;0;0;0;0;0;0;0;0;0;0
Uzbekistan;704;2004;"German Federal Republic";260;0;0;0;0;0;0;0;0;0;0;0
Uzbekistan;704;2004;Pakistan;770;1;0;0;0;1;0;0;0;0;0;0
Uzbekistan;704;2004;"Saudi Arabia";670;0;0;0;0;0;0;0;0;0;0;0
Uzbekistan;704;2004;Tajikistan;702;0;0;0;0;0;0;0;0;0;0;0
Uzbekistan;704;2005;Afghanistan;700;0;0;0;0;0;0;0;0;0;0;0
Uzbekistan;704;2005;"German Federal Republic";260;0;0;0;0;0;0;0;0;0;0;0
Uzbekistan;704;2005;Pakistan;770;1;0;0;0;1;0;0;0;0;0;0
Uzbekistan;704;2005;"Saudi Arabia";670;0;0;0;0;0;0;0;0;0;0;0
Uzbekistan;704;2005;Tajikistan;702;0;0;0;0;0;0;0;0;0;0;0
Uzbekistan;704;2006;Afghanistan;700;0;0;0;0;0;0;0;0;0;0;0
Uzbekistan;704;2006;"German Federal Republic";260;0;0;0;0;0;0;0;0;0;0;0
Uzbekistan;704;2006;Pakistan;770;1;0;0;0;1;0;0;0;0;0;0
Uzbekistan;704;2006;"Saudi Arabia";670;0;0;0;0;0;0;0;0;0;0;0
Uzbekistan;704;2006;Tajikistan;702;0;0;0;0;0;0;0;0;0;0;0
Uzbekistan;704;2007;Afghanistan;700;0;0;0;0;0;0;0;0;0;0;0
Uzbekistan;704;2007;"German Federal Republic";260;0;0;0;0;0;0;0;0;0;0;0
Uzbekistan;704;2007;Pakistan;770;1;0;0;0;1;0;0;0;0;0;0
Uzbekistan;704;2007;"Saudi Arabia";670;0;0;0;0;0;0;0;0;0;0;0
Uzbekistan;704;2007;Tajikistan;702;0;0;0;0;0;0;0;0;0;0;0
Uzbekistan;704;2008;Afghanistan;700;0;0;0;0;0;0;0;0;0;0;0
Uzbekistan;704;2008;"German Federal Republic";260;0;0;0;0;0;0;0;0;0;0;0
Uzbekistan;704;2008;Pakistan;770;1;0;0;0;1;0;0;0;0;0;0
Uzbekistan;704;2008;"Saudi Arabia";670;0;0;0;0;0;0;0;0;0;0;0
Uzbekistan;704;2008;Tajikistan;702;0;0;0;0;0;0;0;0;0;0;0
Uzbekistan;704;2009;Afghanistan;700;0;0;0;0;0;0;0;0;0;0;0
Uzbekistan;704;2009;"German Federal Republic";260;0;0;0;0;0;0;0;0;0;0;0
Uzbekistan;704;2009;Pakistan;770;1;0;0;0;1;0;0;0;0;0;0
Uzbekistan;704;2009;"Saudi Arabia";670;0;0;0;0;0;0;0;0;0;0;0
Uzbekistan;704;2009;Tajikistan;702;0;0;0;0;0;0;0;0;0;0;0
Uzbekistan;704;2010;Afghanistan;700;0;0;0;0;0;0;0;0;0;0;0
Uzbekistan;704;2010;"German Federal Republic";260;0;0;0;0;0;0;0;0;0;0;0
Uzbekistan;704;2010;Pakistan;770;1;0;0;0;1;0;0;0;0;0;0
Uzbekistan;704;2010;"Saudi Arabia";670;0;0;0;0;0;0;0;0;0;0;0
Uzbekistan;704;2010;Tajikistan;702;0;0;0;0;0;0;0;0;0;0;0
Vietnam;816;1954;China;710;1;0;0;0;0;0;0;0;0;0;1
Vietnam;816;1954;"Soviet Union/Russia";365;1;0;0;0;0;0;0;0;0;0;1
Vietnam;816;1954;Vietnam;816;1;0;0;0;0;0;0;0;0;0;1
Vietnam;816;1955;China;710;1;0;0;0;0;0;0;0;0;0;1
Vietnam;816;1955;"Soviet Union/Russia";365;1;0;0;0;0;0;0;0;0;0;1
Vietnam;816;1955;Vietnam;816;1;0;0;0;0;0;0;0;0;0;1
Vietnam;816;1956;China;710;1;0;0;0;0;0;0;0;0;0;1
Vietnam;816;1956;"Soviet Union/Russia";365;1;0;0;0;0;0;0;0;0;0;1
Vietnam;816;1956;Vietnam;816;1;0;0;0;0;0;0;0;0;0;1
Vietnam;816;1957;China;710;1;0;0;0;0;0;0;0;0;0;1
Vietnam;816;1957;"Soviet Union/Russia";365;1;0;0;0;0;0;0;0;0;0;1
Vietnam;816;1957;Vietnam;816;1;0;0;0;0;0;0;0;0;0;1
Vietnam;816;1958;China;710;1;0;0;0;0;0;0;0;0;0;1
Vietnam;816;1958;"Soviet Union/Russia";365;1;0;0;0;0;0;0;0;0;0;1
Vietnam;816;1958;Vietnam;816;1;0;0;0;0;0;0;0;0;0;1
Vietnam;816;1959;China;710;1;0;0;0;0;0;0;0;0;0;1
Vietnam;816;1959;"Soviet Union/Russia";365;1;0;0;0;0;0;0;0;0;0;1
Vietnam;816;1959;Vietnam;816;1;0;0;0;0;0;0;0;0;0;1
Vietnam;816;1960;China;710;1;0;0;0;0;0;0;0;0;0;1
Vietnam;816;1960;"Soviet Union/Russia";365;1;0;0;0;0;0;0;0;0;0;1
Vietnam;816;1960;Vietnam;816;1;0;0;0;0;0;0;0;0;0;1
Vietnam;816;1961;China;710;1;0;0;0;0;0;0;0;0;0;1
Vietnam;816;1961;"Soviet Union/Russia";365;1;0;0;0;0;0;0;0;0;0;1
Vietnam;816;1961;Vietnam;816;1;0;0;0;0;0;0;0;0;0;1
Vietnam;816;1962;China;710;1;0;0;0;0;0;0;0;0;0;1
Vietnam;816;1962;"Soviet Union/Russia";365;1;0;0;0;0;0;0;0;0;0;1
Vietnam;816;1962;Vietnam;816;1;0;0;0;0;0;0;0;0;0;1
Vietnam;816;1963;China;710;1;0;0;0;0;0;0;0;0;0;1
Vietnam;816;1963;"Soviet Union/Russia";365;1;0;0;0;0;0;0;0;0;0;1
Vietnam;816;1963;Vietnam;816;1;0;0;0;0;0;0;0;0;0;1
Vietnam;816;1964;China;710;1;0;0;0;0;0;0;0;0;0;1
Vietnam;816;1964;"Soviet Union/Russia";365;1;0;0;0;0;0;0;0;0;0;1
Vietnam;816;1964;Vietnam;816;1;0;0;0;0;0;0;0;0;0;1
Vietnam;816;1965;China;710;1;0;0;0;0;0;0;0;0;0;1
Vietnam;816;1965;"Soviet Union/Russia";365;1;0;0;0;0;0;0;0;0;0;1
Vietnam;816;1965;Vietnam;816;1;0;0;0;0;0;0;0;0;0;1
Vietnam;816;1966;China;710;1;0;0;0;0;0;0;0;0;0;1
Vietnam;816;1966;"Soviet Union/Russia";365;1;0;0;0;0;0;0;0;0;0;1
Vietnam;816;1966;Vietnam;816;1;0;0;0;0;0;0;0;0;0;1
Vietnam;816;1967;China;710;1;0;0;0;0;0;0;0;0;0;1
Vietnam;816;1967;"Soviet Union/Russia";365;1;0;0;0;0;0;0;0;0;0;1
Vietnam;816;1967;Vietnam;816;1;0;0;0;0;0;0;0;0;0;1
Vietnam;816;1968;China;710;1;0;0;0;0;0;0;0;0;0;1
Vietnam;816;1968;"Soviet Union/Russia";365;1;0;0;0;0;0;0;0;0;0;1
Vietnam;816;1968;Vietnam;816;1;0;0;0;0;0;0;0;0;0;1
Vietnam;816;1969;China;710;1;0;0;0;0;0;0;0;0;0;1
Vietnam;816;1969;"Soviet Union/Russia";365;1;0;0;0;0;0;0;0;0;0;1
Vietnam;816;1969;Vietnam;816;1;0;0;0;0;0;0;0;0;0;1
Vietnam;816;1970;China;710;1;0;0;0;0;0;0;0;0;0;1
Vietnam;816;1970;"Soviet Union/Russia";365;1;0;0;0;0;0;0;0;0;0;1
Vietnam;816;1970;Vietnam;816;1;0;0;0;0;0;0;0;0;0;1
Vietnam;816;1971;China;710;1;0;0;0;0;0;0;0;0;0;1
Vietnam;816;1971;"Soviet Union/Russia";365;1;0;0;0;0;0;0;0;0;0;1
Vietnam;816;1971;Vietnam;816;1;0;0;0;0;0;0;0;0;0;1
Vietnam;816;1972;China;710;1;0;0;0;0;0;0;0;0;0;1
Vietnam;816;1972;"Soviet Union/Russia";365;1;0;0;0;0;0;0;0;0;0;1
Vietnam;816;1972;Vietnam;816;1;0;0;0;0;0;0;0;0;0;1
Vietnam;816;1973;China;710;1;0;0;0;0;0;0;0;0;0;1
Vietnam;816;1973;"Soviet Union/Russia";365;1;0;0;0;0;0;0;0;0;0;1
Vietnam;816;1973;Vietnam;816;1;0;0;0;0;0;0;0;0;0;1
Vietnam;816;1974;China;710;1;0;0;0;0;0;0;0;0;0;1
Vietnam;816;1974;"Soviet Union/Russia";365;1;0;0;0;0;0;0;0;0;0;1
Vietnam;816;1974;Vietnam;816;1;0;0;0;0;0;0;0;0;0;1
Vietnam;816;1975;China;710;1;0;0;0;0;0;0;0;0;0;1
Vietnam;816;1975;"Soviet Union/Russia";365;1;0;0;0;0;0;0;0;0;0;1
Vietnam;816;1975;Vietnam;816;1;0;0;0;0;0;0;0;0;0;1
Yemen;679;1994;"United Kingdom";200;1;0;1;0;0;0;0;0;0;0;0
Yemen;679;1994;"United States of America";2;1;0;1;0;0;0;0;0;0;0;0
"Yemen Arab Republic";678;1962;Israel;666;0;0;0;0;0;0;0;0;0;0;0
"Yemen Arab Republic";678;1962;"Saudi Arabia";670;1;0;0;0;0;0;1;1;1;0;0
"Yemen Arab Republic";678;1962;"United Kingdom";200;1;0;0;0;0;0;1;0;0;0;0
"Yemen Arab Republic";678;1963;Israel;666;1;0;0;0;0;1;0;0;0;0;0
"Yemen Arab Republic";678;1963;"Saudi Arabia";670;1;0;0;0;0;0;1;1;1;0;0
"Yemen Arab Republic";678;1963;"United Kingdom";200;1;0;0;0;0;1;1;0;0;0;1
"Yemen Arab Republic";678;1964;Israel;666;1;0;0;0;0;0;1;0;0;0;0
"Yemen Arab Republic";678;1964;"Saudi Arabia";670;1;0;0;0;0;0;1;1;1;0;0
"Yemen Arab Republic";678;1964;"United Kingdom";200;1;0;0;0;0;0;1;0;0;0;0
"Yemen Arab Republic";678;1965;Israel;666;1;0;0;0;0;0;1;0;0;0;0
"Yemen Arab Republic";678;1965;"Saudi Arabia";670;1;0;0;0;0;0;1;1;1;0;0
"Yemen Arab Republic";678;1965;"United Kingdom";200;0;0;0;0;0;0;0;0;0;0;0
"Yemen Arab Republic";678;1966;Israel;666;1;0;0;0;0;0;1;0;0;0;0
"Yemen Arab Republic";678;1966;"Saudi Arabia";670;1;0;0;0;0;0;1;1;1;0;0
"Yemen Arab Republic";678;1966;"United Kingdom";200;0;0;0;0;0;0;0;0;0;0;0
"Yemen Arab Republic";678;1967;Israel;666;0;0;0;0;0;0;0;0;0;0;0
"Yemen Arab Republic";678;1967;"Saudi Arabia";670;1;0;0;0;0;0;1;1;1;0;0
"Yemen Arab Republic";678;1967;"United Kingdom";200;0;0;0;0;0;0;0;0;0;0;0
"Yemen Arab Republic";678;1968;Israel;666;0;0;0;0;0;0;0;0;0;0;0
"Yemen Arab Republic";678;1968;"Saudi Arabia";670;1;0;0;0;0;0;1;1;1;0;0
"Yemen Arab Republic";678;1968;"United Kingdom";200;0;0;0;0;0;0;0;0;0;0;0
"Yemen Arab Republic";678;1969;Israel;666;0;0;0;0;0;0;0;0;0;0;0
"Yemen Arab Republic";678;1969;"Saudi Arabia";670;1;0;0;0;0;0;1;1;1;0;0
"Yemen Arab Republic";678;1969;"United Kingdom";200;0;0;0;0;0;0;0;0;0;0;0
"Yemen Arab Republic";678;1970;Israel;666;0;0;0;0;0;0;0;0;0;0;0
"Yemen Arab Republic";678;1970;"Saudi Arabia";670;1;0;0;0;0;0;1;1;1;0;0
"Yemen Arab Republic";678;1970;"United Kingdom";200;0;0;0;0;0;0;0;0;0;0;0
"Yemen Arab Republic";678;1976;"Yemen People's Republic";680;1;1;0;1;0;1;1;1;0;0;0
"Yemen Arab Republic";678;1977;"Yemen People's Republic";680;1;1;0;1;0;1;1;1;0;0;0
"Yemen Arab Republic";678;1978;"Yemen People's Republic";680;1;1;1;1;0;1;1;1;0;0;0
"Yemen Arab Republic";678;1979;"Yemen People's Republic";680;1;1;1;1;0;1;1;1;0;1;0
"Yemen Arab Republic";678;1980;"Yemen People's Republic";680;1;1;1;1;0;1;1;1;0;0;0
"Yemen Arab Republic";678;1981;"Yemen People's Republic";680;1;1;1;1;0;1;1;1;0;0;0
"Yemen Arab Republic";678;1982;"Yemen People's Republic";680;1;1;1;1;0;1;1;1;0;0;0
"Yemen Arab Republic";678;2009;"Saudi Arabia";670;0;0;0;0;0;0;0;0;0;0;0
"Yemen Arab Republic";678;2010;"Saudi Arabia";670;0;0;0;0;0;0;0;0;0;0;0
Yugoslavia/Serbia;345;1992;Albania;339;0;0;0;0;0;0;0;0;0;0;0
Yugoslavia/Serbia;345;1992;"United States of America";2;0;0;0;0;0;0;0;0;0;0;0
Yugoslavia/Serbia;345;1993;Albania;339;0;0;0;0;0;0;0;0;0;0;0
Yugoslavia/Serbia;345;1993;"United States of America";2;0;0;0;0;0;0;0;0;0;0;0
Yugoslavia/Serbia;345;1994;Albania;339;0;0;0;0;0;0;0;0;0;0;0
Yugoslavia/Serbia;345;1994;"United States of America";2;0;0;0;0;0;0;0;0;0;0;0
Yugoslavia/Serbia;345;1995;Albania;339;0;0;0;0;0;0;0;0;0;0;0
Yugoslavia/Serbia;345;1995;"United States of America";2;0;0;0;0;0;0;0;0;0;0;0
Yugoslavia/Serbia;345;1996;Albania;339;0;0;0;0;0;0;0;0;0;0;0
Yugoslavia/Serbia;345;1996;"United States of America";2;0;0;0;0;0;0;0;0;0;0;0
Yugoslavia/Serbia;345;1997;Albania;339;1;0;0;0;0;1;0;0;0;0;0
Yugoslavia/Serbia;345;1997;"United States of America";2;0;0;0;0;0;0;0;0;0;0;0
Yugoslavia/Serbia;345;1998;Albania;339;1;0;0;0;0;1;0;0;0;0;0
Yugoslavia/Serbia;345;1998;"United States of America";2;1;0;0;0;0;1;1;0;0;0;0
Yugoslavia/Serbia;345;1999;Albania;339;1;0;0;0;0;1;0;0;0;0;0
Yugoslavia/Serbia;345;1999;"United States of America";2;1;0;0;0;0;1;1;0;0;0;0
Zimbabwe;552;1961;Botswana;571;0;0;0;0;0;0;0;0;0;0;0
Zimbabwe;552;1961;"Soviet Union/Russia";365;0;0;0;0;0;0;0;0;0;0;0
Zimbabwe;552;1961;Sweden;380;0;0;0;0;0;0;0;0;0;0;0
Zimbabwe;552;1961;Tanzania;510;0;0;0;0;0;0;0;0;0;0;0
Zimbabwe;552;1961;"United Kingdom";200;0;0;0;0;0;0;0;0;0;0;0
Zimbabwe;552;1961;Zambia;551;0;0;0;0;0;0;0;0;0;0;0
Zimbabwe;552;1962;Botswana;571;0;0;0;0;0;0;0;0;0;0;0
Zimbabwe;552;1962;"Soviet Union/Russia";365;0;0;0;0;0;0;0;0;0;0;0
Zimbabwe;552;1962;Sweden;380;0;0;0;0;0;0;0;0;0;0;0
Zimbabwe;552;1962;Tanzania;510;0;0;0;0;0;0;0;0;0;0;0
Zimbabwe;552;1962;"United Kingdom";200;0;0;0;0;0;0;0;0;0;0;0
Zimbabwe;552;1962;Zambia;551;0;0;0;0;0;0;0;0;0;0;0
Zimbabwe;552;1963;Botswana;571;0;0;0;0;0;0;0;0;0;0;0
Zimbabwe;552;1963;Mozambique;541;0;0;0;0;0;0;0;0;0;0;0
Zimbabwe;552;1963;"Soviet Union/Russia";365;0;0;0;0;0;0;0;0;0;0;0
Zimbabwe;552;1963;Sweden;380;0;0;0;0;0;0;0;0;0;0;0
Zimbabwe;552;1963;Tanzania;510;0;0;0;0;0;0;0;0;0;0;0
Zimbabwe;552;1963;"United Kingdom";200;0;0;0;0;0;0;0;0;0;0;0
Zimbabwe;552;1963;Zambia;551;0;0;0;0;0;0;0;0;0;0;0
Zimbabwe;552;1964;Botswana;571;0;0;0;0;0;0;0;0;0;0;0
Zimbabwe;552;1964;Mozambique;541;0;0;0;0;0;0;0;0;0;0;0
Zimbabwe;552;1964;"Soviet Union/Russia";365;1;0;0;0;0;1;0;0;0;0;0
Zimbabwe;552;1964;Sweden;380;0;0;0;0;0;0;0;0;0;0;0
Zimbabwe;552;1964;Tanzania;510;0;0;0;0;0;0;0;0;0;0;0
Zimbabwe;552;1964;"United Kingdom";200;0;0;0;0;0;0;0;0;0;0;0
Zimbabwe;552;1964;Zambia;551;2;2;1;1;1;0;0;0;0;0;0
Zimbabwe;552;1965;Botswana;571;0;0;0;0;0;0;0;0;0;0;0
Zimbabwe;552;1965;Mozambique;541;0;0;0;0;0;0;0;0;0;0;0
Zimbabwe;552;1965;"Soviet Union/Russia";365;1;0;0;0;0;1;0;0;0;0;0
Zimbabwe;552;1965;Sweden;380;0;0;0;0;0;0;0;0;0;0;0
Zimbabwe;552;1965;Tanzania;510;0;0;0;0;0;0;0;0;0;0;0
Zimbabwe;552;1965;"United Kingdom";200;0;0;0;0;0;0;0;0;0;0;0
Zimbabwe;552;1965;Zambia;551;2;2;1;1;1;0;0;0;0;0;0
Zimbabwe;552;1966;Botswana;571;2;2;1;0;0;0;0;0;0;0;0
Zimbabwe;552;1966;Mozambique;541;0;0;0;0;0;0;0;0;0;0;0
Zimbabwe;552;1966;"Soviet Union/Russia";365;1;0;0;0;0;1;0;0;0;0;0
Zimbabwe;552;1966;Sweden;380;0;0;0;0;0;0;0;0;0;0;0
Zimbabwe;552;1966;Tanzania;510;0;0;0;0;0;0;0;0;0;0;0
Zimbabwe;552;1966;"United Kingdom";200;1;1;0;0;0;0;0;0;0;0;0
Zimbabwe;552;1966;Zambia;551;2;2;1;2;1;0;0;0;0;0;0
Zimbabwe;552;1967;Botswana;571;2;2;1;0;0;0;0;0;0;0;0
Zimbabwe;552;1967;Mozambique;541;0;0;0;0;0;0;0;0;0;0;0
Zimbabwe;552;1967;"Soviet Union/Russia";365;0;0;0;0;0;0;0;0;0;0;0
Zimbabwe;552;1967;Sweden;380;0;0;0;0;0;0;0;0;0;0;0
Zimbabwe;552;1967;Tanzania;510;0;0;0;0;0;0;0;0;0;0;0
Zimbabwe;552;1967;"United Kingdom";200;0;0;0;0;0;0;0;0;0;0;0
Zimbabwe;552;1967;Zambia;551;2;2;1;2;1;0;0;0;0;0;0
Zimbabwe;552;1968;Botswana;571;2;2;1;0;0;0;0;0;0;0;0
Zimbabwe;552;1968;Mozambique;541;0;0;0;0;0;0;0;0;0;0;0
Zimbabwe;552;1968;"Soviet Union/Russia";365;0;0;0;0;0;0;0;0;0;0;0
Zimbabwe;552;1968;Sweden;380;0;0;0;0;0;0;0;0;0;0;0
Zimbabwe;552;1968;Tanzania;510;0;0;0;0;0;0;0;0;0;0;0
Zimbabwe;552;1968;"United Kingdom";200;0;0;0;0;0;0;0;0;0;0;0
Zimbabwe;552;1968;Zambia;551;2;2;1;2;1;0;0;0;0;0;0
Zimbabwe;552;1969;Botswana;571;2;2;1;0;0;0;0;0;0;0;0
Zimbabwe;552;1969;Mozambique;541;0;0;0;0;0;0;0;0;0;0;0
Zimbabwe;552;1969;"Soviet Union/Russia";365;0;0;0;0;0;0;0;0;0;0;0
Zimbabwe;552;1969;Sweden;380;2;0;0;0;0;0;0;2;0;0;0
Zimbabwe;552;1969;Tanzania;510;0;0;0;0;0;0;0;0;0;0;0
Zimbabwe;552;1969;"United Kingdom";200;0;0;0;0;0;0;0;0;0;0;0
Zimbabwe;552;1969;Zambia;551;2;2;1;2;1;0;0;0;0;0;0
Zimbabwe;552;1970;Botswana;571;2;2;1;0;0;0;0;0;0;0;0
Zimbabwe;552;1970;Mozambique;541;0;0;0;0;0;0;0;0;0;0;0
Zimbabwe;552;1970;"Soviet Union/Russia";365;0;0;0;0;0;0;0;0;0;0;0
Zimbabwe;552;1970;Sweden;380;2;0;0;0;0;0;0;2;0;0;0
Zimbabwe;552;1970;Tanzania;510;0;0;0;0;0;0;0;0;0;0;0
Zimbabwe;552;1970;"United Kingdom";200;1;0;0;1;0;0;0;0;0;0;0
Zimbabwe;552;1970;Zambia;551;2;2;1;2;1;0;0;0;0;0;0
Zimbabwe;552;1971;Botswana;571;2;2;1;0;0;0;0;0;0;0;0
Zimbabwe;552;1971;Mozambique;541;0;0;0;0;0;0;0;0;0;0;0
Zimbabwe;552;1971;"Soviet Union/Russia";365;0;0;0;0;0;0;0;0;0;0;0
Zimbabwe;552;1971;Sweden;380;2;0;0;0;0;0;0;2;0;0;0
Zimbabwe;552;1971;Tanzania;510;0;0;0;0;0;0;0;0;0;0;0
Zimbabwe;552;1971;"United Kingdom";200;1;0;0;1;0;0;0;0;0;0;0
Zimbabwe;552;1971;Zambia;551;2;2;1;2;1;0;0;0;0;0;0
Zimbabwe;552;1972;Botswana;571;2;2;1;0;0;0;0;0;0;0;0
Zimbabwe;552;1972;Mozambique;541;0;0;0;0;0;0;0;0;0;0;0
Zimbabwe;552;1972;"Soviet Union/Russia";365;0;0;0;0;0;0;0;0;0;0;0
Zimbabwe;552;1972;Sweden;380;2;0;0;0;0;0;0;2;0;0;0
Zimbabwe;552;1972;Tanzania;510;0;0;0;0;0;0;0;0;0;0;0
Zimbabwe;552;1972;"United Kingdom";200;1;0;0;1;0;0;0;0;0;0;0
Zimbabwe;552;1972;Zambia;551;2;2;1;2;1;0;0;0;0;0;0
Zimbabwe;552;1973;Botswana;571;2;2;1;0;0;0;0;0;0;0;0
Zimbabwe;552;1973;Mozambique;541;0;0;0;0;0;0;0;0;0;0;0
Zimbabwe;552;1973;"Soviet Union/Russia";365;0;0;0;0;0;0;0;0;0;0;0
Zimbabwe;552;1973;Sweden;380;2;0;0;0;0;0;0;2;0;0;0
Zimbabwe;552;1973;Tanzania;510;0;0;0;0;0;0;0;0;0;0;0
Zimbabwe;552;1973;"United Kingdom";200;1;0;0;1;0;0;0;0;0;0;0
Zimbabwe;552;1973;Zambia;551;2;2;1;2;1;0;0;0;0;0;0
Zimbabwe;552;1974;Botswana;571;2;2;1;0;0;0;0;0;0;0;0
Zimbabwe;552;1974;Mozambique;541;0;0;0;0;0;0;0;0;0;0;0
Zimbabwe;552;1974;"Soviet Union/Russia";365;0;0;0;0;0;0;0;0;0;0;0
Zimbabwe;552;1974;Sweden;380;2;0;0;0;0;0;0;2;0;0;0
Zimbabwe;552;1974;Tanzania;510;0;0;0;0;0;0;0;0;0;0;0
Zimbabwe;552;1974;"United Kingdom";200;1;0;0;1;0;0;0;0;0;0;0
Zimbabwe;552;1974;Zambia;551;2;2;1;2;1;0;0;0;0;0;0
Zimbabwe;552;1975;Botswana;571;2;2;1;0;0;0;0;0;0;0;0
Zimbabwe;552;1975;Mozambique;541;1;1;0;1;1;0;0;0;0;0;0
Zimbabwe;552;1975;"Soviet Union/Russia";365;0;0;0;0;0;0;0;0;0;0;0
Zimbabwe;552;1975;Sweden;380;2;0;0;0;0;0;0;2;0;0;0
Zimbabwe;552;1975;Tanzania;510;0;0;0;0;0;0;0;0;0;0;0
Zimbabwe;552;1975;"United Kingdom";200;1;0;0;1;0;0;0;0;0;0;0
Zimbabwe;552;1975;Zambia;551;2;2;1;2;1;0;0;0;0;0;0
Zimbabwe;552;1976;Botswana;571;2;2;1;0;0;0;0;0;0;0;0
Zimbabwe;552;1976;Mozambique;541;2;1;0;1;2;0;0;0;0;0;0
Zimbabwe;552;1976;"Soviet Union/Russia";365;0;0;0;0;0;0;0;0;0;0;0
Zimbabwe;552;1976;Sweden;380;3;0;0;0;0;0;0;3;0;0;0
Zimbabwe;552;1976;Tanzania;510;0;0;0;0;0;0;0;0;0;0;0
Zimbabwe;552;1976;"United Kingdom";200;1;0;0;1;0;0;0;0;0;0;0
Zimbabwe;552;1976;Zambia;551;3;2;0;1;1;0;0;0;0;0;0
Zimbabwe;552;1977;Botswana;571;2;2;1;0;0;0;0;0;0;0;0
Zimbabwe;552;1977;Mozambique;541;2;1;0;1;2;0;0;0;0;0;0
Zimbabwe;552;1977;"Soviet Union/Russia";365;0;0;0;0;0;0;0;0;0;0;0
Zimbabwe;552;1977;Sweden;380;3;0;0;0;0;0;0;3;0;0;0
Zimbabwe;552;1977;Tanzania;510;0;0;0;0;0;0;0;0;0;0;0
Zimbabwe;552;1977;"United Kingdom";200;1;0;0;1;0;0;0;0;0;0;0
Zimbabwe;552;1977;Zambia;551;3;2;1;1;1;0;0;0;0;0;0
Zimbabwe;552;1978;Botswana;571;2;2;1;0;0;0;0;0;0;0;0
Zimbabwe;552;1978;Mozambique;541;2;1;0;1;2;0;0;0;0;0;0
Zimbabwe;552;1978;"Soviet Union/Russia";365;0;0;0;0;0;0;0;0;0;0;0
Zimbabwe;552;1978;Sweden;380;3;0;0;0;0;0;0;3;0;0;0
Zimbabwe;552;1978;Tanzania;510;0;0;0;0;0;0;0;0;0;0;0
Zimbabwe;552;1978;"United Kingdom";200;1;0;0;1;0;0;0;0;0;0;0
Zimbabwe;552;1978;Zambia;551;3;2;0;1;1;0;0;0;0;0;0
Zimbabwe;552;1979;Botswana;571;2;2;1;0;0;0;0;0;0;0;0
Zimbabwe;552;1979;Mozambique;541;2;1;0;1;2;0;0;0;0;0;0
Zimbabwe;552;1979;"Soviet Union/Russia";365;0;0;0;0;0;0;0;0;0;0;0
Zimbabwe;552;1979;Sweden;380;3;0;0;0;0;0;0;3;0;0;0
Zimbabwe;552;1979;Tanzania;510;0;0;0;0;0;0;0;0;0;0;0
Zimbabwe;552;1979;"United Kingdom";200;1;0;0;1;0;0;0;0;0;0;0
Zimbabwe;552;1979;Zambia;551;3;2;0;1;1;0;0;0;0;0;0
Zimbabwe;552;1980;Botswana;571;2;2;1;0;0;0;0;0;0;0;0
Zimbabwe;552;1980;Mozambique;541;2;1;0;1;2;0;0;0;0;0;0
Zimbabwe;552;1980;"Soviet Union/Russia";365;0;0;0;0;0;0;0;0;0;0;0
Zimbabwe;552;1980;Sweden;380;3;0;0;0;0;0;0;3;0;0;0
Zimbabwe;552;1980;Tanzania;510;0;0;0;0;0;0;0;0;0;0;0
Zimbabwe;552;1980;"United Kingdom";200;1;0;0;1;0;0;0;0;0;0;0
Zimbabwe;552;1980;Zambia;551;3;2;0;1;1;0;0;0;0;0;0
